max(BA091_AccDaily),max(BA093_AccDaily),max(BA108_AccDaily),max(KE095_AccDaily),max(KE096_AccDaily),max(ME094_AccDaily),max(ME097_AccDaily),max(ME098_AccDaily),max(ME099_AccDaily),max(ME100_AccDaily),max(ME101_AccDaily),max(ME102_AccDaily),max(ME103_AccDaily),max(ME104_AccDaily),max(ME107_AccDaily),the_date
0,0,0,0,0,0,0,0,0,0,0,0,0,0,0,2014-02-13
0,0,0,0,0,0,0,0,0,0,0,0,0,0,0,2014-02-14
0,0,0,0,0,0,0,0,0,0,0,0,0,0,0,2014-02-15
0,0,0,0,0,0,0,0,0,0,0,0,0,0,0,2014-02-16
0,0,0,0,0,0,0,0,0,0,0,0,0,0,0,2014-02-17
0,0,0,0,0,0,0,0,0,0,0,0,0,0,0,2014-02-18
0,0,0,0,0,0,0,0,0,0,0,0,0,0,0,2014-02-19
0,0,0,0,0,0,0,0,0,0,0,0,0,0,0,2014-02-20
0,0,0,0,0,0,0,0,0,0,0,0,0,0,0,2014-02-21
0,0,0,0,0,0,0,0,0,0,0,0,0,0,0,2014-02-22
0,0,0,0,0,0,0,0,0,0,0,0,0,0,0,2014-02-23
0,0,0,0,0,0,0,0,0,0,0,0,0,0,0,2014-02-24
0,0,0,0,0,0,0,0,0,0,0,0,0,0,0,2014-02-25
0.22,0.24,0.21,0.16,0,0.2,0.13,0.28,0.02,0,0.2,0.21,0.3,0,0,2014-02-26
0.22,0.24,0.21,0.16,0,0.2,0.13,0.28,0.02,0,0.2,0.21,0.3,0,0,2014-02-27
0.04,0,0,0,0,0,0,0,0,0,0,0,0,0,0,2014-02-28
0,0,0,0,0,0,0,0,0,0,0,0,0,0,0,2014-03-01
0.01,0,0,0,0,0,0,0,0.01,0,0,0,0,0,0,2014-03-02
0.01,0,0,0,0,0,0,0,0.01,0,0,0,0,0,0,2014-03-03
0.01,0,0.05,0.21,0,0,0.03,0,0.01,0,0.11,0.03,0.01,0,0,2014-03-04
0.01,0,0.05,0.21,0,0,0.03,0,0.01,0,0.11,0.03,0.01,0,0,2014-03-05
0,0,0,0,0,0,0.01,0,0,0,0,0,0,0,0,2014-03-06
0,0,0,0,0,0,0.01,0,0,0,0,0,0,0,0,2014-03-07
0.02,0,0,0.02,0,0.06,0.08,0.1,0.09,0,0.06,0,0.01,0,0,2014-03-08
0,0,0,0.02,0,0.06,0.08,0.1,0.09,0,0.06,0.1,0.09,0,0,2014-03-09
0.14,0.24,0.05,0.03,0,0.2,0.07,0.13,0.05,0,0.1,0.1,0.12,0,0,2014-03-10
0.14,0.24,0.05,0.03,0,0.2,0.07,0.13,0.05,0,0.1,0.09,0.12,0,0,2014-03-11
0,0,0,0.03,0,0.01,0.03,0.03,0.01,0,0.03,0,0,0,0,2014-03-12
0,0,0,0,0,0,0,0,0,0,0,0,0,0,0,2014-03-13
0,0,0,0,0,0,0,0,0,0,0,0,0,0,0,2014-03-14
0,0,0,0,0,0,0,0,0.02,0,0,0,0,0,0,2014-03-15
0,0,0,0,0,0,0,0,0.02,0,0,0,0,0,0,2014-03-16
0,0,0,0,0,0,0,0,0,0,0,0,0,0,0,2014-03-17
0,0,0,0,0,0,0,0,0,0,0,0,0,0,0,2014-03-18
0,0,0,0,0,0,0,0,0,0,0,0,0,0,0,2014-03-19
0,0,0,0,0,0,0,0,0,0,0,0,0,0,0,2014-03-20
0,0,0,0,0,0,0,0,0,0,0,0,0,0,0,2014-03-21
0,0,0,0,0,0,0.01,0,0,0,0,0,0,0,0,2014-03-22
0,0,0,0,0,0,0.01,0,0,0,0,0,0,0,0,2014-03-23
0.19,0.01,0,0.25,0,0,0.13,0,0.45,0,0,0,0,0,0,2014-03-24
0.19,0.01,0,0.25,0,0,0.13,0,0.45,0,0,0,0,0,0,2014-03-25
0.03,0.03,0,0,0,0.36,0.05,0.29,0,0,0.03,0.02,0.02,0,0,2014-03-26
0.02,0.09,0.03,0.05,0,0.36,0.05,0.29,0.04,0,0.08,0.13,0.1,0,0,2014-03-27
0.02,0.09,0.03,0.6,0,0.04,0.05,0.09,0.04,0,0.08,0.13,0.1,0,0,2014-03-28
0,0,0,0.6,0,0,0,0,0,0,0.01,0,0,0,0,2014-03-29
0,0,0,0,0,0,0,0,0,0,0,0,0,0,0,2014-03-30
0,0,0,0,0,0,0,0,0,0,0,0,0,0,0,2014-03-31
0,0,0,0,0,0,0,0,0,0,0,0,0,0,0,2014-04-01
0,0,0,0,0,0,0.58,0.58,0,0,0,0,0,0,0,2014-04-02
0,0,0,0,0,0,0.58,0.58,0,0,0,0,0,0,0,2014-04-03
0,0,0,0,0,0,0.01,0,0,0,0,0,0,0,0,2014-04-04
0,0,0,0,0,0,0,0,0,0,0,0,0,0,0,2014-04-05
0.12,0,0,0.16,0,0.03,0.07,0.03,0.37,0,0.05,0,0.02,0,0,2014-04-06
0.51,0,0.53,0.16,0,0.09,0.67,0.04,0.37,0,0.27,0.29,0.06,0,0,2014-04-07
0.51,0.64,0.53,0,0,0.09,0.67,0.04,0.61,0,0.27,0.29,0.59,0,0,2014-04-08
0,0.64,0,0,0,0.01,0,0,0.61,0,0,0,0.59,0,0,2014-04-09
0,0.02,0,0,0,0,0,0,0,0,0,0,0,0,0,2014-04-10
0,0,0,0,0,0,0,0,0,0,0,0,0,0,0,2014-04-11
0,0,0,0,0,0,0,0,0,0,0,0,0,0,0,2014-04-12
0,0,0,0,0,0,0,0,0,0,0,0,0,0,0,2014-04-13
0.04,0.04,0.23,0.01,0,1.34,0.45,0.74,0.09,0,0.46,0.05,0.13,0,0,2014-04-14
0.04,0.04,0.23,0.01,0,1.34,0.45,0.74,0.09,0,0.46,0.05,0.13,0,0,2014-04-15
0,0,0,0,0,0,0,0,0,0,0,0,0,0,0,2014-04-16
0,0,0,0,0,0,0,0,0,0,0,0,0,0,0,2014-04-17
0,0,0,0,0,0,0.01,0,0,0,0,0,0,0,0,2014-04-18
0,0,0,0,0,0,0.01,0,0,0,0,0,0,0,0,2014-04-19
0,0.16,0.04,0,0,0,0,0,0,0,0,0.02,0.05,0,0,2014-04-20
0,0.16,0.04,0,0,0,0,0,0,0,0,0.02,0.05,0,0,2014-04-21
0,0.01,0.09,0,0,0,0,0,0,0,0,0,0,0,0,2014-04-22
0,0,0.09,0,0,0,0,0,0,0,0,0,0,0,0,2014-04-23
0,0,0,0,0,0,0,0,0,0,0,0,0,0,0,2014-04-24
0,0,0,0,0,0,0,0,0,0,0,0,0,0,0,2014-04-25
0,0,0,0,0,0,0,0,0,0,0,0,0,0,0,2014-04-26
0,0,0,0,0,0,0,0,0,0,0,0,0,0,0,2014-04-27
0,0,0,0,0,0,0,0,0,0,0,0,0,0,0,2014-04-28
0,0,0,0,0,0,0,0,0,0,0,0,0,0,0,2014-04-29
0,0,0,0,0,0,0,0,0,0,0,0,0,0,0,2014-04-30
0,0,0,0,0,0,0,0,0,0,0,0,0,0,0,2014-05-01
0,0,0,0,0,0,0,0,0,0,0,0,0,0,0,2014-05-02
0,0,0,0,0,0,0,0,0,0,0,0,0,0,0,2014-05-03
0,0,0,0,0,0,0,0,0,0,0,0,0,0,0,2014-05-04
0,0,0,0,0,0,0,0,0,0,0,0,0,0,0,2014-05-05
0,0,0,0,0,0,0,0,0,0,0,0,0,0,0,2014-05-06
0,0,0,0,0,0,0,0,0,0,0,0,0,0,0,2014-05-07
0,0,0,0,0,0,0,0,0,0,0,0,0,0,0,2014-05-08
0.69,1.01,0.69,0.92,0,0.14,0.1,0.1,0.22,0,0.17,0.16,0.18,0,0,2014-05-09
0.69,1.01,0.69,0.92,0,0.14,0.1,0.1,0.22,0,0.17,0.16,0.18,0,0,2014-05-10
0.01,0,0,0,0,0,0,0,0.01,0,0,0.05,0,0,0,2014-05-11
0,0,0,0,0,0,0,0.01,0,0,0.01,0,0,0,0,2014-05-12
0.23,0.18,0.74,2.88,0,2.3,2.22,1.42,1.56,0,1.6,0.92,1.57,0,0,2014-05-13
0.23,0.18,0.74,2.88,0,2.3,2.22,1.42,1.56,0,1.6,0.92,1.57,0,0,2014-05-14
0,0,0,0.03,0,0,0,0,0,0,0,0,0,0,0,2014-05-15
0,0,0,0.03,0,0,0,0,0,0,0,0,0,0,0,2014-05-16
0,0,0,0,0,0,0,0,0,0,0,0,0,0,0,2014-05-17
0,0,0,0,0,0,0,0,0,0,0,0,0,0,0,2014-05-18
0,0,0,0,0,0,0,0,0,0,0,0,0,0,0,2014-05-19
0,0,0,0,0,0,0,0,0,0,0,0,0,0,0,2014-05-20
0,0,0,0,0,0,0,0,0,0,0,0,0,0,0,2014-05-21
0,0.08,0,0,0,0,0,0,0,0,0,0,0,0,0,2014-05-22
0.01,0.12,0.02,0,0,0.04,0,0.08,0,0,0.04,0.08,0.1,0,0,2014-05-23
0.01,0.12,0.06,0.07,0,0.04,0.01,0.08,0.03,0,0.04,0.08,0.1,0,0,2014-05-24
0.17,0.23,1.06,0.15,0,0.01,0.01,0,0.06,0,0.05,0.04,0.52,0,0,2014-05-25
0.17,0.23,2.73,2.38,0,2.02,3.55,3.11,0.23,0,4.25,4.61,2.08,0,0,2014-05-26
0.23,0,2.73,2.38,0,2.02,3.55,3.11,0.23,0,4.25,4.61,2.08,0,0,2014-05-27
0.23,0.04,0.06,0.4,0,0.05,0.06,0.06,0.1,0,0.41,0.04,0.14,0,0,2014-05-28
0,0.04,0,0,0,0.05,0.01,0.06,0.05,0,0,0,0.02,0,0,2014-05-29
0,0,0,0,0,0,0,0,0.01,0,0,0,0,0,0,2014-05-30
0,0,0,0,0,0,0,0,0.01,0,0,0,0,0,0,2014-05-31
0,0,0,0,0,0,0,0,0.01,0,0,0,0,0,0,2014-06-01
0,0,0,0,0,0,0,0,0.01,0,0,0,0,0,0,2014-06-02
0,0,0,0,0,0,0,0,0,0,0,0,0,0,0,2014-06-03
0,0,0,0,0,0,0,0,0,0,0,0,0,0,0,2014-06-04
0,0,0,0,0,0,0,0,0,0,0,0,0,0,0,2014-06-05
0,0,0,0,0,0,0,0,0,0,0,0,0,0,0,2014-06-06
0,0,0,0,0,0,0,0,0,0,0,0,0,0,0,2014-06-07
0.05,0.05,0.07,0,0,0.01,0.19,0.01,0,0,0.12,0.1,0.01,0,0,2014-06-08
0.05,0.18,0.34,0.23,0,0.25,0.93,0.23,0,0,0.4,0.3,0.17,0,0,2014-06-09
0,0.18,0.34,0.23,0,0.57,0.93,0.23,0,0,0.4,0.3,0.17,0,0,2014-06-10
0,0.04,0,0,0,0.57,0,0,0,0,0,0.28,0,0,0,2014-06-11
0,0.04,0,0,0,0.01,0,0,0,0,0,0.06,0,0,0,2014-06-12
0,0.03,0,0,0,0,0.06,0.08,0,0,0.18,0.3,0.11,0,0,2014-06-13
0,0.03,0.63,0,0,0.09,0.06,0.08,0,0,0.18,0.3,0.51,0,0,2014-06-14
0,0.3,0.63,0,0,0.09,0.05,0,0,0,0,0.14,0.51,0,0,2014-06-15
0,0.01,0,0,0,0,0.05,0,0,0,0,0,0,0,0,2014-06-16
0,0,0,0,0,0,0,0,0,0,0,0,0,0,0,2014-06-17
0,0,0,0,0,0,0,0,0,0,0,0,0,0,0,2014-06-18
0,0.23,0.42,0.1,0,0.01,0,0.01,0,0,0,0,0.28,0,0,2014-06-19
0,0.23,0.42,0.1,0,0.01,0,0.01,0,0,0,0,0.28,0,0,2014-06-20
0,0.04,0.05,0.03,0,0,0,0,0,0,0,0,0.02,0,0,2014-06-21
0,0,0,0.23,0,0,0.2,0.03,0.17,0,0.05,0,0,0,0,2014-06-22
0.03,0,0,0.23,0,0,0.2,0.03,0.17,0,0.05,0,0,0,0,2014-06-23
0.03,0,0,0,0,0,0,0,0.06,0,0,0,0,0,0,2014-06-24
0.03,0.23,0.56,0.16,0,1.16,0.88,0.29,0.01,0,0.18,0.36,0,0,0,2014-06-25
0.02,0.17,0.02,0,0,0,0,0,0,0,0,0,0.34,0,0,2014-06-26
0.02,0.17,0.02,0,0,0,0,0.01,0,0,0,0,0.34,0,0,2014-06-27
0.02,0.04,0,0.04,0,0,0,0.01,0,0,0,0,0,0,0,2014-06-28
0.02,0,0,0.04,0,0,0,0,0,0,0,0,0,0,0,2014-06-29
0.02,0,0,0.03,0,0,0,0,0,0,0,0,0,0,0,2014-06-30
0.01,0,0,0.01,0,0,0,0,0,0,0,0,0,0,0,2014-07-01
0,0,0,0,0,0,0,0,0,0,0,0,0,0,0,2014-07-02
0,0,0,0,0,0,0,0,0,0,0,0,0,0,0,2014-07-03
0,0,0,0,0,0,0,0,0,0,0,0,0,0,0,2014-07-04
0,0,0,0.24,0,0,0,0,0,0,0,0,0,0,0,2014-07-05
0,0.19,0,0.24,0,0,0,0,0,0,0,0,0.35,0,0,2014-07-06
0,0.02,0,0.03,0,0,0,0,0,0,0,0,0.35,0,0,2014-07-07
0,0.02,0,0.03,0,0,0,0,0,0,0,0,0,0,0,2014-07-08
0.01,0,0.21,0.02,0,0,0,0.2,0,0,0,0,0.13,0,0,2014-07-09
0.01,0,0.21,0,0,0,0,0.2,0,0,0,0,0.13,0,0,2014-07-10
0.01,0.01,0.03,0,0,0,0,0,0,0,0,0,0,0,0,2014-07-11
0.01,0.01,0.03,0,0,0,0,0,0,0,0,0,0,0,0,2014-07-12
0.01,0,0,0,0,0,0,0,0,0,0,0,0,0,0,2014-07-13
0.01,0,0,0,0,0,0,0,0,0,0,0,0,0,0,2014-07-14
0.01,0.07,0.44,0,0,0,0,0,0,0,0,0,0.03,0,0,2014-07-15
0.01,0.07,0.44,0,0,0,0,0,0,0,0,0,0.03,0,0,2014-07-16
0.01,0.06,0.06,0,0,0,0,0,0,0,0,0.01,0.03,0,0,2014-07-17
0.23,0.14,0.06,0.23,0,1.05,1.32,1.62,1.02,0,1.03,1.15,0.97,0,0,2014-07-18
0.23,0.14,0.01,0.23,0,1.05,1.32,1.62,1.03,0,1.03,1.15,0.97,0,0,2014-07-19
0,0.04,0,0.04,0,0,0,0,0.28,0,0,0,0,0,0,2014-07-20
0,0,0,0,0,0,0,0,0.15,0,0,0,0,0,0,2014-07-21
0,0,0,0,0,0,0,0,0.07,0,0,0,0,0,0,2014-07-22
0,0,0,0,0,0,0,0,0,0,0,0,0,0,0,2014-07-23
0,0.11,0.26,0,0,0,0,0,0,0,0,0,0,0,0,2014-07-24
0,0.11,0.26,0,0,0,0,0,0,0,0,0,0,0,0,2014-07-25
0,0.04,0,0,0,0,0,0,0,0,0,0,0,0,0,2014-07-26
0,0,0,0,0,0,0,0,0,0,0,0,0,0,0,2014-07-27
0,0,0,0,0,0,0,0,0,0,0,0,0,0,0,2014-07-28
0,0,0,0,0,0,0,0,0,0,0,0,0,0,0,2014-07-29
0,0,0,0,0,0,0,0,0,0,0,0,0,0,0,2014-07-30
0,0,0,0.05,0,0,0,0,0,0,0,0,0.01,0,0,2014-07-31
0.04,0.22,0,0.07,0,0,0,0,0,0,0,0,0.01,0,0,2014-08-01
0.04,0.22,0,0.07,0,0,0,0,0,0,0,0,0,0,0,2014-08-02
0.03,0,0,0.03,0,0,0,0,0,0,0,0,0,0,0,2014-08-03
0.02,0,0,0,0,0,0,0,0,0,0,0,0,0,0,2014-08-04
0.02,0,0,0,0,0,0,0,0,0,0,0,0,0,0,2014-08-05
0.02,0,0,0,0,0,0,0,0,0,0,0,0,0,0,2014-08-06
0.01,0,0,0,0,0,0,0,0,0,0,0,0,0,0,2014-08-07
0,0,0,0,0,0,0,0,0,0,0,0,0,0,0,2014-08-08
0,0,0,0,0,0,0,0,0,0,0,0,0,0,0,2014-08-09
0,0,0,0,0,0,0,0,0,0,0,0,0,0,0,2014-08-10
0.8,0,0,0,0,0,0.57,0,0,0,0,0,0,0,0,2014-08-11
0.8,0,0.2,0,0,0.01,0.57,0.16,0,0,0.94,0.21,0,0,0,2014-08-12
0.1,0,0.2,0.58,0,0.01,0.24,0.16,0.69,0,0.94,0.21,0,0,0,2014-08-13
0,0,0.02,0.58,0,0.01,0,0,0.69,0,0,0,0,0,0,2014-08-14
0,0,0,0.02,0,0,0,0,0.07,0,0,0,0,0,0,2014-08-15
0,0,0,0,0,0,0,0,0,0,0,0,0,0,0,2014-08-16
0,0,0,0,0,0,0,0,0,0,0,0,0,0,0,2014-08-17
0,0,0,0,0,0,0,0,0,0,0,0,0,0,0,2014-08-18
3.15,0.23,3.53,0.81,0,0,0.19,0.02,0.33,0,0.55,2.34,1.97,0,0,2014-08-19
3.15,0.23,3.53,0.81,0,0,0.19,0.02,0.33,0,0.55,2.34,1.97,0,0,2014-08-20
0,0,0.55,0,0,0,0,0,0,0,0,0,1.97,0,0,2014-08-21
0,0,0.02,0,0,0,0,0,0,0,0,0,1.97,0,0,2014-08-22
0,0,0,0,0,0,0,0,0,0,0,0,1.97,0,0,2014-08-23
0,0,0,0,0,0,0,0,0,0,0,0,1.97,0,0,2014-08-24
0,0,0,0,0,0,0,0,0,0,0,0,1.97,0,0,2014-08-25
0,0,0,0.2,0,0,0,0,0,0,0,0,0.54,0,0,2014-08-26
0,0,0,0.2,0,0,0,0,0,0,0,0.28,0,0,0,2014-08-27
0,0,0,0,0,0,0,0,0,0,0,0.28,0,0,0,2014-08-28
0,0,0,0,0,0,0,0,0,0,0,0,0,0,0,2014-08-29
0,0,0,0,0,0,0,0,0,0,0,0,0,0,0,2014-08-30
0,0,0,0,0,0,0,0,0,0,0,0,0,0,0,2014-08-31
0,0,0,0,0,0,0,0,0,0,0,0,0,0,0,2014-09-01
0,0,0,0,0,0,0,0,0,0,0,0,0,0,0,2014-09-02
0.58,0.04,0,0,0,0.49,0.3,0.01,0.08,0,0,0,0.03,0,0,2014-09-03
0.58,0.04,0.97,0,0,0.61,0.3,0.18,0.49,0,0.21,0.11,0.03,0,0,2014-09-04
0.94,0.01,0.97,0.59,0,0.61,0.13,0.18,0.52,0,0.21,0.11,0,0,0,2014-09-05
0.94,0,0,0.59,0,0.02,0,0,0.52,0,0.03,0.01,0,0,0,2014-09-06
2,0.24,0.3,0.73,0,0,0,0,0,0,0,0.32,1.23,0,0,2014-09-07
2,0.24,0.3,0.73,0,0,0,0,0,0,0,0.32,1.23,0,0,2014-09-08
0,0.24,0,0,0,0,0,0,0,0,0,0,0,0,0,2014-09-09
0,4.58,0,0,0,0,0,0,0,0,0,0,0,0,0,2014-09-10
0,4.58,0,0,0,0,0,0,0,0,0,0,0,0,0,2014-09-11
0.11,0.01,0,0.49,0,0,0.4,0,0.03,0,0.2,0.36,0.02,0,0,2014-09-12
0.17,0,0,0.66,0,0,0.4,0,0.04,0,0.3,0.36,0.08,0,0,2014-09-13
0.17,0,0,0.66,0,0,0.02,0,0.04,0,0.05,0.19,0.08,0,0,2014-09-14
0,0.58,0,0,0,0,0,0,0,0,0,0,0,0,0,2014-09-15
0,0.58,0,0,0,0,0,0,0,0,0,0,0,0,0,2014-09-16
0.02,0.01,0,0.03,0,0,0.06,0.05,0.2,0,0.07,0.48,0.35,0,0,2014-09-17
0.02,0,0,0.03,0,0,0.06,0.05,0.2,0,0.07,0.48,0.35,0,0,2014-09-18
0,0,0,0.01,0,1.07,0.01,0.87,0,0,0.08,0,0,0,0,2014-09-19
0,0,0,0.01,0,1.07,0.02,0.87,0,0,0.08,0,0,0,0,2014-09-20
0,0,0,0,0,0.1,0.02,0,0,0,0.08,0,0,0,0,2014-09-21
0,0,0,0,0,0,0.01,0,0,0,0,0,0,0,0,2014-09-22
0,0,0,0,0,0,0,0,0,0,0,0,0,0,0,2014-09-23
0,0,0,0,0,0,0,0,0,0,0,0,0,0,0,2014-09-24
0,0,0,0,0,0,0,0,0,0,0,0,0,0,0,2014-09-25
0.61,0.23,0.04,0.44,0,0.38,0.12,0.22,0.11,0,0.16,1.14,0.65,0,0,2014-09-26
0.78,0.43,0.95,0.6,0,0.4,0.52,0.61,0.63,0,1.12,1.14,0.66,0,0,2014-09-27
0.78,0.43,0.95,0.6,0,0.33,0.52,0.61,0.63,0,1.12,0.35,0.48,0,0,2014-09-28
0,0,0,0,0,0,0,0,0,0,0,0,0,0,0,2014-09-29
0,0,0,0,0,0,0,0,0,0,0,0,0,0,0,2014-09-30
0,0,0,0,0,0,0,0,0,0,0,0,0,0,0,2014-10-01
0,0,0,0,0,0,0,0,0,0,0,0,0,0,0,2014-10-02
0,0,0,0,0,0,0,0,0,0,0,0,0,0,0,2014-10-03
0,0,0,0,0,0,0,0,0,0,0,0,0,0,0,2014-10-04
0,0,0,0,0,0,0,0,0,0,0,0,0,0,0,2014-10-05
0,0,0,0,0,0,0,0,0,0,0,0,0,0,0,2014-10-06
0,0,0,0,0,0,0,0,0,0,0,0,0,0,0,2014-10-07
0,0,0,0,0,0,0,0,0,0,0,0,0,0,0,2014-10-08
0,0,0,0.01,0,0,0,0,0,0,0,0,0,0,0,2014-10-09
0,0,0,0.01,0,0,0,0,0,0,0,0,0,0,0,2014-10-10
0.99,0.4,0.35,1.07,0,0.04,1.19,0.01,0.65,0,0.91,0.3,0.3,0,0,2014-10-11
0.99,0.4,0.35,1.07,0,0.04,1.19,0.01,0.65,0,0.91,0.3,0.3,0,0,2014-10-12
0.04,0,0,0.03,0,0,0,0,0.02,0,0.02,0.03,0,0,0,2014-10-13
0,0,0,0,0,0,0,0,0,0,0,0,0,0,0,2014-10-14
0,0,0,0,0,0,0,0,0,0,0,0,0,0,0,2014-10-15
0,0,0,0,0,0,0,0,0,0,0,0,0,0,0,2014-10-16
0,0,0,0,0,0,0,0,0,0,0,0,0,0,0,2014-10-17
0,0,0,0,0,0,0,0,0,0,0,0,0,0,0,2014-10-18
0,0,0,0,0,0,0,0,0,0,0,0,0,0,0,2014-10-19
0,0,0,0,0,0,0,0,0,0,0,0,0,0,0,2014-10-20
0,0,0,0,0,0,0,0,0,0,0,0,0,0,0,2014-10-21
0,0,0,0,0,0,0,0,0,0,0,0,0,0,0,2014-10-22
0.08,0.01,0.07,0.11,0,0,0.08,0,0.1,0,0.06,0.11,0.05,0,0,2014-10-23
0.08,0.01,0.07,0.11,0,0,0.08,0,0.1,0,0.06,0.11,0.05,0,0,2014-10-24
0,0,0,0,0,0,0,0,0,0,0,0,0,0,0,2014-10-25
0,0,0,0,0,0,0,0,0,0,0,0,0,0,0,2014-10-26
0,0,0,0,0,0,0,0,0,0,0,0,0,0,0,2014-10-27
0,0,0,0,0,0,0,0,0,0,0,0,0,0,0,2014-10-28
0,0,0,0,0,0,0,0.03,0,0,0.01,0,0,0,0,2014-10-29
0,0,0,0,0,0,0,0.03,0,0,0.01,0,0,0,0,2014-10-30
1.09,0.43,1.24,1.97,0,1.04,0.3,0.64,0.66,0,1.04,0.73,0.93,0,0,2014-10-31
1.09,0.43,1.24,1.97,0,1.04,0.3,0.64,0.66,0,1.04,0.73,0.93,0,0,2014-11-01
0,0,0,0,0,0,0,0,0,0,0,0,0,0,0,2014-11-02
0,0,0,0,0,0,0,0,0,0,0,0,0,0,0,2014-11-03
0,0,0.06,0,0,0,0,0,0,0,0,0,0,0,0,2014-11-04
2.18,1.93,1.87,2.13,0,2.95,2.47,1.97,1.57,0,1.92,1.76,1.8,0,0,2014-11-05
2.21,1.95,1.87,2.13,0,2.95,2.47,1.99,1.57,0,1.92,1.77,1.81,0,0,2014-11-06
0.36,0.06,0.02,0.43,0,0.83,0.61,0.59,0.4,0,0.54,0.35,0.17,0,0,2014-11-07
0,0,0,0,0,0,0,0,0,0,0,0,0,0,0,2014-11-08
0,0,0,0,0,0,0,0,0,0,0,0,0,0,0,2014-11-09
0,0,0,0,0,0,0,0,0,0,0,0,0,0,0,2014-11-10
0,0,0,0,0,0,0,0,0,0,0,0,0,0,0,2014-11-11
0,0,0,0,0,0,0,0,0,0,0,0,0,0,0,2014-11-12
0,0,0,0,0,0,0,0,0,0,0,0,0,0,0,2014-11-13
0,0,0,0,0,0,0,0,0,0,0,0,0,0,0,2014-11-14
0,0,0,0,0,0,0,0,0,0,0,0,0,0,0,2014-11-15
0,0,0,0,0,0,0,0,0,0,0,0,0,0,0,2014-11-16
0,0,0,0,0,0,0,0,0,0,0,0,0,0,0,2014-11-17
0,0,0,0,0,0,0,0,0,0,0,0,0,0,0,2014-11-18
0,0,0,0,0,0,0,0,0,0,0,0,0,0,0,2014-11-19
0,0,0,0,0,0.05,0,0,0,0,0,0,0,0,0,2014-11-20
0,0,0,0,0,0.05,0.01,0.02,0.01,0,0.01,0,0,0,0,2014-11-21
0.41,0.06,0.17,0.87,0,0.19,0.46,0.05,0.6,0,0.14,0.31,0.12,0,0,2014-11-22
0.41,0.07,0.17,0.87,0,0.19,0.46,0.52,0.6,0,0.14,0.31,0.12,0,0,2014-11-23
0.13,0.07,0.04,0.07,0,0.07,0.24,0.52,0.08,0,0.12,0.06,0.02,0,0,2014-11-24
0,0.03,0,0,0,0.5,0,0.54,0,0,0.51,0,0,0,0,2014-11-25
0,0,0,0,0,0.5,0,0.54,0,0,0.51,0,0,0,0,2014-11-26
0,0,0,0,0,0,0,0,0,0,0,0,0,0,0,2014-11-27
0,0,0,0,0,0,0,0,0,0,0,0,0,0,0,2014-11-28
0,0,0,0,0,0,0,0,0,0,0,0,0,0,0,2014-11-29
0,0,0,0,0,0,0,0,0,0,0,0,0,0,0,2014-11-30
0,0,0,0,0,0,0,0,0,0,0,0,0,0,0,2014-12-01
0,0,0,0,0,0,0,0,0,0,0,0,0,0,0,2014-12-02
0,0,0,0,0,0,0,0,0,0,0,0,0,0,0,2014-12-03
0,0,0,0,0,0,0,0,0,0,0,0,0,0,0,2014-12-04
0.02,0,0,0.02,0,0.01,0.01,0,0.03,0,0,0,0,0,0,2014-12-05
0.02,0,0,0.02,0,0.01,0.01,0,0.03,0,0,0,0,0,0,2014-12-06
0,0,0,0,0,0,0,0,0,0,0,0,0,0,0,2014-12-07
0,0,0,0,0,0,0,0,0,0,0,0,0,0,0,2014-12-08
0,0,0,0,0,0,0,0,0,0,0,0.53,0,0,0,2014-12-09
0,0,0,0,0,0,0,0,0,0,0,0.53,0,0,0,2014-12-10
0.03,0.08,0.02,0.01,0,0.26,0.2,0.15,0.14,0,0.13,0.07,0.05,0,0,2014-12-11
0,0.08,0.02,0.01,0,0.26,0.2,0.15,0.14,0,0.13,0.07,0.05,0,0,2014-12-12
0,0.01,0,0,0,0,0,0,0.01,0,0,0,0,0,0,2014-12-13
0,0,0,0,0,0,0,0,0,0,0,0,0,0,0,2014-12-14
0,0,0,0,0,0,0,0,0,0,0,0,0,0,0,2014-12-15
0,0,0,0,0,0,0,0,0,0,0,0,0,0,0,2014-12-16
0.07,0.08,0.05,0.2,0,0,0,0.01,0.1,0,0.01,0.11,0.08,0,0,2014-12-17
0.07,0.08,0.05,0.21,0,0,0,0.01,0.1,0,0.02,0.12,0.08,0,0,2014-12-18
0.11,0.01,0.02,0.07,0,0.02,0,0,0.1,0,0.12,0.03,0,0,0,2014-12-19
0.11,0,0,0.07,0,0.02,0,0,0.1,0,0.12,0.03,0,0,0,2014-12-20
0,0,0,0,0,0,0,0,0,0,0,0,0,0,0,2014-12-21
0,0,0,0,0,0,0,0,0,0,0,0,0,0,0,2014-12-22
0,0,0.01,0,0,0,0,0,0,0,0,0,0,0,0,2014-12-23
0,0,0.01,0,0,0,0,0,0,0,0,0,0,0,0,2014-12-24
0,0,0,0,0,0,0,0,0,0,0,0,0,0,0,2014-12-25
0,0,0,0,0,0,0,0,0,0,0,0,0,0,0,2014-12-26
0,0,0,0,0,0,0,0.03,0,0,0,0,0,0,0,2014-12-27
0.13,0.04,0.04,0.13,0,0.27,0.27,0.39,0.04,0,0.18,0.07,0.09,0,0,2014-12-28
0.13,0.04,0.04,0.13,0,0.27,0.27,0.39,0.04,0,0.18,0.07,0.09,0,0,2014-12-29
0,0,0,0,0,0,0,0,0,0,0,0,0,0,0,2014-12-30
0.01,0,0.01,0,0,0,0,0.01,0,0,0,0,0,0,0,2014-12-31
0.33,0.42,0.17,0.56,0,0.02,0.03,0.05,0.16,0,0.14,0.29,0.69,0,0,2015-01-01
0.33,0.42,0.17,0.56,0,0.02,0.03,0.05,0.16,0,0.14,0.29,0.69,0,0,2015-01-02
0.43,0.05,0.06,0.46,0,0.56,0.62,0.45,0.45,0,0.51,0.44,0.3,0,0,2015-01-03
0.43,0.05,0.06,0.46,0,0.56,0.62,0.45,0.45,0,0.51,0.44,0.3,0,0,2015-01-04
0,0,0,0,0,0,0,0,0,0,0,0,0,0,0,2015-01-05
0,0,0,0,0,0,0,0,0,0,0,0,0,0,0,2015-01-06
0,0,0,0,0,0,0,0,0,0,0,0,0,0,0,2015-01-07
0,0,0,0,0,0,0,0,0,0,0,0,0,0,0,2015-01-08
0.03,0,0,0.01,0,0,0,0,0.01,0,0,0.03,0,0,0,2015-01-09
0.1,0.11,0.3,0.07,0,0.11,0.07,0.07,0.06,0,0.07,0.13,0.17,0,0,2015-01-10
0.1,0.12,0.3,0.07,0,0.13,0.19,0.13,0.09,0,0.07,0.13,0.17,0,0,2015-01-11
0.07,0.12,0.14,0,0,0.13,0.19,0.13,0.09,0,0.06,0.06,0.05,0,0,2015-01-12
0,0,0,0,0,0,0,0,0,0,0,0,0,0,0,2015-01-13
0,0,0,0,0,0,0,0,0,0,0,0,0,0,0,2015-01-14
0,0,0,0,0,0,0,0,0,0,0,0,0,0,0,2015-01-15
0,0,0,0,0,0,0,0,0,0,0,0,0,0,0,2015-01-16
0,0,0,0,0,0,0,0,0,0,0,0,0,0,0,2015-01-17
0,0,0,0,0,0,0,0,0,0,0,0,0,0,0,2015-01-18
0,0,0,0,0,0,0,0,0,0,0,0,0,0,0,2015-01-19
0,0,0,0,0,0,0,0,0,0,0,0,0,0,0,2015-01-20
0,0,0.01,0,0,0,0,0,0,0,0.09,0,0,0,0.01,2015-01-21
2.34,2.37,1.27,1.9,0,1.61,1.54,1.33,0.8,0,1.15,1.38,1.61,0,2.01,2015-01-22
2.34,2.37,1.27,1.9,0,1.61,1.54,1.33,0.8,0,1.15,1.38,1.61,0,2.01,2015-01-23
0,0.12,0.2,0.18,0,0.02,0.09,0.04,0.04,0,0.19,0.09,0.1,0,0.14,2015-01-24
0,0,0,0,0,0,0,0,0,0,0,0,0,0,0,2015-01-25
0,0,0,0,0,0,0,0,0,0,0,0,0,0,0,2015-01-26
0,0,0,0,0,0,0,0,0,0,0,0,0,0,0,2015-01-27
0,0,0,0,0,0,0,0,0,0,0,0,0,0,0,2015-01-28
0,0,0,0,0,0,0,0,0,0,0,0,0,0,0,2015-01-29
0,0,0,0,0,0,0,0,0,0,0,0,0,0,0,2015-01-30
0.38,0.38,0.41,0.29,0,0.22,0.31,0.17,0.34,0,0.29,0.26,0.26,0,0.45,2015-01-31
0.38,0.38,0.41,0.3,0,0.22,0.31,0.17,0.34,0,0.29,0.26,0.26,0,0.45,2015-02-01
0,0,0.01,0,0,0,0.01,0,0,0,0,0,0,0,0.01,2015-02-02
0.24,0.19,0.09,0.18,0,0.23,0.25,0.2,0.22,0,0.23,0.23,0.27,0,0.19,2015-02-03
0.24,0.19,0.09,0.18,0,0.23,0.25,0.2,0.22,0,0.23,0.23,0.27,0,0.19,2015-02-04
0,0.01,0,0.02,0,0.03,0.03,0.02,0.02,0,0.02,0.01,0.02,0,0.02,2015-02-05
0,0,0,0,0,0,0,0,0,0,0,0,0,0,0,2015-02-06
0,0,0,0,0,0,0,0,0,0,0,0,0,0,0,2015-02-07
0,0,0,0,0,0,0,0,0,0,0,0,0,0,0,2015-02-08
0,0,0,0,0,0,0,0,0,0,0,0,0,0,0,2015-02-09
0,0,0,0,0,0,0,0,0,0,0,0,0,0,0,2015-02-10
0,0,0,0,0,0,0,0,0,0,0,0,0,0,0,2015-02-11
0,0,0,0,0,0,0,0,0,0,0,0,0,0,0,2015-02-12
0,0,0,0,0,0,0,0,0,0,0,0,0,0,0,2015-02-13
0,0,0,0,0,0,0,0,0,0,0,0,0,0,0,2015-02-14
0,0,0,0,0,0.03,0,0.02,0,0,0,0,0,0,0,2015-02-15
0,0,0,0,0,0.03,0,0.02,0,0,0,0,0,0,0,2015-02-16
0.02,0.01,0,0,0,0.03,0.01,0.04,0.04,0,0.04,0.03,0.04,0,0.04,2015-02-17
0.02,0.01,0,0,0,0.03,0.01,0.04,0.04,0,0.04,0.03,0.04,0,0.04,2015-02-18
0,0,0,0,0,0,0,0,0,0,0,0,0,0,0,2015-02-19
0,0,0,0,0,0,0,0,0,0,0,0,0,0,0,2015-02-20
0,0,0,0,0,0,0,0,0,0,0,0,0,0,0,2015-02-21
0,0,0,0,0,0,0,0,0,0,0,0,0,0,0,2015-02-22
0.02,0,0,0,0,0,0,0,0,0,0,0,0.01,0,0,2015-02-23
0.02,0,0,0,0,0,0,0,0,0,0,0,0.01,0,0,2015-02-24
0,0,0,0,0,0,0.51,0.54,0,0,0,0,0,0,0,2015-02-25
0,0,0,0,0,0,0.51,0.54,0,0,0,0,0,0,0,2015-02-26
0.03,0,0,0,0,0,0.01,0,0,0,0.01,0,0,0,0,2015-02-27
0.11,0.07,0.17,0.1,0,0.04,0.07,0.08,0.03,0,0.1,0.05,0.06,0,0.12,2015-02-28
0.11,0.07,0.17,0.13,0,0.07,0.09,0.08,0.07,0,0.1,0.05,0.06,0,0.14,2015-03-01
0.04,0.04,0.02,0.13,0,0.07,0.09,0.05,0.07,0,0.03,0.05,0.02,0,0.14,2015-03-02
0.02,0.06,0.04,0.02,0,0,0.02,0.01,0.01,0,0.01,0.04,0.07,0,0.05,2015-03-03
0.07,0.06,0.05,0.03,0,0.01,0.01,0.02,0.02,0,0.02,0.05,0.07,0,0.03,2015-03-04
0.07,0.27,0.15,0.14,0,0.01,0.01,0.06,0.02,0,0.07,0.05,0.07,0,0.03,2015-03-05
0.07,0.27,0.15,0.14,0,0,0.01,0.06,0,0,0.07,0.01,0.05,0,0.03,2015-03-06
0,0,0,0,0,0,0,0,0,0,0,0,0,0,0,2015-03-07
0.17,0.07,0.04,0.07,0,0.44,0.21,0.32,0.18,0,0.17,0.15,0.13,0,0.16,2015-03-08
0.42,0.26,0.25,0.55,0,0.49,0.47,0.39,0.44,0,0.4,0.37,0.28,0,0.63,2015-03-09
0.42,0.26,0.25,0.55,0,0.49,0.47,0.39,0.44,0,0.4,0.37,0.28,0,0.63,2015-03-10
0,0,0,0,0,0,0,0,0,0,0,0,0,0,0,2015-03-11
0,0,0,0,0,0,0,0,0,0,0,0,0,0,0,2015-03-12
0,0,0,0,0,0,0,0,0,0,0,0,0,0,0,2015-03-13
0,0,0,0,0,0,0,0,0,0,0,0,0,0,0,2015-03-14
0,0,0,0,0,0,0,0,0,0,0,0,0,0,0,2015-03-15
0,0,0,0,0,0,0,0,0,0,0,0,0,0,0,2015-03-16
0.03,0.08,0.05,0.02,0,0.05,0.06,0.04,0.05,0,0.05,0.07,0.09,0,0.02,2015-03-17
0.03,0.08,0.05,0.02,0,0.06,0.06,0.04,0.05,0,0.05,0.07,0.09,0,0.04,2015-03-18
0,0,0.01,0.01,0,0.06,0.04,0,0.01,0,0,0,0,0,0.04,2015-03-19
0,0.03,0.01,0.01,0,0.04,0,0.07,0.01,0,0,0,0,0,0,2015-03-20
1.66,0.76,0.67,1.11,0,1.83,1.22,1.52,0.75,0,1.15,0.95,1.03,0,0.95,2015-03-21
1.66,0.76,0.67,1.11,0,1.83,1.22,1.52,0.75,0,1.15,0.95,1.03,0,0.95,2015-03-22
0,0,0,0.03,0,0,0,0,0,0,0,0,0,0,0,2015-03-23
0,0,0,0,0,0,0,0,0,0,0,0,0,0,0,2015-03-24
0,0,0,0,0,0,0,0,0,0,0,0,0,0,0,2015-03-25
0.02,0,0.1,0,0,0.04,0.01,0.17,0,0,0.05,0,0,0,0.05,2015-03-26
0.02,0,0.1,0,0,0.04,0.01,0.17,0,0,0.05,0,0,0,0.05,2015-03-27
0,0,0,0,0,0,0,0,0,0,0,0,0,0,0,2015-03-28
0,0,0,0,0,0,0,0,0,0,0,0,0,0,0,2015-03-29
0,0,0,0,0,0,0,0,0,0,0,0,0,0,0,2015-03-30
0,0,0,0,0,0,0,0,0,0,0,0,0,0,0,2015-03-31
0,0,0,0,0,0,0,0,0,0,0,0,0,0,0,2015-04-01
0,0,0,0,0,0,0,0,0,0,0,0,0,0,0,2015-04-02
0,0,0,0,0,0,0,0,0,0,0,0,0,0,0,2015-04-03
0,0,0,0,0,0,0,0,0,0,0,0,0,0,0,2015-04-04
0,0,0,0,0,0,0,0,0,0,0,0,0,0,0,2015-04-05
0,0,0,0,0,0,0,0,0,0,0,0,0,0,0,2015-04-06
0.57,0,0.56,0,0,0,0,0,0.55,0,0,0,0,0,0,2015-04-07
0.57,0,0.56,0,0,0,0,0,0.55,0,0,0,0,0,0,2015-04-08
0,0,0,0.03,0,0,0,0,0,0,0,0,0,0,0,2015-04-09
0.69,0.27,0.11,0.56,0,0.34,1.07,1.02,0.72,0,0.44,0.47,0.61,0,0.28,2015-04-10
0.69,0.27,0.11,0.56,0,0.34,1.07,1.02,0.72,0,0.44,0.47,0.61,0,0.28,2015-04-11
0,0.33,0.04,0,0,0.31,0.04,0.14,0.02,0,0.03,0.05,0.31,0,0.32,2015-04-12
0.16,0.49,1.11,0.15,0,0.38,0.58,0.39,0.1,0,0.21,0.22,0.31,0,0.55,2015-04-13
0.16,0.49,1.11,0.15,0,0.38,0.58,0.39,0.1,0,0.21,0.22,0.3,0,0.55,2015-04-14
0,0,0,0,0,0,0,0,0,0,0,0,0,0,0,2015-04-15
0.03,0.43,0.13,0.3,0,0,0.01,0,0.55,0,0.34,0.15,0,0,0.85,2015-04-16
1.27,0.87,1.38,0.69,0,0.06,0.03,0.02,0.55,0,0.34,0.25,0.87,0,0.85,2015-04-17
1.27,0.87,1.38,0.69,0,0.08,0.04,0.04,0.23,0,0.04,0.25,0.87,0,0.49,2015-04-18
0.07,0,0,0.24,0,0.08,0.04,0.04,0.01,0,0.02,0,0,0,0.01,2015-04-19
0,0,0,0,0,0,0,0,0,0,0,0,0,0,0,2015-04-20
0,0,0,0,0,0,0,0,0,0,0,0,0,0,0,2015-04-21
0.08,0.14,0,0,0,0.73,0.94,0.65,0.08,0,0.83,0.18,0.11,0,0.13,2015-04-22
0.08,0.14,0,0,0,0.73,0.94,0.65,0.08,0,0.83,0.18,0.11,0,0.13,2015-04-23
0.13,0.2,1.23,0.28,0,1.27,0.27,0.63,0.34,0,0.08,0.21,0.42,0,0.4,2015-04-24
0.13,0.2,1.23,0.28,0,1.64,0.38,1.66,0.34,0,0.19,0.21,0.42,0,0.4,2015-04-25
0.13,0,0.02,0.03,0,1.64,0.38,1.66,0.09,0,0.19,0.18,0.22,0,0.08,2015-04-26
0.95,0.27,0.49,0.39,0,0.32,0.4,0.59,0.22,0,0.72,0.79,0.72,0,0.58,2015-04-27
0.95,0.27,0.49,0.47,0,0.32,0.4,0.59,0.22,0,0.72,0.79,0.72,0,0.58,2015-04-28
0,0.54,0,0.47,0,0,0,0,0,0,0,0.58,0.53,0,0,2015-04-29
0,0.54,0,0,0,0,0,0,0,0,0,0,0.53,0,0,2015-04-30
0,0.01,0,0,0,0,0,0,0,0,0,0,0,0,0,2015-05-01
0,0,0,0,0,0,0,0,0,0,0,0,0,0,0,2015-05-02
0,0,0,0,0,0,0,0,0,0,0,0,0,0,0,2015-05-03
0,0.01,0.05,0.05,0,0.51,0.01,0,0,0,0,0,0.02,0,0.02,2015-05-04
0.11,0.55,0.22,0.44,0,0.51,0.01,0,0.05,0,0.03,0.1,0.61,0,0.07,2015-05-05
0.29,0.56,0.22,0.44,0,0.03,0.09,0,0.14,0,0.06,0.1,0.61,0,0.07,2015-05-06
0.29,0.15,0.1,0.05,0,0,0.09,0,0.14,0,0.06,0.06,0.04,0,0.05,2015-05-07
0,0,0.02,0.03,0,0.05,0.04,0,0.03,0,0.02,0.02,0,0,0.02,2015-05-08
0,0,0.02,0.03,0,0.05,0.04,0,0.03,0,0.02,0.02,0,0,0.02,2015-05-09
0,0,0.02,0,0,0,0.04,0,0.01,0,0,0.09,0.01,0,0,2015-05-10
0,0.29,0.05,0,0,0,0,0.01,0,0,0,0.09,1.39,0,0,2015-05-11
0.02,0.37,0.08,0.01,0,0.02,0.01,0.06,0.02,0,0.09,0.22,1.39,0,0.02,2015-05-12
1.76,1.32,1.09,1.48,0,0.61,1.16,1.09,1.59,0,1.15,1.27,1.13,0,1.64,2015-05-13
1.76,1.32,1.09,1.48,0,0.61,1.16,1.09,1.59,0,1.15,1.27,1.13,0,1.64,2015-05-14
1.33,2.09,1.18,0.95,0,0.55,0.95,1.45,1.04,0,0.92,1.2,1.38,0,1.38,2015-05-15
1.33,2.09,1.18,0.95,0,0.55,0.95,1.45,1.04,0,0.92,1.2,1.38,0,1.38,2015-05-16
0.09,0.59,1.54,0.1,0,0,0,0,0.02,0,0,0.09,0.45,0,0,2015-05-17
0,0,0,0,0,0,0,0,0,0,0,0,0,0,0,2015-05-19
0,0,0,0,0,0,0,0,0,0,0,0,0,0,0,2015-05-20
0.38,0.81,0.31,0.17,0,0.13,0.7,0.5,0.11,0,0.23,0.34,0.86,0,0,2015-05-21
0.38,0.81,0.31,0.17,0,0.13,0.7,0.5,0.11,0,0.23,0.34,0.86,0,0.01,2015-05-22
0.32,1.34,0.89,0.69,0,0.1,0.18,0.08,0.53,0,0.08,0.48,0.15,0,0.5,2015-05-23
0,0,0,0,0,0,0.23,0,0,0,0,0,0,0,0,2015-05-27
0,0,0,0,0,0,0,0,0,0,0.01,0,0,0,0,2015-05-28
1.5,1.16,1.2,1.14,0,0.6,8.74,0.93,0.5,0,1.15,1.15,1.15,0,1.03,2015-05-29
1.5,1.16,1.2,1.14,0,0.6,0.23,0.93,0.62,0,1.15,1.15,1.15,0,1.98,2015-05-30
0.27,0.63,0,0.6,0,0.24,0.23,0.71,0.62,0,0.01,0.99,0.12,0,1.98,2015-05-31
0,0,0,0,0,0,0.23,0,0.06,0,0,0,0,0,0,2015-06-01
0,0,0,0,0,0,0,0,0,0,0,0,0,0,0,2015-06-02
0,0,0,0,0,0,0,0,0,0,0,0,0,0,0,2015-06-03
0,0,0,0,0,0,0,0,0,0,0,0,0,0,0,2015-06-04
0,0,0,0,0,0,0,0,0,0,0,0,0,0,0,2015-06-05
0,0,0,0,0,0,0,0,0,0,0,0,0,0,0,2015-06-06
0,0,0,0,0,0,0,0,0,0,0,0,0,0,0,2015-06-07
0,0,0,0,0,0,0,0,0,0,0,0,0,0,0,2015-06-08
0,0,0,0,0,0,0,0,0,0,0,0,0,0,0,2015-06-09
0,0,0,0,0,0,0,0,0,0,0,0,0,0,0,2015-06-10
0,0,0,0,0,0,0,0,0,0,0,0,0,0,0,2015-06-11
0,0,0,0,0,0,0,0,0,0,0,0,0,0,0,2015-06-12
0,0,0,0,0,0,0,0,0,0,0,0,0,0,0,2015-06-13
0.28,0,0.07,0.09,0,0.57,0.11,0.27,0.17,0,0.3,0.97,0.06,0,0.6,2015-06-14
0.28,0,0.07,0.09,0,0.57,0.15,0.27,0.33,0,0.3,0.97,0.06,0,0.6,2015-06-15
0.54,0.23,1.75,0.03,0,0.43,0.13,0.17,0.33,0,0,0.46,1.02,0,0.16,2015-06-16
0.09,0.23,1.75,0.03,0,0.43,0.13,0.29,0.12,0,0,0.46,1.02,0,0.2,2015-06-17
0.09,0.05,0.5,0.28,0,0.52,0.02,0.29,0.68,0,0.3,0.07,0.02,0,0.53,2015-06-18
4.55,0.82,0.54,0.56,0,0.52,1.38,0.03,0.99,0,0.44,1.69,1.15,0,0.56,2015-06-19
0.62,0.82,0.54,0.6,0,0.39,0.66,0.03,0.99,0,0.44,1.69,1.15,0,0.58,2015-06-20
0.62,0.27,0.25,0.6,0,0.27,0.49,0.4,0.73,0,0.38,0.69,0.42,0,0.61,2015-06-21
0.95,0.21,0.42,0.4,0,0.27,0.46,1.17,0.46,0,0.81,0.92,0.56,0,0.61,2015-06-22
0.95,0.16,0.42,0.11,0,0.18,0.23,1.17,0.46,0,0.81,0.92,0.56,0,0.09,2015-06-23
0,0.16,0,0,0,0,0,0,0.07,0,0,0,0.04,0,0.07,2015-06-24
0,0,0,0,0,0,0,0,0,0,0,0,0,0,0.07,2015-06-25
0,0,0,0,0,0,0,0,0,0,0,0,0,0,0,2015-06-26
0,0,0.1,0,0,0,0,0,0,0,0,0,0,0,0,2015-06-27
0,0,0.1,0.94,0,0,0,0,0,0,0,0,0,0,0,2015-06-28
0,0,0.02,0.94,0,0,0,0,0,0,0,0,0,0,0.03,2015-06-29
0.1,0,0,0.17,0,1.42,0.72,0.08,0.4,0,0,0.06,0,0,0.35,2015-06-30
0.1,0,0,0.17,0,1.42,0.72,0.08,0.4,0,0,0.06,0,0,0.35,2015-07-01
0,0,0,0,0,0,0.07,0.19,0.02,0,0,0.32,0.01,0,0,2015-07-02
0,0,0,0,0,0,0,0.19,0,0,0,0.32,0.01,0,0,2015-07-03
0,0,0,0,0,0,0,0,0,0,0,0,0,0,0,2015-07-04
0,0,0,0,0,0,0,0,0,0,0,0,0,0,0,2015-07-05
0,0.05,0,0,0,0,0,0,0,0,0,0,0,0,0,2015-07-06
0,0.05,0,0,0,0,0,0,0,0,0,0,0,0,0,2015-07-07
0,0,0,0,0,0,0.01,0,0,0,0,0,0,0,0,2015-07-08
0,0,0,0,0,0,0.01,0,0,0,0,0,0,0,0,2015-07-09
0,0,0,0,0,0,0,0,0,0,0,0,0,0,0,2015-07-10
0,0,0,0,0,0,0,0,0,0,0,0,0,0,0,2015-07-11
0,0,0,0,0,0,0,0,0,0,0,0,0,0,0,2015-07-12
0,0,0,0,0,0,0,0,0,0,0,0,0,0,0,2015-07-13
0,0,0,0,0,0,0,0,0,0,0,0,0,0,0,2015-07-14
0,0,0,0,0,0,0,0,0,0,0,0,0,0,0,2015-07-15
0,0,0,0,0,0,0,0,0,0,0,0,0,0,0,2015-07-16
0,0,0,0,0,0,0,0,0,0,0,0,0,0,0,2015-07-17
0,0,0,0,0,0,0,0,0,0,0,0,0,0,0,2015-07-18
0,0,0,0,0,0,0,0,0,0,0,0,0,0,0,2015-07-19
0,0,0,0,0,0,0,0,0,0,0,0,0,0,0,2015-07-20
0,0,0,0,0,0,0,0,0,0,0,0,0,0,0,2015-07-21
0,0,0,0,0,0,0,0,0,0,0,0,0,0,0,2015-07-22
0,0,0,0,0,0,0,0,0,0,0,0,0,0,0,2015-07-23
0,0,0,0,0,0,0,0,0,0,0,0,0,0,0,2015-07-24
0,0,0,0,0,0,0,0,0,0,0,0,0,0,0,2015-07-25
0,0,0,0,0,0,0,0,0,0,0,0,0,0,0,2015-07-26
0,0,0,0,0,0,0,0,0,0,0,0,0,0,0,2015-07-27
0,0,0,0,0,0,0,0,0,0,0,0,0,0,0,2015-07-28
0,0,0,0,0,0,0,0,0,0,0,0,0,0,0,2015-07-29
0,0,0,0,0,0,0,0,0,0,0,0,0,0,0,2015-07-30
0,0,0,0,0,0,0.27,0,0,0,0,0.3,0,0,0.34,2015-07-31
0,0,0,0,0,0,0.27,0,0,0,0,0.3,0,0,0.34,2015-08-01
0,0,0,0,0,0,0,0,0,0,0,0,0,0,0,2015-08-02
0,0,0,0,0,0,0,0,0,0,0,0,0,0,0,2015-08-03
0,0,0,0,0,0,0,0,0,0,0,0,0,0,0,2015-08-04
0,0,0,0,0,0,0,0,0,0,0,0,0,0,0,2015-08-05
0,0,0,0,0,0,0,0,0,0,0,0,0,0,0,2015-08-06
0,0,0,0,0,0,0,0,0,0,0,0,0,0,0,2015-08-07
0,0,0,0,0,0,0,0,0,0,0,0,0,0,0,2015-08-08
0,0,0,0,0,0,0,0,0,0,0,0,0,0,0,2015-08-09
0,0,0,0,0,0,0,0,0,0,0,0,0,0,0,2015-08-10
0,0,0,0,0,0,0,0,0,0,0,0,0,0,0,2015-08-11
0.01,0,0,0,0,0,0.03,0.43,0,0,0,0.04,0,0,0,2015-08-12
0.88,0,0,0.03,0,0,0.65,0.43,0.14,0,0.46,0.38,0.41,0,0.26,2015-08-13
0.88,0,0,0.2,0,0.54,0.65,0.38,0.36,0,0.46,0.38,0.41,0,0.26,2015-08-14
0.03,0,0.01,0.2,0,0.54,0.49,0.21,0.36,0,0.2,0.02,0.09,0,0.04,2015-08-15
0.03,0,0.01,0.07,0,0,0.49,0.21,0.02,0,0.2,0,0.09,0,0.04,2015-08-16
0,0,0,0.03,0,0,0,0,0,0,0,0,0,0,0,2015-08-17
0,0.26,0,0,0,0,0,0,0,0,0,0,0,0,0,2015-08-18
0,0.26,0,0,0,0,0,0,0,0,0,0,0,0,0,2015-08-19
0,1.03,0.32,0,0,0.04,0.01,0.65,0,0,0.61,0.57,0.23,0,0,2015-08-20
0,1.03,0.32,0,0,0.04,0.01,0.65,0,0,0.61,0.57,0.23,0,0,2015-08-21
0,0,0,0,0,0,0,0,0,0,0,0,0,0,0,2015-08-22
0,0,0,0,0,0,0,0,0,0,0,0,0,0,0,2015-08-23
0,0,0,0,0,0,0,0,0,0,0,0,0,0,0,2015-08-24
0,0,0,0,0,0,0,0,0,0,0,0,0,0,0,2015-08-25
0,0,0,0,0,0,0,0,0,0,0,0,0,0,0,2015-08-26
0,0,0,0,0,0,0,0,0,0,0,0,0,0,0,2015-08-27
0,0,0,0,0,0,0,0,0,0,0,0,0,0,0,2015-08-28
0,0,0,0,0,0,0,0,0,0,0,0,0,0,0,2015-08-29
0,0,0,0,0,0,0,0,0,0,0,0,0,0,0,2015-08-30
0,0,0,0,0,0,0,0,0,0,0,0,0,0,0,2015-08-31
0,0,0,0,0,0,0,0,0,0,0,0,0,0,0,2015-09-01
0,0,0,0,0,0,0,0,0,0,0,0,0,0,0,2015-09-02
0,0,0,0,0,0,0,0,0,0,0,0,0,0,0,2015-09-03
0,0,0,0,0,0,0,0,0,0,0,0,0,0,0,2015-09-04
0,0,0,0,0,0,0,0,0,0,0,0,0,0,0,2015-09-05
0,0,0,0,0,0,0,0,0,0,0,0,0,0,0,2015-09-06
0,0,0,0,0,0,0,0,0,0,0,0,0,0,0,2015-09-07
0,0,0,0,0,0,0,0,0,0,0,0,0,0,0,2015-09-08
0,0,0,0,0,0.04,0.05,0,0.69,0,0.44,0,0,0,0,2015-09-09
0.29,0,0,0,0,0.04,0.26,0,0.69,0,0.44,0,0.17,0,0.07,2015-09-10
0.29,0,0.19,0.19,0,0,0.26,0,0,0,0.03,0,0.17,0,0.07,2015-09-11
0.01,0,0.19,0.27,0,0,0.17,0,0.11,0,0.17,0.07,0,0,0.02,2015-09-12
0.01,0,0,0.01,0,0,0.17,0,0.11,0,0.17,0.07,0,0,0.02,2015-09-13
0,0,0,0,0,0,0,0,0,0,0,0,0,0,0,2015-09-14
0,0,0,0,0,0,0,0,0,0,0,0,0,0,0,2015-09-15
0.03,0.01,0.02,0.02,0,0,0.01,0,0.1,0,0,0,0,0,0.03,2015-09-16
0.03,0.01,0.02,0.02,0,0,0.01,0,0.1,0,0,0,0,0,0.03,2015-09-17
0,0,0,0,0,0,0,0,0,0,0,0,0,0,0,2015-09-18
0,0,0,0,0,0,0,0,0,0,0,0,0,0,0,2015-09-19
0,0,0,0,0,0,0,0,0,0,0,0,0,0,0,2015-09-20
0,0,0,0,0,0,0,0,0,0,0,0,0,0,0,2015-09-21
0,0,0,0,0,0,0,0,0,0,0,0,0,0,0,2015-09-22
0,0,0,0,0,0,0,0,0.25,0,0,0,0,0,0,2015-09-23
0,0,0,0,0,0,0,0,0.25,0,0,0,0,0,0,2015-09-24
0.09,0,0,0.11,0,0,0.49,0,0,0,0.34,0,0,0,0,2015-09-25
0.09,0,0,0.11,0,0,0.49,0,0,0,0.34,0,0,0,0,2015-09-26
0,0,0,0.04,0,0,0,0,0,0,0,0,0,0,0,2015-09-27
0,0,0,0,0,0,0,0,0,0,0,0,0,0,0,2015-09-28
0,0,0,0,0,0,0,0,0,0,0,0,0,0,0,2015-09-29
0,0,0,0,0,0,0,0,0,0,0,0,0,0,0,2015-09-30
0,0,0,0,0,0,0,0,0,0,0,0,0,0,0,2015-10-01
0,0,0,0,0,0,0,0,0,0,0,0,0,0,0,2015-10-02
0,0,0,0,0,0,0,0,0,0,0,0,0,0,0,2015-10-03
0,0,0,0,0,0,0,0,0,0,0,0,0,0,0,2015-10-04
0,0,0,0,0,0,0,0,0,0,0,0,0,0,0,2015-10-05
0,0,0,0,0,0,0,0,0,0,0,0,0,0,0,2015-10-06
0,0,0,0,0,0,0,0,0,0,0,0,0,0,0,2015-10-07
0,0,0,0,0,0,0,0,0,0,0,0,0,0,0,2015-10-08
0.35,1.14,0.9,0.09,0,0.15,0.16,0.3,0.13,0,0.3,1.06,1.02,0,0.02,2015-10-09
0.35,1.14,0.9,0.09,0,0.15,0.16,0.3,0.13,0,0.3,1.06,1.02,0,0.02,2015-10-10
0,0,0,0.04,0,0,0,0,0,0,0,0,0,0,0,2015-10-11
0,0,0,0.02,0,0,0,0,0,0,0,0,0,0,0,2015-10-12
0,0,0,0,0,0,0,0,0,0,0,0,0,0,0,2015-10-13
0,0,0,0,0,0,0,0,0,0,0,0,0,0,0,2015-10-14
0,0,0,0,0,0,0,0,0,0,0,0,0,0,0,2015-10-15
0,0,0,0,0,0,0,0,0,0,0,0,0,0,0,2015-10-16
0,0,0,0,0,0,0,0,0,0,0,0,0,0,0,2015-10-17
0,0,0,0,0,0,0,0,0,0,0,0,0,0,0,2015-10-18
0,0,0,0,0,0,0,0,0,0,0,0,0,0,0,2015-10-19
0,0,0,0,0,0,0,0,0,0,0,0,0,0,0,2015-10-20
0.23,0,0,0,0,0,0,0.01,0.39,0,0.12,0,0,0,0,2015-10-21
0.23,0.32,0.08,0.23,0,0.07,0.12,0.08,0.39,0,0.12,0.21,0.11,0,0.11,2015-10-22
0.07,0.32,0.08,0.23,0,0.19,0.13,0.08,0.15,0,0.09,0.21,0.11,0,0.11,2015-10-23
1.61,3.19,1.87,0.2,0,1.8,2.7,1.3,1.84,0,0.69,0.23,1.58,0,3.07,2015-10-24
1.61,3.19,1.87,0,0,1.8,2.7,1.3,1.84,0,0.69,0.23,1.58,0,3.07,2015-10-25
0.02,0,0,0,0,0,0,0,0,0,0,0,0,0,0.02,2015-10-26
0,0,0,0,0,0,0,0,0,0,0,0,0,0,0,2015-10-27
0,0,0,0,0,0,0,0,0,0,0,0,0,0,0,2015-10-28
0,0,0,0,0,0,0,0,0,0,0,0,0,0,0,2015-10-29
1.02,0.79,0.63,1.27,0,1.25,1.07,1.77,1.38,0,1.2,1.66,0.87,0,2.86,2015-10-30
1.02,0.85,1.08,1.46,0,1.25,1.07,1.77,1.38,0,1.2,1.66,0.87,0,2.86,2015-10-31
0.56,0.85,1.08,1.46,0,0.66,0.46,0.48,0.7,0,0.46,0.98,0.15,0,0.71,2015-11-01
0,0,0,0,0,0,0,0,0,0,0,0,0,0,0,2015-11-02
0,0,0,0,0,0,0,0,0,0,0,0,0,0,0,2015-11-03
0,0,0,0.53,0,0,0,0,0,0,0,0,0,0,0,2015-11-04
0.15,0.18,0.75,0.53,0,0.36,0.11,0.12,0.17,0,0.13,0.15,0.14,0,0.23,2015-11-05
0.68,0.68,0.75,0.5,0,0.36,0.2,0.12,0.32,0,0.26,0.46,0.26,0,0.32,2015-11-06
0,0,0,0,0,0,0,0,0,0,0,0,0,0,0,2015-11-09
0,0,0,0,0,0,0,0,0,0,0,0,0,0,0,2015-11-10
0,0,0,0,0,0,0,0,0,0,0,0,0,0,0,2015-11-11
0,0,0,0,0,0,0,0,0,0,0,0,0,0,0,2015-11-12
0,0,0,0,0,0,0,0,0,0,0,0,0,0,0,2015-11-13
0,0,0,0,0,0,0,0,0,0,0,0,0,0,0.02,2015-11-14
0,0,0,0,0,0,0,0,0,0,0,0,0,0,0.02,2015-11-15
0,0.1,0.09,0,0,0,0,0,0,0,0,0.02,0.06,0,0,2015-11-16
0.18,0.16,0.16,0.19,0,0.07,0.05,0.05,0,0,0.14,0.15,0.07,0,0.19,2015-11-17
0.18,0.16,0.16,0.19,0,0.07,0.05,0.05,0,0,0.14,0.15,0.07,0,0.19,2015-11-18
0,0,0,0,0,0,0,0,0,0,0,0,0,0,0,2015-11-19
0,0,0,0,0,0,0,0,0,0,0,0,0,0,0,2015-11-20
0,0,0,0,0,0,0,0,0,0,0,0,0,0,0,2015-11-21
0,0,0,0,0,0,0,0,0,0,0,0,0,0,0,2015-11-22
0,0,0,0,0,0,0,0,0,0,0,0,0,0,0,2015-11-23
0,0,0,0,0,0,0,0,0,0,0,0,0,0,0,2015-11-24
0,0,0,0,0,0,0,0,0,0,0.01,0,0,0,0,2015-11-25
0.09,0.42,0.31,0.12,0,0.01,0.16,0.11,0.12,0,0.23,0.35,0.43,0,0.14,2015-11-26
0.69,1.33,1.17,0.46,0,0.63,0.75,0.25,0.63,0,0.46,0.65,0.75,0,0.72,2015-11-27
1.52,1.6,1.17,0.78,0,1.43,0.82,1.26,0.67,0,0.87,1.15,0.77,0,1.42,2015-11-28
1.52,1.6,0.23,0.78,0,1.43,0.82,1.26,0.34,0,0.87,1.15,0.71,0,1.42,2015-11-29
0.03,0.02,0.07,0,0,0,0,0.01,0,0,0.01,0.03,0.03,0,0,2015-11-30
0,0,0,0,0,0,0,0,0,0,0,0,0,0,0,2015-12-01
0,0,0,0,0,0,0,0,0,0,0,0,0,0,0,2015-12-02
0,0,0,0,0,0,0,0,0,0,0,0,0,0,0,2015-12-03
0,0,0,0,0,0,0,0,0,0,0,0,0,0,0,2015-12-04
0,0,0,0,0,0,0,0,0,0,0,0,0,0,0,2015-12-05
0,0,0,0,0,0,0,0,0,0,0,0,0,0,0,2015-12-06
0,0,0,0,0,0.49,0,0.48,0,0,0,0.5,0,0,0,2015-12-07
0.44,0,0.54,0,0,0.49,0.54,0.48,0,0,0,0.5,0,0,0,2015-12-08
0.44,0,0.54,0,0,0,0.54,0,0,0,0,0,0,0,0,2015-12-09
0,0,0,0,0,0,0,0,0,0,0,0,0,0,0.53,2015-12-10
0,0,0,0,0,0,0,0,0,0,0,0,0,0,0.53,2015-12-11
0,0,0,0,0,0,0,0,0,0,0,0,0,0,0,2015-12-12
1.21,1.28,1,0,0,0.35,0.53,0.37,0.37,0,0.71,0.68,0.53,0,0.69,2015-12-13
1.21,1.28,1,0,0,0.35,0.53,0.37,0.37,0,0.71,0.68,0.53,0,0.69,2015-12-14
0,0,0,0,0,0,0,0,0,0,0.51,0,0,0,0,2015-12-15
0,0,0,0,0,0,0,0,0,0,0.51,0,0,0,0,2015-12-16
0,0,0,0,0,0,0,0,0,0,0,0,0,0,0,2015-12-17
0,0,0,0,0,0,0,0,0,0,0,0,0,0,0,2015-12-18
0,0,0,0,0,0,0,0,0,0,0,0,0,0,0,2015-12-19
0,0,0,0,0,0,0,0,0,0,0,0,0,0,0,2015-12-20
0,0,0,0,0,0,0,0,0,0,0,0,0,0,0,2015-12-21
0,0,0,0,0,0,0,0,0,0,0,0,0,0,0,2015-12-22
0,0,0,0,0,0,0,0,0,0,0,0,0,0,0,2015-12-23
0,0,0,0,0,0,0,0,0,0,0,0,0,0,0,2015-12-24
0,0,0,0,0,0,0,0,0,0,0,0,0,0,0,2015-12-25
0,0,0,0,0,0,0,0,0,0,0,0,0,0,0,2015-12-26
0.26,0.23,0.89,0,0,0.13,0.28,0.14,0.12,0,0.26,0.38,0.22,0,0.21,2015-12-27
0.27,0.23,0.89,0,0,0.13,0.28,0.14,0.15,0,0.26,0.38,0.22,0,0.22,2015-12-28
0,0,0,0,0,0.01,0.02,0,0.02,0,0.01,0,0,0,0.04,2015-12-29
0,0,0,0,0,0,0.02,0.03,0,0,0.01,0,0,0,0.04,2015-12-30
0,0,0,0,0,0,0.02,0.03,0,0,0.01,0,0,0,0.04,2015-12-31
0,0,0,0,0,0.03,0,0.04,0,0,0,0,0,0,0,2016-01-01
0.48,0.43,0.47,0,0,1.04,0.69,1.06,0.48,0,0.63,0.53,0.48,0,0.53,2016-01-02
0.48,0.43,0.47,0,0,1.04,0.7,1.07,0.48,0,0.64,0.53,0.48,0,0.53,2016-01-03
0.24,0.28,0.23,0,0,0.31,0.33,0.18,0.33,0,0.21,0.11,0.15,0,0.27,2016-01-04
0,0,0,0,0,0,0,0,0,0,0,0,0,0,0,2016-01-05
0.12,0.13,0.09,0,0,0.06,0.09,0.11,0.22,0,0.1,0.16,0.14,0,0.09,2016-01-06
0.12,0.13,0.09,0.52,0,0.06,0.1,0.11,0.22,0,0.1,0.16,0.14,0,0.09,2016-01-07
0,0,0,0.52,0,0,0.01,0,0.01,0,0,0,0,0,0,2016-01-08
0,0,0,0,0,0,0,0,0,0,0,0,0,0,0,2016-01-09
0,0,0,0,0,0,0,0,0,0,0,0,0,0,0,2016-01-10
0,0,0,0,0,0,0,0,0,0,0,0,0,0,0,2016-01-11
0,0,0,0,0,0,0,0,0,0,0,0,0,0,0,2016-01-12
0,0,0,0,0,0,0,0,0,0,0,0,0.53,0,0,2016-01-13
0,0,0,0,0,0,0,0,0,0,0,0,0.53,0,0,2016-01-14
0,0,0,0,0,0,0,0,0,0,0,0,0,0,0,2016-01-15
0,0,0,0,0,0,0,0,0,0,0,0,0,0,0,2016-01-16
0,0,0,0,0,0,0,0,0,0,0,0,0,0,0,2016-01-17
0,0,0,0,0,0,0,0,0,0,0,0,0,0,0,2016-01-18
0,0,0,0,0,0,0,0,0,0,0,0,0,0,0,2016-01-19
0,0,0,0,0,0,0,0,0,0,0,0,0,0,0,2016-01-20
0,0,0,0,0,0,0,0,0,0,0,0,0,0,0,2016-01-21
0,0,0,0,0,0,0,0,0,0,0,0,0,0,0,2016-01-22
0,0,0,0,0,0,0,0,0,0,0,0,0,0,0,2016-01-23
0,0,0,0,0,0,0,0,0,0,0,0,0,0,0,2016-01-24
0,0,0,0,0,0,0,0,0,0,0,0,0,0,0,2016-01-25
0.09,0.01,0.07,0.1,0,0.18,0.07,0.31,0.05,0,0.01,0.05,0.02,0,0.1,2016-01-26
0,0,0,0,0,0,0,0,0,0,0,0,0,0,0,2016-01-27
0,0,0,0,0,0,0,0,0,0,0,0,0,0,0,2016-01-28
0,0,0,0,0,0,0,0,0,0,0,0,0,0,0,2016-01-29
0,0,0,0,0,0,0,0,0,0,0,0,0,0,0,2016-01-30
0,0,0,0,0,0,0,0,0,0,0,0,0,0,0,2016-01-31
0,0,0,0,0,0,0,0,0,0,0,0,0,0,0,2016-02-01
0,0,0,0,0,0,0,0,0,0,0,0,0,0,0,2016-02-02
0,0,0,0,0,0,0,0,0,0,0,0,0,0,0,2016-02-03
0,0,0,0,0,0,0,0,0,0,0,0,0,0,0,2016-02-04
0,0,0,0,0,0,0,0,0,0,0,0,0,0,0,2016-02-05
0,0,0,0,0,0,0,0,0,0,0,0,0,0,0,2016-02-06
0,0,0,0,0,0,0,0,0,0,0,0,0,0,0,2016-02-07
0,0,0,0,0,0,0,0,0,0,0,0,0,0,0,2016-02-08
0,0,0,0,0,0,0,0,0,0,0,0,0,0,0,2016-02-09
0,0,0,0,0,0,0,0,0,0,0,0,0,0,0,2016-02-10
0,0,0,0,0,0,0,0,0,0,0,0,0,0,0,2016-02-11
0,0,0,0,0,0,0,0,0,0,0,0,0,0,0,2016-02-12
0,0,0,0,0,0,0,0,0,0,0,0,0,0,0,2016-02-13
0,0,0,0,0,0,0,0,0,0,0,0,0,0,0,2016-02-14
0,0,0,0,0,0,0,0,0,0,0,0,0,0,0,2016-02-15
0,0,0,0,0,0,0,0,0,0,0,0,0,0,0,2016-02-16
0,0,0,0,0,0,0,0,0,0,0,0,0,0,0,2016-02-17
0,0,0,0,0,0,0,0,0,0,0,0,0,0,0,2016-02-18
0,0,0,0,0,0,0,0,0,0,0,0,0,0,0,2016-02-19
0,0,0,0.01,0,0,0,0,0,0,0,0,0,0,0.01,2016-02-20
0,0,0,0.01,0,0,0,0,0,0,0,0,0,0,0.01,2016-02-21
0,0,0,0,0,0.26,0.18,0.08,0,0,0,0,0,0,0,2016-02-22
1.22,1.36,0.94,1.11,0,1.49,1.03,1.49,0.54,0,1.25,1.28,1.21,0,1.15,2016-02-23
0,0,0,0,0,0,0,0,0,0,0,0,0,0,0,2016-02-25
0,0,0,0,0,0,0,0,0,0,0,0,0,0,0,2016-02-26
0,0,0,0,0,0,0,0,0,0,0,0,0,0,0,2016-02-27
0,0,0,0,0,0,0,0,0,0,0,0,0,0,0,2016-02-28
0,0,0,0,0,0,0,0,0,0,0,0,0,0,0,2016-02-29
0,0,0,0,0,0,0,0,0,0,0,0,0,0,0,2016-03-01
0,0,0,0,0,0,0,0,0,0,0,0,0,0,0,2016-03-02
0,0,0,0,0,0,0,0,0,0,0,0,0,0,0.87,2016-03-03
0,0,0,0,0,0,0,0,0,0,0,0,0,0,0.87,2016-03-04
0,0,0,0,0,0,0,0,0,0,0,0,0,0,0,2016-03-05
0,0,0,0,0,0,0,0,0,0,0,0,0,0,0,2016-03-06
0,0.03,0.02,0.01,0,0,0.01,0,0,0,0.01,0.03,0.02,0,0.01,2016-03-07
0.11,0.07,0.03,0.14,0,0,0.01,0,0.08,0,0.01,0.07,0.05,0,0.09,2016-03-08
0.53,0.42,0.57,0.61,0,1.54,0.4,0.17,0.72,0,0.41,0.5,0.68,0,0.49,2016-03-09
0.53,0.42,0.57,0.61,0,1.54,0.4,0.3,0.72,0,0.41,0.5,0.68,0,0.49,2016-03-10
0.28,0.95,0.71,0.44,0,0.53,0.34,0.31,0.16,0,0.24,0.3,1.04,0,0.3,2016-03-11
0.22,0.96,0.74,0.44,0,0.18,0.34,0.13,0.16,0,0.24,0.3,1.04,0,0.26,2016-03-12
0,0.07,0.04,0,0,0,0,0,0.1,0,0.02,0,0,0,0.26,2016-03-13
0,0,0,0,0,0,0,0,0,0,0,0,0,0,0,2016-03-14
0,0,0,0,0,0,0,0,0,0,0,0,0,0,0,2016-03-15
0,0,0,0,0,0,0,0,0,0,0,0,0,0,0,2016-03-16
0,0,0,0,0,0,0,0,0,0,0,0,0,0,0,2016-03-17
0,0,0.03,0,0,0,0,0,0,0,0,0,0,0,0,2016-03-18
0.14,0.13,0.04,0.48,0,0.17,0.22,0.28,0.12,0,0.09,0.05,0.22,0,0.22,2016-03-19
0.14,0.13,0.04,0.48,0,0.17,0.22,0.28,0.12,0,0.09,0.05,0.22,0,0.22,2016-03-20
0,0,0,0,0,0,0,0,0,0,0,0,0,0,0,2016-03-21
0,0,0,0,0,0,0,0,0,0,0,0,0,0,0,2016-03-22
0,0,0,0,0,0,0,0,0,0,0,0,0,0,0,2016-03-23
0.46,0.21,0.22,0.51,0,0.62,0.38,0.65,0.21,0,0.35,1.2,0.35,0,0.17,2016-03-24
0,0.21,0.22,0.51,0,0.62,0.38,0.65,0.21,0,0.35,1.2,0.35,0,0.17,2016-03-25
0,0,0,0,0,0,0,0,0,0,0,0,0,0,0,2016-03-26
0,0,0,0,0,0,0,0,0,0,0,0,0,0,0,2016-03-27
0,0,0,0,0,0,0,0,0,0,0,0,0,0,0,2016-03-28
0,0,0,0,0,0,0,0,0,0,0,0,0,0,0,2016-03-29
0.02,0.11,0.01,0.1,0,0.03,0.08,0.05,0.08,0,0.12,0.09,0.03,0,0.1,2016-03-30
0.02,0.11,0.01,0.1,0,0.03,0.08,0.05,0.08,0,0.12,0.09,0.03,0,0.1,2016-03-31
0.17,0.18,0.36,0.29,0,0.05,0.03,0.03,0.2,0,0.13,0.13,0.14,0,0,2016-04-01
0.17,0.18,0.36,0.29,0,0.05,0.03,0.03,0.2,0,0.13,0.13,0.14,0,0,2016-04-02
0,0,0,0,0,0,0,0,0,0,0,0,0,0,0,2016-04-03
0,0,0,0,0,0,0,0,0,0,0,0,0,0,0,2016-04-04
0,0,0,0,0,0,0,0,0,0,0,0,0,0,0,2016-04-05
0,0,0,0,0,0,0,0,0,0,0,0,0.14,0,0,2016-04-06
0,0,0,0,0,0,0,0,0,0,0,0,0.14,0,0,2016-04-07
0,0,0,0,0,0,0,0,0,0,0,0,0,0,0,2016-04-08
0,0,0,0,0,0,0,0,0,0,0,0,0,0,0.03,2016-04-09
0,0,0,0,0,0.01,0.03,0,0,0,0,0,0,0,0.03,2016-04-10
0.03,0.02,0.05,0.03,0,0.75,0.03,0.28,0,0,0.01,0.02,0.01,0,0,2016-04-11
0.03,0.02,0.05,0.03,0,0.75,0.03,0.28,0,0,0.01,0.02,0.01,0,0,2016-04-12
0.92,0.49,0.92,1.28,0,1.35,0.84,0.88,0.8,0,0.54,0.86,0.48,0,1.76,2016-04-13
0.92,0.49,0.92,1.28,0,1.35,0.84,0.88,0.8,0,0.54,0.86,0.48,0,1.76,2016-04-14
0,0,0,0,0,0,0,0,0,0,0,0,0,0,0,2016-04-15
0.02,0.06,0.02,0.08,0,0.02,0.06,0.04,0.12,0,0.07,0.14,0.02,0,0.09,2016-04-16
0.1,0.06,1.07,0.34,0,0.44,0.06,0.04,0.12,0,0.07,0.14,0.02,0,2.89,2016-04-17
1.17,1.99,3.83,1.67,0,0.44,1.04,0.59,0.5,0,0.43,0.67,1,0,2.89,2016-04-18
1.17,1.99,3.83,1.67,0,0.26,1.04,0.59,0.5,0,0.43,0.67,1,0,2.12,2016-04-19
0,0,0.02,0.03,0,0,0,0,0,0,0,0,0,0,0.11,2016-04-20
0.38,0.12,0.14,0.95,0,0.54,0.23,0.14,0.07,0,0.43,0.11,0.19,0,0.74,2016-04-21
0.38,0.12,0.14,0.95,0,0.54,0.23,0.14,0.07,0,0.43,0.11,0.19,0,0.74,2016-04-22
0,0,0,0,0,0,0,0,0,0,0,0,0,0,0,2016-04-23
0,0,0,0,0,0,0,0,0,0,0,0,0,0,0,2016-04-24
0.56,0,0.6,0,0,0,0,0,0,0,0,0,0,0,0,2016-04-25
0.56,0,0.6,0,0,0,0,0,0,0,0,0,0,0,0,2016-04-26
0.81,0.58,0.59,0.42,0,0.21,0.51,0.46,0.17,0,0.62,0.78,0.67,0,0.37,2016-04-27
0.81,0.58,0.59,0.42,0,0.21,0.51,0.46,0.17,0,0.62,0.78,0.67,0,0.37,2016-04-28
0,0,0,0,0,0,0,0,0,0,0,0,0,0,0,2016-04-29
0.22,0.21,0.37,0.37,0,0.05,1.47,0.29,0.31,0,0.59,0.29,0.92,0,0.65,2016-04-30
0.22,0.21,0.37,0.37,0,0.05,1.47,0.29,0.31,0,0.59,0.29,0.92,0,0.65,2016-05-01
0,0,0,0,0,0,0,0,0,0,0,0,0,0,0,2016-05-02
0,0,0,0,0,0,0,0,0,0,0,0,0,0,0,2016-05-03
0,0,0,0,0,0,0,0,0,0,0,0,0,0,0,2016-05-04
0,0,0,0,0,0,0,0,0,0,0,0,0,0,0,2016-05-05
0,0,0,0,0,0,0,0,0,0,0,0,0,0,0,2016-05-06
0,0,0,0,0,0,0,0,0,0,0,0,0,0,0,2016-05-07
0.01,0,0,0.03,0,0,0,0,0,0,0,0.04,0.02,0,0,2016-05-08
0.01,0,0,0.03,0,0,0,0,0.4,0,0.55,0.52,0.02,0,0,2016-05-09
0,0,0,0,0,0,0,0,0.4,0,0.55,0.52,0,0,0,2016-05-10
2.03,1.03,1.09,0.7,0,1.07,0.93,1.67,0.83,0,2.07,1.75,0.92,0,1.02,2016-05-11
2.03,1.03,1.09,0.7,0,1.07,0.93,1.67,0.83,0,2.07,1.75,0.92,0,1.02,2016-05-12
0,0,0,0,0,0,0,0,0,0,0,0,0,0,0,2016-05-13
0.57,0.3,0.44,0.55,0,0.34,0.35,0.73,0,0,0.44,0.59,0.38,0,0.33,2016-05-14
0.66,1.1,0.44,0.55,0,0.91,0.35,0.73,0.17,0,0.64,0.66,0.93,0,0.33,2016-05-15
0.84,1.11,0.81,0.88,0,0.91,0.19,0.54,0.27,0,0.65,0.69,0.93,0,0.42,2016-05-16
0.84,0.62,0.81,0.88,0,0.18,0.09,0.02,0.27,0,0.29,0.49,0.34,0,0.42,2016-05-17
1.44,1.62,0.26,0.73,0,1.96,0.57,1.74,0.46,0,0.75,0.57,1.14,0,1.14,2016-05-18
1.44,1.74,0.71,1.01,0,1.96,0.69,1.74,0.61,0,0.75,0.71,1.14,0,1.14,2016-05-19
0.92,1.74,0.71,1.01,0,1.85,0.69,0.95,0.61,0,0.69,0.71,0.69,0,0.76,2016-05-20
0,0,0.11,0,0,0,0,0,0,0,0,0,0,0,0,2016-05-21
0,0,0.11,0,0,0,0,0,0,0,0,0,0,0,0,2016-05-22
0,0,0,0,0,0,0,0,0,0,0,0.09,0.01,0,0,2016-05-23
0,0,0,0,0,0,0,0,0,0,0,0.09,0.01,0,0.02,2016-05-24
0,0,0.02,0,0,0,0,0,0,0,0,0,0,0,0.02,2016-05-25
0,0,0.02,0,0,0,0,0,0,0,0,0,0,0,0,2016-05-26
0,0,0,0,0,0,0,0,0,0,0,0,0,0,0,2016-05-27
0,0,0,0,0,0,0,0.01,0,0,0,0,0,0,0,2016-05-28
3.09,4.5,2.46,0.66,0,4.28,1.54,7.12,0.49,0,2.56,3.75,3.23,0,1.36,2016-05-29
3.09,4.5,2.46,0.66,0,4.28,1.54,7.12,0.49,0,2.56,3.75,3.23,0,1.36,2016-05-30
1.02,1.5,1.07,0.92,0,0.57,0.76,0.93,0.29,0,0.6,0.69,0.69,0,0.73,2016-05-31
0.9,1.5,0.71,0.92,0,0.57,0.76,0.93,0.29,0,0.58,0.69,0.69,0,0.21,2016-06-01
0.92,0.57,0.43,0.75,0,1.28,0.7,1.21,0.59,0,0.71,0.76,0.92,0,0.44,2016-06-02
0.92,0.57,0.43,0.75,0,1.28,0.7,1.32,0.68,0,0.72,0.76,0.92,0,0.44,2016-06-03
0,0.14,0.26,0.01,0,0.44,0.04,0.34,0.68,0,0,0.26,0.27,0,0.03,2016-06-04
0,0,0,0,0,0,0,0,0,0,0,0,0,0,0,2016-06-06
0,0,0,0,0,0,0,0,0,0,0,0,0,0,0,2016-06-07
0,0,0,0,0,0,0,0,0,0,0,0,0,0,0,2016-06-08
0,0,0,0,0,0,0,0,0,0,0,0,0,0,0,2016-06-17
0,0,0,0,0,0,0,0,0,0,0,0,0,0,0,2016-06-18
0,0,0.09,0,0,0,0,0,0,0,0,0,0,0,0,2016-06-19
0,0,0.09,0,0,0,0,0.61,0,0,0,0,0,0,0.03,2016-06-20
0,0,0,0,0,0,0,0.61,0,0,0,0,0,0,0.03,2016-06-21
0,0,0,0,0,0,0,0.03,0,0,0,0,0,0,0,2016-06-22
0,0,0,0,0,0,0,0,0,0,0,0,0,0,0,2016-06-23
0,0,0,0,0,0,0,0,0,0,0,0,0,0,0,2016-06-24
0.12,0.11,0.23,0.07,0.09,0.1,0.07,0.01,0,0,0.19,0.06,0.18,0.05,0.12,2016-06-25
0.58,0.05,0.23,0.07,0.09,0.68,0.02,0.44,0.01,0,0.54,0.06,0.1,0.05,0.12,2016-06-26
0.58,0.01,0.04,0,0.09,0.68,0.02,0.44,0.01,0,0.54,0,0,0.05,0,2016-06-27
0.22,0,0,0.84,0.09,0,0.02,0,0,0,0,0,0,0.05,0,2016-06-28
0.23,0,0,0.84,0.09,0,0,0,0.01,0,0,0,0,0.05,0.08,2016-06-29
0,0,0,0.05,0.09,0,0,0,0.01,0,0,0,0,0.05,0.08,2016-06-30
0,0,0,0,0.09,0,0,0,0,0,0,0,0,0.05,0.02,2016-07-01
0,0,0,0,0.09,0,0,0,0,0,0,0,0,0.05,0,2016-07-02
0,0,0,0,0.09,0,0,0,0,0,0,0,0,0.05,0,2016-07-03
0,0,0,0,0.09,0,0,0,0,0,0,0,0,0.05,0,2016-07-04
0,0,0,0,0.09,0,0,0,0,0,0,0,0,0.05,0,2016-07-05
0,0,0,0,0.09,0,0,0,0,0,0,0,0,0.05,0,2016-07-06
0,0,0,0,0.09,0,0,0,0,0,0,0,0,0.05,0,2016-07-07
0,0,0,0,0.09,0,0,0,0,0,0,0,0,0.05,0,2016-07-08
0,0,0,0,0.09,0,0,0,0,0,0,0,0,0.05,0,2016-07-09
0,0,0,0,0.09,0,0,0,0,0,0,0,0,0.05,0,2016-07-10
0,0,0,0,0.09,0,0,0,0,0,0,0,0,0.05,0,2016-07-11
0,0,0,0,0.09,0,0,0,0,0,0,0,0,0.05,0,2016-07-12
0,0,0,0,0.09,0,0,0,0,0,0,0,0,0.05,0,2016-07-13
0,0,0,0,0.09,0,0,0,0,0,0,0,0,0.05,0,2016-07-14
0,0,0,0,0.09,0,0,0,0,0,0,0,0,0.05,0,2016-07-15
0,0,0,0,0.09,0,0,0,0,0,0,0,0,0.05,0,2016-07-16
0,0,0,0,0.09,0,0,0,0,0,0,0,0,0.05,0,2016-07-17
0,0,0,0,0.09,0,0,0,0,0,0,0,0,0.05,0,2016-07-18
0,0,0,0,0.09,0,0,0,0,0,0,0,0,0.05,0,2016-07-19
0.46,0.53,0,0,0.09,0,0,0,0,0,0,0,0,0.05,0,2016-07-20
0.46,0.53,0,0,0.09,0,0,0,0,0,0,0,0,0.05,0,2016-07-21
0,0,0,0,0.09,0,0,0,0,0,0,0,0,0.05,0,2016-07-22
0,0,0,0,0.09,0,0,0,0,0,0,0,0,0.05,0,2016-07-23
0,0,0,0,0.09,0,0,0,0,0,0,0,0,0.05,0,2016-07-24
0,0,0,0,0.09,0,0,0,0.07,0,0,0,0,0.05,0.26,2016-07-25
0.27,0,0.17,0.19,0.09,0.03,0.03,0.07,0.07,0,0.03,0.21,0,0.05,0.26,2016-07-26
0.27,1.07,0.17,0.19,0.09,0.99,0.12,0.31,0.07,0,0.63,0.21,0,0.05,0.03,2016-07-27
0,1.07,0,0,0.09,0.99,0.12,0.46,0.02,0,0.63,0,0,0.05,0.03,2016-07-28
0,0,0,0,0.09,0,0.03,0.46,0,0,0,0,0,0.05,0,2016-07-29
0,0,0,0,0.09,0,0.03,0,0,0,0,0,0,0.05,0,2016-07-30
0,0,0,0,0.09,0,0,0,0,0,0,0,0,0.05,0,2016-07-31
0,0,0,0,0.09,0,0,0,0,0,0,0,0,0.05,0,2016-08-01
0,0,0,0,0.09,0,0,0,0,0,0,0,0,0.05,0,2016-08-02
0,0,0,0,0.09,0,0,0,0,0,0,0,0,0.05,0,2016-08-03
0,0,0,0,0.09,0,0,0,0,0,0,0,0,0.05,0,2016-08-04
0,0,0,0,0.09,0,0,0,0,0,0,0,0.52,0.05,0,2016-08-05
0,0,0,0,0.09,0,0,0,0,0,0,0,0.52,0.05,0,2016-08-06
0,0,0,0,0.09,0,0,0,0,0,0,0,0,0.05,0,2016-08-07
0,0,0,0,0.09,0,0,0,0,0,0,0,0,0.05,0,2016-08-08
0,0,0,0,0.09,0,0,0,0,0,0,0,0,0.05,0,2016-08-09
0,0,0,0,0.09,0,0,0,0,0,0,0,0,0.05,0,2016-08-10
0,0,0,0,0.09,0,0,0,0,0,0,0,0,0.05,0,2016-08-11
0,0,0,0,0.09,0,0,0,0,0,0,0,0,0.05,0,2016-08-12
0.27,0.11,0.17,0.07,0.09,0,0.34,0.1,0.16,0,0.01,0,0.12,0.05,0.44,2016-08-13
0.27,0.41,0.46,0.95,0.09,2.03,0.34,1.31,0.16,0,0.02,1.53,0.14,0.05,0.5,2016-08-14
1.8,0.97,0.83,1.7,0.09,2.03,1.11,1.31,0.64,0,0.97,1.53,0.62,0.05,1.68,2016-08-15
1.8,0.97,0.83,1.7,0.09,1.09,1.11,1.22,0.65,0,0.98,1.15,0.62,0.05,2.59,2016-08-16
0.06,1.03,1.63,0.47,0.09,0.87,0.58,0.37,0.92,0,0.02,0.72,0.69,0.05,2.61,2016-08-17
0.06,1.38,1.64,0.46,0.09,0.05,0.14,0.37,0.92,0,0,0.09,0.69,0.05,0.65,2016-08-18
0,0.34,0.09,0.07,0.09,0.03,0.14,0.03,0.01,0,0,0,0.04,0.05,0.04,2016-08-19
1.59,1.51,1.36,0.71,0.09,1.29,0.63,0.86,0.65,0,1.05,0.92,1.37,0.05,0.44,2016-08-20
1.59,1.51,1.36,0.71,0.09,1.29,0.92,0.86,1,0,1.05,0.92,1.37,0.05,0.47,2016-08-21
0.99,0.78,0.42,0.71,0.09,1.16,0.92,0.78,1,0,0.69,0.41,0.6,0.05,0.47,2016-08-22
0.46,0.78,0.42,0.03,0.09,0.05,0.01,0.6,0.01,0,0.47,0.41,0.6,0.05,0.09,2016-08-23
0,0,0,0,0.09,0,0,0,0,0,0,0,0,0.05,0,2016-08-24
0,0,0,0,0.09,0,0,0,0,0,0,0,0,0.05,0,2016-08-25
0,0,0,0,0.09,0,0,0,0,0,0,0,0,0.05,0,2016-08-26
0,0,0,0,0.09,0,0,0,0,0,0,0,0,0.05,0,2016-08-27
0,0,0,0,0.09,0,0,0,0,0,0,0,0,0.05,0,2016-08-28
0,0,0.08,0.02,0.09,0,0,0,0,0,0,0,0,0.05,0,2016-08-29
0,0,0.08,0.05,0.09,0.31,0,0.45,0.05,0,0,0.05,0,0.05,0.2,2016-08-30
0,0,0,0.05,0.09,0.31,0,0.45,0.05,0,0,0.05,0,0.05,0.2,2016-08-31
0,0,0.02,0,0.09,0,0,0,0,0,0,0.04,0,0.05,0.01,2016-09-01
1.43,0.01,0.7,0.01,0.09,0,0.27,1.37,0.2,0,0.2,3.7,0.55,0.05,0.7,2016-09-02
1.43,0.01,0.7,0.01,0.09,0,0.27,1.37,0.2,0,0.2,3.7,0.55,0.05,0.7,2016-09-03
0,0.16,0,0.01,0.09,0,0,0,0.11,0,0,0,0,0.05,0,2016-09-04
0,0.16,0,0.21,0.09,0,0,0,0.11,0,0,0,0.13,0.05,0,2016-09-05
0,0,0,0.21,0.09,0,0,0,0,0,0,0,0.13,0.05,0,2016-09-06
0,0,0,0,0.09,0,0,0,0,0,0,0,0,0.05,0,2016-09-07
0,0,0,0,0.09,0,0,0,0,0,0,0,0,0.05,0,2016-09-08
0,0,0,0,0.09,0,0,0,0,0,0,0,0,0.05,0,2016-09-09
0,0,0,0,0.09,0,0.08,0,0,0,0.01,0,0,0.05,0.46,2016-09-10
0,0,0,0,0.09,0,0.08,0,0,0,0.01,0,0,0.05,0.46,2016-09-11
0,0,0,0,0.09,0,0,0,0,0,0,0,0,0.05,0,2016-09-12
0,0.95,0.02,0.01,0.09,0,0.08,0,0,0,0,0,0.24,0.05,0,2016-09-13
0,0.95,0.02,0.01,0.09,0,0.08,0,0,0,0.16,0,0.24,0.05,0,2016-09-14
0,0,0,0,0.09,0,0,0,0,0,0.16,0,0,0.05,0,2016-09-15
0,0,0,0,0.09,0,0,0,0,0,0,0,0,0.05,0,2016-09-16
0,0,0,0,0.09,0,0,0,0,0,0,0,0,0.05,0,2016-09-17
0,0,0,0,0.09,0,0,0,0,0,0,0,0,0.05,0,2016-09-18
0,0,0,0,0.09,0,0,0,0,0,0,0,0,0.05,0,2016-09-19
0,0,0,0,0.09,0,0,0,0,0,0,0,0,0.05,0,2016-09-20
0,0,0,0,0.09,0,0,0,0,0,0,0,0,0.05,0,2016-09-21
0,0,0.59,0,0.09,0,0.52,0,0.56,0,0,0,0,0.05,0,2016-09-22
0,0,0.59,0.01,0.09,0,0.52,0,0.56,0,0,0,0,0.05,0.09,2016-09-23
0,0,0,0.01,0.09,0,0,0,0,0,0,0,0,0.05,0.09,2016-09-24
1.36,0.53,1.18,0.65,0.09,0.22,0.73,0.08,0.31,0,0.95,0.67,0.2,0.05,0.74,2016-09-25
1.8,0.64,2.07,0.97,0.09,1.16,0.73,0.5,0.75,0,0.96,0.67,0.75,0.05,0.74,2016-09-26
1.8,0.64,2.07,0.97,0.09,1.16,0.7,0.5,0.75,0,0.96,0.46,0.75,0.05,0.47,2016-09-27
0,0,0,0,0.09,0,0,0,0,0,0,0,0,0.05,0,2016-09-28
0,0,0,0,0.09,0,0,0,0,0,0,0,0,0.05,0,2016-09-29
0,0,0,0,0.09,0,0,0,0,0,0,0,0,0.05,0,2016-09-30
0,0,0,0,0.09,0,0,0,0,0,0,0,0,0.05,0,2016-10-01
0,0,0,0,0.09,0,0,0,0,0,0,0,0,0.05,0,2016-10-02
0,0,0,0,0.09,0,0,0,0,0,0,0,0,0.05,0,2016-10-03
0,0,0,0,0.09,0,0,0,0,0,0,0,0,0.05,0,2016-10-04
0,0,0,0,0.09,0,0,0,0,0,0,0,0,0.05,0,2016-10-05
0,0,0,0,0.09,0,0,0,0,0,0,0,0,0.05,0,2016-10-06
0,0,0,0,0.09,0,0,0,0,0,0.01,0,0,0.05,0,2016-10-07
0,0,0,0,0.09,0,0,0,0,0,0,0,0,0.05,0,2016-10-10
0,0,0,0,0.09,0,0,0,0,0,0,0,0,0.05,0,2016-10-11
0,0,0,0,0.09,0.15,0,0,0,0,0,0,0,0.05,0,2016-10-12
0,0.18,0.13,0,0.09,0.15,0,0,0,0,0.06,0,0,0.05,0,2016-10-13
0,0.18,0.13,0,0.09,0,0,0,0,0,0.06,0,0,0.05,0,2016-10-14
0,0.05,0,0,0.09,0,0,0,0,0,0,0,0,0.05,0,2016-10-15
0,0,0,0,0.09,0,0,0,0,0,0,0,0,0.05,0,2016-10-16
0,0,0,0,0.09,0,0,0,0,0,0,0,0,0.05,0,2016-10-17
0,0,0,0,0.09,0,0,0,0,0,0,0,0,0.05,0,2016-10-18
0,0,0,0.59,0.09,0,0,0,0,0,0,0,0,0.05,0.52,2016-10-19
0.43,0,0,0.59,0.09,0.08,0,0.14,0,0,0,0.02,0,0.05,0.52,2016-10-20
0.43,0,0,0,0.09,0.08,0,0.53,0,0,0,0.02,0,0.05,0,2016-10-21
0,0,0,0,0.09,0,0,0.53,0,0,0,0,0,0.05,0,2016-10-22
0,0,0,0,0.09,0,0,0,0,0,0,0,0,0.05,0,2016-10-23
0,0,0,0,0.09,0,0,0,0,0,0,0,0,0.05,0,2016-10-24
0,0,0,0,0.09,0,0,0,0,0,0,0,0,0.05,0,2016-10-25
0,0,0,0,0.09,0,0,0,0,0,0,0,0,0.05,0,2016-10-26
0,0,0,0,0.09,0,0,0,0,0,0,0,0,0.05,0,2016-10-27
0,0,0,0,0.09,0,0,0,0,0,0,0,0,0.05,0,2016-10-28
0,0,0,0,0.09,0,0,0,0,0,0,0,0,0.05,0,2016-10-29
0,0,0,0,0.09,0,0,0,0,0,0,0,0,0.05,0,2016-10-30
0,0,0,0,0.09,0,0,0,0,0,0,0,0,0.05,0,2016-10-31
0,0,0,0,0.09,0,0,0,0,0,0,0,0,0.05,0,2016-11-01
0,0,0,0,0.09,0.54,0,0,0.02,0,0,0,0,0.05,0,2016-11-02
0.08,0.06,0.98,0.06,0.09,0.54,0.01,0.02,0.09,0,0.36,0.92,0.25,0.05,0.03,2016-11-03
0.08,0.06,0.98,0.06,0.09,0.06,0.29,0.56,0.09,0,0.37,0.93,0.25,0.05,0.06,2016-11-04
0.02,0,0,0.03,0.09,0.06,0.29,0.56,0.07,0,0.05,0.28,0,0.05,0.06,2016-11-05
0.19,0,0.03,0.57,0.09,0.07,0.11,0.1,0.2,0,0.14,0.07,0,0.05,0.24,2016-11-06
0.19,0,0.03,0.57,0.09,0.4,0.11,0.33,0.2,0,0.14,0.07,0.05,0.05,0.24,2016-11-07
0.56,1.32,0.05,0.85,0.09,1.19,0.78,0.83,0.99,0,1.38,1.22,0.05,0.05,1,2016-11-08
1.1,1.32,0.7,1.26,0.09,1.19,0.78,0.83,1,0,1.38,1.22,0.26,0.05,1.02,2016-11-09
1.1,0.25,0.7,1.26,0.09,0.7,0.48,0.39,0.34,0,0.37,0.13,0.26,0.05,1.02,2016-11-10
0.08,0.03,0.07,0.02,0.09,0,0,0,0.02,0,0.07,0.06,0.01,0.05,0,2016-11-11
0.08,0,0,0.02,0.09,0,0,0,0.02,0,0.07,0.06,0,0.05,0,2016-11-12
0,0,0,0,0.09,0,0,0,0,0,0,0,0,0.05,0,2016-11-13
0,0,0,0,0.09,0,0,0,0,0,0,0,0,0.05,0,2016-11-14
0,0,0,0,0.09,0,0,0,0,0,0,0,0,0.05,0,2016-11-15
0,0,0,0,0.09,0,0,0,0,0,0,0,0,0.05,0,2016-11-16
0,0,0,0,0.09,0,0,0,0,0,0,0,0,0.05,0,2016-11-17
0,0,0.06,0,0.09,0,0,0,0,0,0,0,0,0.05,0,2016-11-18
0,0,0.06,0,0.09,0,0,0,0,0,0,0,0,0.05,0,2016-11-19
0,0,0,0,0.09,0,0,0,0,0,0,0,0,0.05,0,2016-11-20
0,0,0,0,0.09,0,0,0,0,0,0,0,0,0.05,0,2016-11-21
0,0,0,0,0.09,0,0,0,0,0,0,0,0,0.05,0,2016-11-22
0,0,0,0,0.09,0,0,0,0,0,0,0,0,0.05,0,2016-11-23
0,0,0,0,0.09,0,0,0,0,0,0,0,0,0.05,0,2016-11-24
0.02,0,0,0,0.09,0,0,0,0,0,0,0,0,0.05,0,2016-11-25
0,0,0,0,0.09,0,0,0,0,0,0,0,0,0.05,0,2016-11-26
0,0,0,0,0.09,0,0,0,0,0,0,0,0,0.05,0,2016-11-27
0,0,0,0,0.09,0,0,0,0,0,0,0,0,0.05,0,2016-11-28
0,0,0,0,0.09,0,0,0,0,0,0,0,0,0.05,0,2016-11-29
0,0,0,0,0.09,0,0,0,0,0,0,0,0,0.05,0,2016-11-30
0,0,0,0,0.09,0,0,0,0,0,0,0,0,0.05,0,2016-12-01
0.47,1.15,0.63,0.15,0.09,0.11,0.15,0.46,0.16,0,0.44,0.48,1.1,0.05,0.06,2016-12-02
1.28,2.01,1.37,1.7,0.09,2.34,0.49,2.65,0.8,0,0.69,1.48,1.21,0.05,2.24,2016-12-03
1.28,2.01,1.37,1.7,0.09,2.34,0.49,2.65,0.8,0,0.69,1.48,1.21,0.05,2.24,2016-12-04
0.29,0.85,0.47,0.62,0.09,1.13,0.26,0.97,0.09,0,0.23,0.96,0.67,0.05,0.59,2016-12-05
0.29,0.85,0.47,0.62,0.09,1.13,0.23,0.97,0.05,0,0.23,0.96,0.67,0.05,0.59,2016-12-06
0,0,0,0,0.09,0,0,0,0.09,0,0,0.56,0,0.05,0,2016-12-07
0,0,0,0,0.09,0,0,0,0.09,0,0.25,0.56,0,0.05,0,2016-12-08
0,0,0,0,0.09,0,0,0,0.09,0,0.25,0,0,0.05,0,2016-12-09
0,0,0,0,0.09,0,0,0,0.32,0,0.01,0,0,0.05,0,2016-12-10
0.06,0.06,0.04,0.03,0.09,0.04,0.03,0.05,0.32,0,0.06,0.04,0.07,0.05,0.03,2016-12-11
0.06,0.06,0.04,0.03,0.09,0.04,0.03,0.05,0.06,0,0.06,0.04,0.07,0.05,0.03,2016-12-12
0,0.01,0,0,0.09,0,0,0,0.04,0,0,0,0,0.05,0,2016-12-13
0,0,0,0,0.09,0,0,0,0.04,0,0,0,0,0.05,0,2016-12-14
0,0,0,0,0.09,0,0,0,0,0,0,0,0,0.05,0,2016-12-15
0,0,0,0,0.09,0,0,0,0,0,0,0,0,0.05,0,2016-12-16
0.02,0,0,0,0.09,0.01,0.01,0,0.01,0,0,0,0,0.05,0,2016-12-17
0,0,0,0,0.09,0,0,0,0,0,0,0,0,0.05,0,2016-12-19
0,0,0,0,0.09,0,0,0,0,0,0,0,0,0.05,0,2016-12-20
0,0,0,0,0.09,0,0,0,0,0,0,0,0,0.05,0,2016-12-21
0,0,0,0,0.09,0,0,0,0,0,0,0,0,0.05,0,2016-12-22
0,0,0,0,0.09,0,0,0,0,0,0,0,0.03,0.05,0,2016-12-23
0.2,0,0,0.03,0.09,0,0,0,0.02,0,0,0.01,0.03,0.05,0,2016-12-24
0.2,0,0,0.03,0.09,0,0,0,0.02,0,0,0.01,0,0.05,0,2016-12-25
0,0,0,0,0.09,0,0,0,0,0,0,0,0,0.05,0,2016-12-26
0,1.12,0.61,0,0.09,0,0,0,0,0,0.03,0.05,1.1,0.05,0,2016-12-27
0,1.12,0.61,0,0.09,0,0,0,0,0,0.03,0.05,1.1,0.05,0,2016-12-28
0,0,0,0,0.09,0,0,0,0,0,0,0,0,0.05,0,2017-01-05
0,0,0,0,0.09,0,0,0,0,0,0,0,0,0.05,0,2017-01-06
0,0,0,0,0.09,0,0,0,0,0,0,0,0,0.05,0,2017-01-07
0,0,0,0,0.09,0,0,0,0,0,0,0,0,0.05,0,2017-01-08
0,0,0,0,0.09,0,0,0,0,0,0,0,0,0.05,0,2017-01-09
0,0,0,0,0.09,0,0,0,0,0,0,0,0,0.05,0,2017-01-10
0,0,0,0,0.09,0,0,0,0.63,0,0,0,0,0.05,0,2017-01-11
0,0,0,0,0.09,0,0,0,0.63,0,0,0,0,0.05,0,2017-01-12
0,0,0.04,0,0.09,0,0,0,0,0,0,0.05,0.08,0.05,0,2017-01-13
0.38,0.02,0.04,0.37,0.09,0,0.36,0,0.24,0,0.17,0.26,0.08,0.05,0.23,2017-01-14
0.38,0.09,0.07,0.37,0.09,0,0.36,0.01,0.24,0,0.17,0.26,0.04,0.05,0.23,2017-01-15
1.84,0.58,1.72,1.19,0.09,0.42,0.89,0.74,0.52,0,1.07,1.1,1,0.05,0.23,2017-01-16
1.84,0.58,1.72,1.19,0.09,0.42,0.89,0.74,0.52,0,1.07,1.1,1,0.05,0.23,2017-01-17
0.61,0.11,0.25,0.68,0.09,0.28,0.21,0.18,0.13,0,0.29,0.05,0,0.05,0.23,2017-01-18
0,0.11,0.25,0.68,0.09,0.28,0.21,0.18,0.13,0,0.29,0.05,0,0.05,0.23,2017-01-19
0,0,0,0,0.09,0.01,0,0,0,0,0,0,0,0.05,0.03,2017-01-20
0,0,0,0,0.09,0,0,0,0,0,0,0,0,0.05,0,2017-01-21
0,0,0,0,0.09,0,0,0,0,0,0,0,0,0.05,0,2017-01-22
0,0,0,0,0.09,0,0,0,0,0,0,0,0,0.05,0,2017-01-23
0,0,0,0,0.09,0,0,0,0,0,0,0,0,0.05,0,2017-01-24
0,0,0,0,0.09,0,0,0,0,0,0,0,0,0.05,0,2017-01-25
0,0,0,0,0.09,0,0,0,0,0,0,0,0,0.05,0,2017-01-26
0,0,0,0,0.09,0,0,0,0,0,0,0,0,0.05,0,2017-01-27
0,0,0,0,0.09,0.01,0,0.01,0,0,0,0,0,0.05,0,2017-01-28
0,0,0,0,0.09,0.01,0,0.01,0,0,0,0,0,0.05,0,2017-01-29
0,0,0,0,0.09,0,0,0,0,0,0,0,0,0.05,0,2017-01-30
0,0,0,0,0.09,0,0,0,0,0,0,0,0,0.05,0,2017-01-31
0,0,0,0,0.09,0,0,0,0,0,0,0,0,0.05,0,2017-02-01
0,0,0,0,0.09,0,0,0,0,0,0,0,0,0.05,0,2017-02-02
0,0,0,0,0.09,0,0,0,0,0,0,0,0,0.05,0,2017-02-03
0,0,0.04,0,0.09,0,0,0,0,0,0,0,0,0.05,0,2017-02-04
0,0,0.04,0,0.09,0,0,0,0,0,0,0,0,0.05,0,2017-02-05
0,0,0.01,0,0.09,0,0,0,0,0,0,0,0,0.05,0,2017-02-06
0,0,0,0,0.09,0,0,0,0,0,0,0,0,0.05,0,2017-02-07
0,0,0,0,0.09,0,0,0,0,0,0,0,0,0.05,0,2017-02-08
0,0,0,0,0.09,0,0,0,0,0,0,0,0,0.05,0,2017-02-09
0.55,0,0,0,0.09,0,0,0,0,0,0,0,0.51,0.05,0,2017-02-10
0.55,0,0,0,0.09,0,0,0,0,0,0,0,0.51,0.05,0,2017-02-11
0,0,0,0,0.09,0,0,0,0,0,0,0,0,0.05,0,2017-02-12
0,0,0.05,0,0.09,0,0,0,0,0,0,0,0,0.05,0,2017-02-13
1.27,1.31,0.97,1.27,0.09,1.36,0.75,1.17,0.41,0,0.71,1.2,1.08,0.05,0.23,2017-02-14
1.27,1.31,0.97,1.27,0.09,1.36,0.75,1.17,0.41,0,0.71,1.2,1.08,0.05,0.23,2017-02-15
0,0,0,0,0.09,0,0.06,0,0,0,0,0,0,0.05,0.03,2017-02-16
0,0,0,0,0.09,0,0,0,0,0,0,0,0,0.05,0,2017-02-17
0,0,0,0,0.09,0,0,0,0,0,0,0,0,0.05,0.03,2017-02-21
0,0,0,0,0.09,0,0,0,0,0,0,0,0,0.05,0.03,2017-02-22
0,0,0,0,0.09,0,0.2,0,0,0,0,0,0,0.05,0.52,2017-02-23
0,0,0,0,0.09,0,0.2,0,0,0,0,0,0,0.05,0.52,2017-02-24
0,0,0,0,0.09,0,0,0,0,0,0,0,0,0.05,0,2017-02-25
0,0,0,0,0.09,0,0,0,0,0,0,0,0,0.05,0,2017-02-26
0,0,0,0,0.09,0,0,0,0,0,0,0,0,0.05,0,2017-02-27
0,0,0,0,0.09,0,0,0,0,0,0,0,0,0.05,0,2017-02-28
0,0,0,0,0.09,0,0,0,0,0,0,0,0,0.05,0,2017-03-01
0,0,0,0,0.09,0,0,0,0,0,0,0,0,0.05,0,2017-03-02
0,0,0,0,0.09,0,0,0,0,0,0,0,0,0.05,0,2017-03-03
0.46,0.63,0.38,0.5,0.09,0.8,0.71,0.65,0.53,0,0.65,0.53,0.55,0.05,0.7,2017-03-04
0.46,0.63,0.39,0.5,0.09,0.8,0.71,0.65,0.53,0,0.65,0.53,0.56,0.05,0.7,2017-03-05
0.15,0.53,0.22,0.21,0.09,0.12,0.17,0.14,0.18,0,0.21,0.29,0.49,0.05,0.16,2017-03-06
0,0,0,0,0.09,0,0,0,0.01,0,0,0,0,0.05,0,2017-03-07
0,0,0,0,0.09,0,0,0,0,0,0,0,0,0.05,0,2017-03-08
0,0,0,0,0.09,0,0,0,0,0,0.03,0,0,0.05,0,2017-03-09
0,1.06,0.02,0,0.09,0,0.47,0.06,0.02,0,0.08,0.03,0.36,0,0,2017-03-10
0,1.06,0.02,0,0.09,0,0.47,0.06,0.02,0,0.08,0.03,0.36,0,0,2017-03-11
0,0,0,0.07,0.09,0,0,0.02,0.02,0,0,0,0,0,0,2017-03-12
0,0,0,0.07,0.09,0,0,0,0.02,0,0,0,0,0,0,2017-03-13
0,0,0,0,0.09,0,0,0,0,0,0,0,0,0,0,2017-03-14
0,0,0,0,0.09,0,0,0,0,0,0,0,0,0,0,2017-03-15
0,0,0,0,0.09,0,0,0,0,0,0,0,0,0,0,2017-03-16
0,0,0,0,0.09,0,0,0,0,0,0,0,0,0,0,2017-03-17
0,0,0,0,0.09,0,0,0,0,0,0,0,0,0,0,2017-03-18
0,0,0,0,0.09,0,0,0,0,0,0,0,0,0,0,2017-03-19
0,0,0,0,0.09,0,0,0.76,0,0,0,0,0,0,0,2017-03-20
0,0,0,0,0.09,0,0,0.76,0,0,0,0,0,0,0,2017-03-21
0,0,0,0,0.09,0,0,0.02,0,0,0,0,0,0,0,2017-03-22
0,0,0,0,0.09,0,0,0,0,0,0,0,0,0,0,2017-03-23
0.02,0,0.03,0,0.09,0,0.03,0,0,0,0,0,0,0,0,2017-03-24
0.02,0,0.03,0,0.09,0,0.03,0,0,0,0,0,0,0,0,2017-03-25
0,0,0,0,0.09,0,0,0,0,0,0,0,0,0,0,2017-03-26
0,0,0,0.57,0.09,0,0,0,0,0,0,0,0,0,0,2017-03-27
0,0,0,0.57,0.09,0,0,0,0,0,0,0,0,0,0,2017-03-28
1.15,0.56,0.47,0.46,0.09,1.06,0.43,1.27,0.16,0,0.54,0.74,0.65,0,0.43,2017-03-29
1.15,0.56,0.47,0.46,0.09,1.06,0.43,1.27,0.16,0,0.54,0.74,0.65,0,0.43,2017-03-30
0,0,0,0,0.09,0,0,0,0,0,0,0,0,0,0,2017-03-31
0,0,0,0,0.09,0,0,0,0,0,0,0,0,0,0,2017-04-01
1.51,1.47,1.14,1.22,0.09,0.81,0.74,0.89,0.51,0,0.44,1.23,0.82,0,0.54,2017-04-02
1.51,1.47,1.14,1.22,0.09,0.81,0.74,0.89,0.51,0,0.44,1.23,0.82,0,0.54,2017-04-03
0,0,0,0,0.09,0,0,0,0,0,0,0,0,0,0,2017-04-04
0,0,0,0,0.09,0,0,0,0,0,0,0,0,0,0,2017-04-05
0,0,0,0,0.09,0.48,0,0,0,0,0,0,0,0,0,2017-04-06
0,0,0,0,0.09,0.48,0,0,0,0,0,0,0,0,0,2017-04-07
0,0,0,0,0.09,0,0,0,0,0,0,0,0,0,0,2017-04-08
0,0,0,0,0.09,0,0,0,0,0,0,0,0,0,0,2017-04-09
0,0,0,0,0.09,0,0,0,0,0,0,0,0,0,0,2017-04-10
0.56,1.38,0.08,0.38,0.09,0.04,0.69,0.23,0.18,0,0.27,0.68,2.35,0,0.42,2017-04-11
0.56,1.38,0.08,0.38,0.09,0.04,0.69,0.23,0.18,0,0.27,0.68,2.35,0,0.42,2017-04-12
0,0,0.01,0,0.09,0.01,0.02,0,0.01,0,0.07,0,0.08,0,0.15,2017-04-13
0.06,0,0.01,0,0.09,0.01,0.02,0,0,0,0.07,0,0.08,0,0.15,2017-04-14
0,0,0,0,0.09,0.01,0.01,0,0,0,0,0,0,0,0,2017-04-15
0,0,0,0,0.09,0,0,0,0,0,0,0,0,0,0,2017-04-16
0.09,0.56,0.28,0.44,0.09,0.13,0.51,0.43,0.12,0,0.1,0.28,0.5,0,0.18,2017-04-17
0,0.56,0.28,0.44,0.09,0.13,0.51,0.43,0.12,0,0.1,0.28,0.5,0,0.18,2017-04-18
0,0,0,0,0.09,0.04,0,0,0,0,0,0,0,0,0,2017-04-19
0,0,0,0,0.09,0,0,0,0,0,0,0,0,0,0,2017-04-20
0,0,0,0,0.09,0,0,0,0,0,0,0,0,0,0,2017-04-21
0,0,0,0,0.09,0,0,0,0,0,0,0,0,0,0,2017-04-22
0,0,0,0,0.09,0,0,0,0,0,0,0,0,0,0,2017-04-23
0,0,0,0,0.09,0,0,0,0,0,0,0,0,0,0,2017-04-24
0,0,0,0,0.09,0,0,0,0,0,0,0,0,0,0,2017-04-25
0,0,0,0,0.09,0,0,0,0,0,0,0,0,0,0,2017-04-26
0,0,0,0,0.09,0,0,0,0,0,0,0,0,0,0,2017-04-27
0,0,0,0,0.09,0,0,0,0,0,0,0,0,0,0,2017-04-28
0,0,0,0,0.09,0,0,0,0,0,0,0,0,0,0,2017-04-29
0.04,0,0.14,0.06,0.09,0.09,0.07,0.06,0.03,0,0.17,0.04,0.03,0,0.05,2017-04-30
0.04,0,0.14,0.06,0.09,0.09,0.07,0.06,0.03,0,0.17,0.04,0.03,0,0.05,2017-05-01
0,0,0,0,0.09,0.06,0,0,0,0,0,0,0,0,0.02,2017-05-02
0,0,0,0,0.09,0,0,0,0,0,0,0,0,0,0,2017-05-03
0,0,0,0,0.09,0,0,0.01,0,0,0,0,0,0,0,2017-05-04
0,0,0,0,0.09,0,0,0.01,0,0,0,0,0,0,0,2017-05-05
