max(ME002_AccDaily),max(ME003_AccDaily),max(ME005_AccDaily),max(ME006_AccDaily),max(ME007_AccDaily),max(ME008_AccDaily),max(ME009_AccDaily),max(ME010_AccDaily),max(ME011_AccDaily),max(ME015_AccDaily),max(UV012_AccDaily),max(UV013_AccDaily),max(UV014_AccDaily),max(UV016_AccDaily),max(UV017_AccDaily),max(UV018_AccDaily),max(UV019_AccDaily),the_date
0,0,0,0,0,0,0,0,0,0,0,0,0,0,0,0,0,2014-02-12
0,0,0,0,0,0,0,0,0,0,0,0,0,0,0,0,0,2014-02-13
0,0,0,0,0,0,0,0,0,0,0,0,0,0,0,0,0,2014-02-14
0,0,0,0,0,0,0,0,0,0,0,0,0,0,0,0,0,2014-02-15
0,0,0,0,0,0,0,0,0,0,0,0,0,0,0,0,0,2014-02-16
0,0,0,0,0,0,0,0,0,0,0,0,0,0,0,0,0,2014-02-17
0,0,0,0,0,0,0,0,0,0,0,0,0,0,0,0,0,2014-02-18
0,0,0,0,0,0,0,0,0,0,0,0,0,0,0,0,0,2014-02-19
0,0,0,0,0,0,0,0,0,0,0,0,0,0,0,0,0,2014-02-20
0,0,0,0,0,0,0,0,0,0,0,0,0,0,0,0,0,2014-02-21
0,0,0,0,0,0,0,0,0,0,0,0,0,0,0,0,0,2014-02-22
0,0,0,0,0,0,0,0,0,0,0,0,0,0,0,0,0,2014-02-23
0,0,0,0,0,0,0,0,0,0,0,0,0,0,0,0,0,2014-02-24
0,0,0,0,0,0,0,0,0,0,0,0,0,0,0,0,0,2014-02-25
0.47,0.32,0.15,0.6,0.63,0.18,0,0.3,0.42,0.26,0.73,0.48,0,0.61,0.3,0.25,0.39,2014-02-26
0.47,0.32,0.15,0.6,0.63,0.18,0,0.3,0.42,0.26,0.73,0.48,0,0.61,0.3,0.25,0.39,2014-02-27
0,0,0.03,0,0,0,0,0,0,0,0,0,0,0,0,0.05,0.01,2014-02-28
0,0,0,0,0,0,0,0,0,0,0,0,0,0,0,0,0.01,2014-03-01
0,0,0,0,0.01,0,0,0,0,0,0.03,0.06,0,0.01,0,0,0.07,2014-03-02
0,0,0,0,0.01,0,0,0,0,0,0.03,0.06,0,0.01,0,0,0.07,2014-03-03
0,0,0,0,0,0,0,0,0.06,0,0.01,0,0,0,0,0.09,0.01,2014-03-04
0,0,0,0,0,0,0,0,0.06,0,0,0,0,0,0,0.09,0.01,2014-03-05
0,0,0,0,0,0,0,0,0,0,0,0,0,0,0,0,0,2014-03-06
0,0,0,0,0,0,0,0,0,0,0,0,0,0,0,0,0,2014-03-07
0.01,0,0,0,0,0,0,0,0,0,0,0,0,0,0.01,0.01,0,2014-03-08
0.01,0.02,0.03,0.01,0.01,0.04,0,0.09,0.01,0.02,0.09,0.08,0,0.04,0.03,0.01,0.01,2014-03-09
0.21,0.11,0.07,0.18,0.13,0.09,0,0.11,0.14,0.16,0.11,0.14,0,0.08,0.2,0.05,0.14,2014-03-10
0.21,0.11,0.07,0.18,0.13,0.09,0,0.11,0.14,0.16,0.11,0.14,0,0.08,0.2,0.05,0.14,2014-03-11
0,0.02,0,0,0,0.01,0,0,0,0,0,0,0,0,0.04,0.01,0.01,2014-03-12
0,0,0,0,0,0,0,0,0,0,0,0,0,0,0.02,0,0,2014-03-13
0,0,0,0,0,0,0,0,0,0,0,0,0,0,0,0,0,2014-03-14
0,0,0,0,0,0,0,0,0,0,0,0,0,0,0,0,0,2014-03-15
0.02,0,0,0.02,0,0,0,0,0,0.02,0,0,0,0,0,0,0,2014-03-16
0.02,0,0,0.02,0,0,0,0,0,0.02,0,0,0,0,0,0,0,2014-03-17
0,0,0,0,0,0,0,0,0,0,0,0,0,0,0,0,0,2014-03-18
0,0,0,0,0,0,0,0,0,0,0,0,0,0,0,0,0,2014-03-19
0,0,0,0,0,0,0,0,0,0,0,0,0,0,0,0,0,2014-03-20
0,0,0,0,0,0,0,0,0,0,0,0,0,0,0,0,0,2014-03-21
0,0,0,0,0,0,0,0,0,0,0,0,0,0,0,0,0,2014-03-22
0,0,0,0,0,0,0,0,0,0,0,0,0,0,0,0,0,2014-03-23
0,0,0,0,0,0,0,0,0,0,0,0,0,0,0,0,0,2014-03-24
0,0,0,0,0,0,0,0,0,0,0,0,0,0,0,0,0,2014-03-25
0.46,0.21,0.07,0.44,0.21,0.06,0,0.09,0.02,0.26,0.25,0.09,0,0.08,0.13,0,0.17,2014-03-26
0.46,0.21,0.09,0.44,0.21,0.13,0,0.11,0.12,0.26,0.25,0.15,0,0.16,0.13,0.01,0.17,2014-03-27
0.06,0.07,0.09,0.06,0.04,0.13,0,0.11,0.12,0.05,0.12,0.15,0,0.16,0.08,0.01,0.09,2014-03-28
0,0.02,0.01,0,0,0,0,0,0,0,0,0,0,0,0.04,0,0,2014-03-29
0,0,0,0,0,0,0,0,0,0,0,0,0,0,0,0,0,2014-03-30
0,0,0,0,0,0,0,0,0,0,0,0,0,0,0,0.72,0,2014-03-31
0,0,0,0,0,0,0,0,0,0,0,0,0,0,0,0.72,0,2014-04-01
0,0,0.25,0.48,0,0,0,0,0,0,0,0,0,0,0,0.02,0,2014-04-02
0,0,0.25,0.48,0,0,0,0,0,0,0,0,0,0,0,0,0,2014-04-03
0.12,0,0.03,0.19,0.09,0,0,0,0,0.66,0.01,0,0,0,0.77,0,0.05,2014-04-04
0.12,0,0,0.19,0.09,0,0,0,0,0.66,0.01,0,0,0,0.77,0,0.05,2014-04-05
0.03,0,0,0,0,0,0,0,0,0,0,0,0,0,0,0,0.01,2014-04-06
0.03,0.02,0.16,0.05,0,0.28,0,0.09,0.02,0.01,0,0,0,0,0,0.07,0.02,2014-04-07
0.03,0.02,0.16,0.05,0,0.28,0,0.52,0.55,0.01,0,0,0,0,0,0.07,0.02,2014-04-08
0,0.02,0.01,0,0,0,0,0.52,0.55,0,0,0,0,0,0,0.03,0,2014-04-09
0,0,0,0,0,0,0,0,0,0,0,0,0,0,0,0,0,2014-04-10
0,0,0,0,0,0,0,0,0,0,0,0,0,0,0,0,0,2014-04-11
0,0,0,0,0,0,0,0,0,0,0,0,0,0,0,0,0,2014-04-12
0,0,0,0,0,0,0,0,0,0,0,0,0,0,0,0,0,2014-04-13
0.38,0.97,0.31,0.28,0.93,0.04,0,0.16,0.02,0.05,0.83,0.01,0,0.77,0.06,0,0.54,2014-04-14
0.38,0.97,0.31,0.28,0.93,0.04,0,0.16,0.02,0.05,0.83,0.01,0,0.77,0.06,0,0.54,2014-04-15
0,0,0,0,0,0,0,0,0,0,0,0,0,0,0,0,0,2014-04-16
0,0,0,0,0,0,0,0,0,0,0,0,0,0,0,0,0,2014-04-17
0,0,0,0,0,0,0,0,0,0,0,0,0,0,0,0,0,2014-04-18
0,0,0,0,0,0,0,0,0,0,0,0,0,0,0,0,0,2014-04-19
0,0,0,0,0,0.01,0,0.01,0.08,0,0.06,0,0,0.13,0.01,0.11,0.05,2014-04-20
0,0,0,0,0,0.01,0,0.01,0.08,0,0.06,0,0,0.13,0.01,0.11,0.05,2014-04-21
0,0,0,0,0,0,0,0.01,0.03,0,0.04,0,0,0,0.01,0.02,0,2014-04-22
0,0,0,0,0,0,0,0,0,0,0.04,0,0,0,0.01,0,0,2014-04-23
0,0,0,0,0,0,0,0,0,0,0.52,0,0,0,0.56,0,0.49,2014-04-24
0,0,0,0,0,0,0,0,0,0,0.52,0,0,0,0.56,0,0.49,2014-04-25
0,0,0,0,0,0,0,0,0,0,0,0,0,0,0,0,0,2014-04-26
0,0,0,0,0,0,0,0,0,0,0,0,0,0,0,0,0,2014-04-27
0,0,0,0,0,0,0,0,0,0,0,0,0,0,0,0,0,2014-04-28
0,0,0,0,0,0,0,0,0,0,0,0,0,0,0,0,0,2014-04-29
0,0,0,0,0,0,0,0,0,0,0,0,0,0,0,0,0,2014-04-30
0,0,0,0,0,0,0,0,0,0,0,0,0,0,0,0,0,2014-05-01
0,0,0,0,0,0,0,0,0,0,0,0,0,0,0,0,0,2014-05-02
0,0,0,0,0,0,0,0,0,0,0,0,0,0,0,0,0,2014-05-03
0,0,0,0,0,0,0,0,0,0,0,0,0,0,0,0,0,2014-05-04
0,0,0,0,0,0,0,0,0,0,0,0,0,0,0,0,0,2014-05-05
0,0,0,0,0,0,0,0,0,0,0,0,0,0,0,0,0,2014-05-06
0,0,0,0,0,0,0,0,0,0,0,0,0,0,0,0,0,2014-05-07
0,0,0,0,0,0,0,0,0,0,0,0,0,0,0,0,0,2014-05-08
0.1,0.1,0.23,0.26,0.1,0.4,0,0.7,0.02,0.35,1.2,0,0,0.16,0.67,0.09,0.26,2014-05-09
0.1,0.1,0.23,0.26,0.1,0.4,0,0.7,0.02,0.35,1.2,0,0,0.16,0.67,0.09,0.26,2014-05-10
0,0.06,0,0,0,0,0,0,0,0,0,0,0,0,0,0,0,2014-05-11
0,0,0,0,0,0,0,0,0,0,0,0,0,0,0,0,0,2014-05-12
1.57,0.85,1.36,1.35,1.71,1.4,0,2.09,2.52,1.59,1.29,0,0,0.79,0.24,0.49,0.87,2014-05-13
1.57,0.85,1.36,1.35,1.71,1.4,0,2.09,2.52,1.59,1.29,0,0,0.79,0.24,0.49,0.87,2014-05-14
0,0.02,0,0,0,0,0,0,0,0,0,0,0,0,0.03,0,0,2014-05-15
0,0.02,0,0,0,0,0,0,0,0,0,0,0,0,0.03,0,0,2014-05-16
0,0,0,0,0,0,0,0,0,0,0,0,0,0,0,0,0,2014-05-17
0,0,0,0,0,0,0,0,0,0,0,0,0,0,0,0,0,2014-05-18
0,0,0,0,0,0,0,0,0,0,0,0,0,0,0,0,0,2014-05-19
0,0,0,0,0,0,0,0,0,0,0,0,0,0,0,0,0,2014-05-20
0,0,0,0,0,0,0,0,0,0,0,0,0,0,0,0,0,2014-05-21
0,0,0,0,0,0,0,0,0.01,0,0,0,0,0,0,0,0,2014-05-22
0.15,0.16,0.12,0.31,0.27,0.09,0,0.13,0.16,0.38,0.33,0,0,0.27,0.23,0.17,0.32,2014-05-23
0.15,0.16,0.12,0.31,0.27,0.09,0,0.13,0.16,0.38,0.33,0,0,0.27,0.23,0.17,0.32,2014-05-24
0,0.1,0.01,0,0.03,0.03,0,0.12,0.38,0,0.01,0,0,0.14,0.03,0.93,0.02,2014-05-25
1.91,5.43,0.24,3.25,3.26,3.74,0,3.91,2.62,3.81,3.51,0.23,0,3.63,0.23,5.7,2.52,2014-05-26
1.91,5.43,0.24,3.25,3.26,3.74,0,3.91,2.62,3.81,3.51,0.23,0,3.63,0.23,5.7,2.52,2014-05-27
0,0.04,0.05,0,0,0.01,0,0.01,0.05,0,0,0,0,0.55,0.02,0.05,0.01,2014-05-28
0,0.02,0.05,0,0,0,0,0,0,0,0,0,0,0.55,0.02,0,0,2014-05-29
0,0,0.03,0,0,0,0,0,0,0,0,0.26,0,0,0,0,0,2014-05-30
0,0,0.03,0,0,0,0,0,0,0,0,0.26,0,0,0,0,0,2014-05-31
0,0,0.03,0,0,0,0,0,0,0,0,0,0,0,0,0,0,2014-06-01
0,0,0.03,0,0,0,0,0,0,0,0,0,0,0,0,0,0,2014-06-02
0,0,0.03,0,0,0,0,0,0,0,0,0,0,0,0,0,0,2014-06-03
0,0,0,0,0,0,0,0,0,0,0,0,0,0,0,0,0,2014-06-04
0,0,0,0,0,0,0,0,0,0,0,0,0,0,0,0,0,2014-06-05
0,0,0,0,0.56,0,0,0,0,0.27,0,0,0,0,0,0,0,2014-06-06
0,0,0,0,0.56,0,0,0,0,0.27,0,0,0,0,0,0,0,2014-06-07
0.38,0,0,0.27,0.36,0,0,0.06,0,0.07,0,0,0,0,0,0,0,2014-06-08
0.38,0.04,0.06,0.27,0.36,0.13,0,0.06,0.05,0.06,0,0,0,0.01,0,0.06,0,2014-06-09
0.57,0.58,0.06,0,0,0.25,0,0.06,0.05,0,0,0,0,0.01,0,0.06,0,2014-06-10
0.57,0.58,0,0,0,0.25,0,0,0,0,0,0,0,0,0,0,0,2014-06-11
0,0.02,0,0,0,0,0,0,0,0,0,0,0,0,0,0,0,2014-06-12
0.08,0.12,0.11,0.1,0,0.05,0,0,0,0.42,0.04,0,0,0.37,2.28,0.04,0.37,2014-06-13
0.08,0.12,0.11,0.1,0.01,0.07,0,0,0.93,0.42,0.04,0,0,0.37,2.28,0.17,0.37,2014-06-14
0.06,0.04,0,0,0.01,0.07,0,0,0.93,0.02,0,0,0,0,0.03,0.17,0.37,2014-06-15
0,0,0,0,0,0,0,0,0,0,0,0,0,0,0,0,0.37,2014-06-16
0,0,0.05,0,0,0,0,0,0,0,0,0,0,0,0,0,0.37,2014-06-17
0,0,0.05,0,0,0,0,0,0,0,0,0,0,0,0,0,0.37,2014-06-18
0.27,0.18,0.05,0.21,0.08,0.03,0,0.13,1.39,0.31,0.38,0,0,0.55,0.3,0.51,0.37,2014-06-19
0.27,0.18,0.05,0.21,0.08,0.03,0,0.13,1.39,0.31,0.38,0,0,0.55,0.3,0.51,0,2014-06-20
0,0.03,0.03,0,0.01,0,0,0,0,0.05,0.02,0,0,0.01,0.11,0.03,0,2014-06-21
0,0,0,0,0,0,0,0,0,0,0,0,0,0,0,0.02,0,2014-06-22
0,0,0,0,0,0.03,0,0,0,0,0,0,0,0,0,0,0,2014-06-23
0,0.01,0,0,0,0.03,0,0,0,0,0,0,0,0.09,0,0,0,2014-06-24
0.99,0.01,0.29,0,0.04,0.38,0,0.4,0,0.59,0.04,0,0,0.09,1.68,0,0,2014-06-25
0.99,0.01,0.29,0,0.04,0.38,0,0.4,0.06,0.59,0.04,0,0,1.03,1.68,0.71,0,2014-06-26
0,0,0,0,0,0.01,0,0,0.06,0,0.04,0,0,1.03,0.03,0.71,0,2014-06-27
0,0,0,0,0,0,0,0,0,0,0,0,0,0,0,0,0,2014-06-28
0,0,0,0,0,0,0,0,0,0,0,0,0,0,0,0,0,2014-06-29
0,0,0,0,0,0,0,0,0,0,0,0,0,0,0,0,0,2014-06-30
0,0,0,0,0,0,0,0,0,0,0,0,0,0,0,0,0,2014-07-01
0,0,0,0,0,0,0,0,0,0,0,0,0,0,0,0,0,2014-07-02
0,0,0,0,0,0,0,0,0,0,0,0,0,0,0,0,0,2014-07-03
0,0,0,0,0,0,0,0,0,0,0,0,0,0,0,0,0,2014-07-04
0.05,0,0,0,0,0,0,0,0,0,0,0,0,0,0,0,0,2014-07-05
0.05,0,0.07,0,0,0,0,0,0,0,0,0,0,0,0,0.13,0,2014-07-06
0,0,0.07,0,0,0,0,0,0,0,0,0,0,0,0,0.13,0,2014-07-07
0,0,0,0,0,0,0,0,0,0,0,0.6,0,0,0,0.05,0,2014-07-08
0.14,0.06,0,0,0.05,0,0,0,0,0,0,0.6,0,0,0,0,0,2014-07-09
0.14,0.06,0,0,0.05,0,0,0,0,0,0,0.01,0,0,0,0,0,2014-07-10
0,0.04,0,0,0,0,0,0.01,0.02,0,0.18,0.15,0,0.59,0.27,0.08,0,2014-07-11
0,0,0,0,0,0,0,0.01,0.02,0,0.18,0.15,0,0.59,0.27,0.08,0,2014-07-12
0,0,0,0,0,0,0,0,0,0,0.01,0,0,0,0,0,0,2014-07-13
0,0,0,0,0,0,0,0,0,0,0,0,0,0,0,0,0,2014-07-14
0,0,0,0,0,0,0,0.08,0,0,0,0,0,0,0,0,0,2014-07-15
0,0,0,0,0,0,0,0.08,0,0,0,0,0,0,0,0,0,2014-07-16
0,0,0,0,0,0.01,0,0.05,0.05,0,0.26,0.07,0,0.12,0,0.09,0,2014-07-17
1.89,2.18,0,1.5,0.69,1.12,0,1.9,0.37,0,0.82,2.6,0,0.15,1.61,0.09,0,2014-07-18
1.89,2.18,0,1.5,0.69,1.12,0,1.9,0.37,0,0.82,2.6,0,0.15,1.61,0,0,2014-07-19
0,0.01,0,0,0,0,0,0,0,0,0,0.01,0,0,0,0,0,2014-07-20
0,0,0,0,0,0,0,0,0,0,0,0,0,0,0,0,0,2014-07-21
0,0,0,0,0,0,0,0,0,0,0,0,0,0,0,0,0,2014-07-22
0,0,0,0,0,0,0,0,0,0,0,0,0,0,0,0.14,0,2014-07-23
0,0,0.01,0,0,0,0,0,0,0,0,0,0,0,0,0.42,0,2014-07-24
0,0,0.01,0,0,0,0,0,0,0,0,0,0,0,0,0.42,0.23,2014-07-25
0,0,0,0,0,0,0,0,0,0,0,0,0,0,0,0,0.23,2014-07-26
0,0,0,0,0,0,0,0,0,0,0,0,0,0,0,0,0.03,2014-07-27
0,0,0,0,0,0,0,0,0,0,0,0,0,0,0,0,0,2014-07-28
0,0,0,0,0,0,0,0,0,0.62,0,0,0,0,0,0,0,2014-07-29
0,0,0,0,0,0,0,0,0,0.62,0,0,0,0,0,0,0,2014-07-30
0,0,0,0,0,0,0,0,0,0,0,0.08,0,0.1,0,0.11,0.15,2014-07-31
0,0,0,0,0,0,0,0,0,0,0,0.08,0,0.1,0,0.11,0.15,2014-08-01
0,0,0,0,0,0,0,0,0,0,0,0.03,0,0.03,0,0,0.04,2014-08-02
0,0,0,0,0,0,0,0,0,0,0,0,0,0,0,0,0.01,2014-08-03
0,0,0,0,0,0,0,0,0,0,0,0,0,0,0,0,0,2014-08-04
0,0,0,0,0,0,0,0,0,0,0,0,0,0,0,0,0,2014-08-05
0,0,0,0,0,0,0,0,0,0,0,0,0,0,0,0,0,2014-08-06
0,0,0,0,0,0,0,0,0,0,0,0,0,0,0,0,0,2014-08-07
0,0,0,0,0,0,0,0,0,0,0,0,0,0,0,0,0,2014-08-08
0,0,0,0,0,0,0,0,0,0,0,0,0,0,0,0,0,2014-08-09
0,0,0,0,0,0,0,0,0,0,0,0,0,0,0,0,0,2014-08-10
0,0,0,0,0,0,0,0,0,0,0,0,0,0,0,0.94,0,2014-08-11
0.4,0.39,0.02,0,0,0.08,0,0.52,0.7,0.01,0.41,1.99,0,2.11,0.04,0.94,0.44,2014-08-12
0.4,0.39,0.27,0,0,0.08,0,0.52,0.7,0.01,0.41,1.99,0,2.11,0.04,0.01,0.44,2014-08-13
0,0.07,0.27,0,0,0,0,0,0,0,0,0.11,0,0,0,0,0.01,2014-08-14
0,0,0,0,0,0,0,0,0,0,0,0.05,0,0,0,0,0,2014-08-15
0,0,0,0,0,0,0,0,0,0,0,0,0,0,0,0,0,2014-08-16
0,0,0,0,0,0,0,0,0,0,0,0,0,0,0,0,0,2014-08-17
0,0,0,0,0,0,0,0,0,0,0,0,0,0,0,0,0,2014-08-18
0,0.33,0.23,0.2,0.71,1.93,0,3.44,4.23,0.71,2.27,0.75,0,3.28,0.2,5.15,4.19,2014-08-19
0,0.33,0.23,0.2,0.71,1.93,0,3.44,4.23,0.33,2.27,0.75,0,3.28,0.2,5.15,2.29,2014-08-20
0,0.05,0,0,0,0,0,0,0,0,0,0.08,0,0,0,0,0,2014-08-21
0,0,0,0,0,0,0,0,0,0,0,0.03,0,0,0,0,0,2014-08-22
0,0,0,0,0,0,0,0,0,0,0,0.01,0,0,0,0,0,2014-08-23
0,0,0,0,0,0,0,0,0,0,0,0.01,0,0,0,0,0,2014-08-24
0,0,0,0,0,0,0,0,0,0,0,0,0,0,0,0,0,2014-08-25
0,0,0,0,0,0,0,0,0,0,0,0,0,0,0,0,0,2014-08-26
0,0,0,0,0,0.03,0,0,0,0,0,0,0,0,0,0,0,2014-08-27
0,0,0,0,0,0.03,0,0,0,0,0,0,0,0,0,0,0,2014-08-28
0,0,0,0,0,0,0,0,0,0,0,0,0,0,0,0,0,2014-08-29
0,0,0,0,0,0,0,0,0,0,0,0,0,0,0,0,0,2014-08-30
0,0,0,0,0,0,0,0,0,0,0,0,0,0,0,0,0,2014-08-31
0,0,0,0,0,0,0,0,0,0,0,0,0,0,0,0,0,2014-09-01
0,0,0,0,0,0,0,0,0,0,0,0,0,0,0,0,0,2014-09-02
0.56,0.09,0,0.39,0.66,0,0,0.39,0.32,0.42,0.49,0.07,0,0.09,0.32,0.39,0.16,2014-09-03
0.56,0.09,0.02,0.39,0.66,0.01,0,0.4,0.32,0.42,0.49,0.07,0,0.09,0.32,0.39,0.17,2014-09-04
0,0.06,0.08,0.07,0,0.11,0,0.03,0,0,0,0.05,0,0.03,0,0,0.17,2014-09-05
0,0,0.08,0.07,0,0.11,0,0,0,0,0,0,0,0,0,0,0,2014-09-06
0,0,0,0,0,0,0,0,0.62,0,0.13,0,0,0.02,0.13,1.38,0.04,2014-09-07
0,0,0,0,0,0,0,0,0.62,0,0.13,0,0,0.02,0.13,1.38,0.04,2014-09-08
0,0,0,0,0,0,0,0,0,0,0,0,0,0,0.02,0,0,2014-09-09
0,0,0,0,0,0,0,0,0,0,0,0,0,0,0,0,0,2014-09-10
0,0,0,0,0,0,0,0,0,0,0,0,0,0,0,0,0,2014-09-11
0,0,0,0,0,0.03,0,0.05,0,0,0,0,0,0,0,0,0,2014-09-12
0,0,0,0,0,0.1,0,0.05,0.15,0,0,0,0,0,0.11,0.03,0,2014-09-13
0,0,0,0,0,0.1,0,0,0.15,0,0,0,0,0,0.11,0.03,0,2014-09-14
0,0,0,0,0,0,0,0,0,0,0,0,0,0,0,0,0,2014-09-15
0,0,0,0,0,0,0,0,0,0.12,0,0,0,0,0.03,0,0,2014-09-16
0,0.04,0,0.38,0.03,0,0,0.59,0.08,0.12,0,0,0,1.34,0.11,0.13,0.04,2014-09-17
0,0.04,0,0.38,0.03,0,0,0.59,0.08,0,0,0,0,1.34,0.11,0.13,0.04,2014-09-18
1.9,0.14,0,0.56,0.03,0.05,0,0.01,0,0.76,0.09,0.02,0,0.27,2.92,0,0.44,2014-09-19
1.9,0.14,0,0.56,0.03,0.26,0,0,0,0.76,0.09,0.19,0,0.37,2.92,0,0.44,2014-09-20
0,0.09,0,0.11,0,0.26,0,0.02,0.01,0,0,0.19,0,0.37,0,0,0.07,2014-09-21
0,0.04,0,0.11,0,0,0,0.02,0.01,0,0,0.01,0,0,0,0,0.07,2014-09-22
0,0,0,0,0,0,0,0,0,0,0,0,0,0,0,0,0,2014-09-23
0,0,0,0,0,0,0,0,0,0,0,0,0,0,0,0,0,2014-09-24
0,0,0,0,0,0,0,0,0,0,0,0,0,0,0,0,0,2014-09-25
0.18,0.04,0.08,0.15,0.01,0.55,0,0.41,0.54,0.27,0,0,0,0.37,0.17,0.31,0,2014-09-26
0.39,0.46,0.24,1.06,0.39,0.55,0,0.42,0.54,1.01,0.67,0.44,0,0.5,1,0.32,0.75,2014-09-27
0.39,0.46,0.24,1.06,0.39,0.39,0,0.42,0.39,1.01,0.67,0.44,0,0.5,1,0.22,0.75,2014-09-28
0,0.04,0.03,0,0,0,0,0,0,0,0.42,0.03,0,0,0,0,0,2014-09-29
0,0.01,0,0,0,0,0,0,0,0,0.42,0,0,0,0,0,0,2014-09-30
0,0,0,0,0,0,0,0,0,0,0,0,0,0,0,0,0,2014-10-01
0,0,0,0,0,0,0,0,0,0,0,0,0,0,0,0,0,2014-10-02
0,0,0,0,0,0,0,0,0,0,0,0,0,0,0,0,0,2014-10-03
0,0,0,0,0,0,0,0,0,0,0,0,0,0,0,0,0,2014-10-04
0,0,0,0,0,0,0,0,0,0,0,0,0,0,0,0,0,2014-10-05
0,0,0,0,0,0,0,0,0,0,0,0,0,0,0,0,0,2014-10-06
0,0,0,0,0,0,0,0,0,0,0,0,0,0,0,0,0,2014-10-07
0,0,0,0,0,0,0,0,0,0,0,0,0,0,0,0,0,2014-10-08
0,0,0,0,0,0,0,0,0,0,0,0,0,0,0,0,0,2014-10-09
0,0,0,0,0,0,0,0,0,0,0,0,0,0,0,0,0,2014-10-10
0.01,0.14,0.23,0.4,0,0.22,0,0.43,0.44,0.1,0,0,0,0.62,0,0.55,0,2014-10-11
0.01,0.14,0.23,0.4,0,0.22,0,0.43,0.44,0.1,0,0,0,0.62,0,0.55,0,2014-10-12
0,0.04,0.03,0,0,0.02,0,0,0,0,0,0,0,0,0,0,0,2014-10-13
0,0,0,0,0,0,0,0,0,0,0,0,0,0,0,0,0,2014-10-14
0,0,0,0,0,0,0,0,0,0,0,0,0,0,0,0,0,2014-10-15
0,0,0,0,0,0,0,0,0,0,0,0,0,0,0,0,0,2014-10-16
0,0,0,0,0,0,0,0,0,0,0,0,0,0,0,0,0,2014-10-17
0,0,0,0,0,0,0,0,0,0,0,0,0,0,0,0,0,2014-10-18
0,0,0,0,0,0,0,0,0,0,0,0,0,0,0,0.09,0,2014-10-19
0,0,0,0,0,0,0,0,0,0,0,0,0,0,0,0.09,0,2014-10-20
0,0,0,0,0,0,0,0,0,0,0,0,0,0,0,0,0,2014-10-21
0,0,0,0,0,0,0,0,0,0,0,0,0,0,0,0,0,2014-10-22
0,0.04,0.07,0,0,0.07,0,0.05,0.07,0,0.09,0.06,0,0.12,0.03,0.05,0.09,2014-10-23
0,0.04,0.07,0,0,0.07,0,0.05,0.07,0,0.09,0.06,0,0.12,0.03,0.05,0.09,2014-10-24
0,0.04,0,0,0,0,0,0,0,0,0,0.03,0,0,0.03,0,0,2014-10-25
0,0,0,0,0,0,0,0,0,0,0,0,0,0,0.03,0,0,2014-10-26
0,0,0,0,0,0,0,0,0,0,0,0,0,0,0,0,0,2014-10-27
0,0,0,0,0,0,0,0,0,0,0,0,0,0,0,0,0,2014-10-28
0,0,0,0,0,0,0,0,0,0,0,0,0,0,0,0,0,2014-10-29
0,0,0,0,0,0,0,0,0,0,0,0,0,0,0,0,0,2014-10-30
0.55,0.81,0.23,0.76,0.44,0.84,0,0.53,0.92,0.47,1.07,0.52,0,0.44,1.89,0.15,0.46,2014-10-31
0.55,0.81,0.23,0.76,0.44,0.84,0,0.53,0.92,0.47,1.07,0.52,0,0.44,1.89,0.15,0.46,2014-11-01
0,0.02,0,0,0,0,0,0,0,0,0,0.03,0,0,0,0,0,2014-11-02
0,0,0,0,0,0,0,0,0,0,0,0.03,0,0,0,0,0,2014-11-03
0,0,0,0,0,0,0,0,0.01,0,0,0.01,0,0,0,0.02,0,2014-11-04
1.57,2.15,1.78,2.49,2.38,1.79,0,1.88,2.07,2.85,1.58,0.01,0,1.4,1.49,2.42,1.66,2014-11-05
1.58,2.16,1.78,2.5,2.38,1.79,0,1.89,2.07,2.87,1.59,0.03,0,1.41,1.49,2.42,1.66,2014-11-06
0.59,0.55,0.4,0.61,0.38,0.36,0,0.42,0.15,0.64,0.34,0.03,0,0.17,0.48,0.06,0.32,2014-11-07
0,0,0,0,0.02,0.01,0,0,0,0,0.08,0.03,0,0,0.17,0,0,2014-11-08
0,0,0,0,0.02,0,0,0,0,0,0,0.01,0,0,0.17,0,0,2014-11-09
0,0,0,0,0.02,0,0,0,0,0,0,0.01,0,0,0,0,0,2014-11-10
0,0,0,0,0,0,0,0,0,0,0,0.01,0,0,0,0,0,2014-11-11
0,0,0,0,0,0,0,0,0,0,0,0.01,0,0,0,0,0,2014-11-12
0,0,0,0,0,0,0,0,0,0,0,0.01,0,0,0,0,0,2014-11-13
0,0,0,0,0,0,0,0,0,0,0,0.01,0,0,0,0,0,2014-11-14
0,0,0,0,0,0,0,0,0,0,0,0.01,0,0,0,0,0,2014-11-15
0,0,0,0,0,0,0,0,0,0,0,0.01,0,0,0,0,0,2014-11-16
0,0,0,0,0,0,0,0,0,0,0,0.4,0,0,0,0,0,2014-11-17
0,0,0,0,0,0,0,0,0,0,0,0.4,0,0,0,0,0,2014-11-18
0,0,0,0,0,0,0,0,0,0,0,0.02,0,0,0,0,0,2014-11-19
0,0,0,0.01,0,0,0,0,0,0,0,0,0,0,0,0,0,2014-11-20
0,0,0,0.01,0,0,0,0,0,0,0,0,0,0,0,0,0,2014-11-21
0.08,0.08,0.06,0.05,0.12,0.14,0,0.16,0,0.12,0,0,0,0.03,0,0.07,0.02,2014-11-22
0.27,0.64,0.06,0.35,0.53,0.14,0,0.16,0.01,0.23,0.01,0,0,0.03,0.22,0.07,0.02,2014-11-23
0.27,0.64,0.03,0.35,0.53,0.05,0,0.03,0.01,0.23,0.01,0,0,0.01,0.22,0,0,2014-11-24
0.47,0.52,0,0.51,0,0,0,0,0,0,0,0,0,0,0,0,0,2014-11-25
0.47,0.52,0,0.51,0,0,0,0,0,0,0,0,0,0,0,0,0,2014-11-26
0,0,0,0,0,0,0,0,0,0,0,0,0,0,0,0,0,2014-11-27
0,0,0,0,0,0,0,0,0,0,0,0,0,0,0,0,0,2014-11-28
0,0,0,0,0,0,0,0,0,0,0,0,0,0,0,0,0,2014-11-29
0,0,0,0,0,0,0,0,0,0,0,0,0,0,0,0,0,2014-11-30
0,0,0,0,0,0,0,0,0,0,0,0,0,0,0,0,0,2014-12-01
0,0,0,0,0,0,0,0,0,0,0.57,0,0,0,0.56,0,0,2014-12-02
0,0,0,0,0,0,0,0,0,0,0.57,0,0,0,0.56,0,0,2014-12-03
0,0,0,0,0,0,0,0,0,0,0,0,0,0,0.01,0.01,0,2014-12-04
0,0,0,0,0,0,0,0,0,0,0,0,0,0,0.01,0.01,0,2014-12-05
0,0,0,0,0,0,0,0,0,0,0,0,0,0,0,0,0,2014-12-06
0,0,0,0,0,0,0,0,0,0,0,0,0,0,0,0,0,2014-12-07
0,0,0,0,0.55,0,0,0.51,0.55,0,0,0,0,0,0,0,0,2014-12-08
0,0,0,0,0.55,0.56,0,0.51,0.55,0,0,0,0,0,0,0,0,2014-12-09
0,0,0,0,0,0.56,0,0,0,0,0,0,0,0,0,0,0,2014-12-10
0.12,0.02,0.03,0.06,0.02,0.05,0,0.1,0.18,0.04,0.11,0.08,0,0.04,0.03,0.08,0.06,2014-12-11
0.12,0.02,0.03,0.06,0.02,0.05,0,0.1,0.18,0.04,0.11,0.08,0,0.04,0.03,0.08,0.06,2014-12-12
0,0.01,0,0,0.02,0.01,0,0,0,0,0,0.01,0,0.01,0.01,0,0.04,2014-12-13
0,0.01,0,0,0,0,0,0,0,0,0,0,0,0,0,0,0.04,2014-12-14
0,0,0,0,0,0,0,0,0,0,0,0,0,0,0,0,0,2014-12-15
0,0,0,0,0,0,0,0,0,0,0,0,0,0,0,0,0,2014-12-16
0,0.01,0.06,0.01,0.01,0.08,0,0.01,0.07,0.03,0.02,0.04,0,0.58,0.01,0.05,0,2014-12-17
0,0.01,0.06,0.01,0.01,0.08,0,0.01,0.07,0.03,0.02,0.04,0,0.58,0.01,0.05,0,2014-12-18
0,0.03,0.01,0.04,0.03,0.02,0,0.01,0,0,0,0.01,0,0,0.01,0.01,0,2014-12-19
0,0.03,0.01,0.04,0.03,0.02,0,0.01,0,0,0,0,0,0,0.01,0,0,2014-12-20
0,0.02,0,0,0,0,0,0,0,0,0,0,0,0,0,0,0,2014-12-21
0,0.02,0,0,0,0,0,0,0,0,0,0,0,0,0,0,0,2014-12-22
0,0.02,0,0,0,0,0,0,0,0,0,0,0,0,0,0,0,2014-12-23
0,0,0,0,0,0,0,0,0,0,0,0,0,0,0,0,0,2014-12-24
0,0,0,0,0,0,0,0,0,0,0,0,0,0,0,0,0,2014-12-25
0,0,0,0,0,0,0,0,0,0,0,0,0,0,0,0,0,2014-12-26
0,0,0,0.01,0,0,0,0,0,0,0,0,0,0,0,0,0,2014-12-27
0.27,0.2,0.07,0.31,0.26,0.09,0,0.06,0.07,0.32,0.07,0.05,0,0.02,0.23,0.04,0.03,2014-12-28
0.27,0.2,0.07,0.31,0.26,0.09,0,0.06,0.07,0.32,0.07,0.05,0,0.02,0.23,0.04,0.03,2014-12-29
0,0.03,0.02,0,0,0,0,0,0,0,0.01,0,0,0.01,0,0.62,0.01,2014-12-30
0.01,0.03,0,0.04,0.01,0,0,0,0.01,0.05,0.03,0.01,0,0.02,0.02,0.62,0.04,2014-12-31
0.05,0.05,0.16,0.06,0.05,0.22,0,0.32,0.54,0.08,0.26,0.61,0,0.6,0.12,0.33,0.55,2015-01-01
0.05,0.05,0.16,0.06,0.05,0.22,0,0.32,0.54,0.08,0.26,0.61,0,0.6,0.12,0.33,0.55,2015-01-02
0.58,0.45,0.4,0.19,0.15,0.41,0,0.41,0.04,0.21,0.26,0.1,0,0.03,0.33,0.06,0.05,2015-01-03
0.58,0.45,0.4,0.19,0.15,0.41,0,0.41,0.04,0.21,0.26,0.1,0,0.03,0.33,0.06,0.05,2015-01-04
0,0.07,0.01,0,0,0,0,0,0,0,0,0,0,0,0,0,0,2015-01-05
0,0.04,0,0,0,0,0,0,0,0,0,0,0,0,0,0,0,2015-01-06
0,0.04,0,0,0,0,0,0,0,0,0,0,0,0,0,0,0,2015-01-07
0,0.04,0,0,0,0,0,0,0,0,0,0,0,0,0,0,0,2015-01-08
0,0.01,0,0.01,0,0,0,0,0,0,0,0,0,0,0.01,0.02,0,2015-01-09
0.06,0.04,0.11,0.05,0.08,0.11,0,0.14,0.14,0.04,0.12,0.13,0,0.32,0.09,0.46,0.19,2015-01-10
0.14,0.06,0.11,0.05,0.08,0.11,0,0.14,0.14,0.06,0.12,0.13,0,0.32,0.09,0.46,0.19,2015-01-11
0.14,0.06,0.01,0.05,0.02,0.03,0,0.01,0.07,0.06,0.03,0.05,0,0.08,0,0.1,0.06,2015-01-12
0,0.04,0,0,0,0,0,0,0,0,0,0,0,0,0,0,0,2015-01-13
0,0.04,0,0,0,0,0,0,0,0,0,0,0,0,0,0,0,2015-01-14
0,0.04,0,0,0,0,0,0,0,0,0,0,0,0,0,0,0,2015-01-15
0,0.04,0,0,0,0,0,0,0,0,0,0,0,0,0,0,0,2015-01-16
0,0,0,0,0,0,0,0,0,0,0,0,0,0,0,0,0,2015-01-17
0,0,0,0,0,0,0,0,0,0,0,0,0,0,0,0,0,2015-01-18
0,0,0,0,0,0,0,0,0,0,0,0,0,0,0,0,0,2015-01-19
0,0,0,0,0,0,0,0,0,0,0,0,0,0,0,0,0,2015-01-20
0,0,0,0,0,0.01,0,0,0,0,0,0,0,0,0,0,0,2015-01-21
1.42,1.09,1.17,1.11,1.08,0.92,0,1.1,1.81,0.93,1.16,1.41,0,1.09,1.37,2.48,0.99,2015-01-22
1.42,1.09,1.17,1.11,1.08,0.92,0,1.1,1.81,0.93,1.16,1.41,0,1.09,1.37,2.48,0.99,2015-01-23
0.02,0.06,0.12,0.04,0.06,0.13,0,0.11,0.14,0.02,0.13,0.09,0,0.06,0.05,0.17,0.08,2015-01-24
0,0.04,0,0,0,0,0,0,0,0,0,0,0,0,0,0,0,2015-01-25
0,0.04,0,0,0,0,0,0,0,0,0,0,0,0,0,0,0,2015-01-26
0,0.04,0,0,0,0,0,0,0,0,0,0,0,0,0,0,0,2015-01-27
0,0,0,0,0,0,0,0,0,0,0,0,0,0,0,0,0,2015-01-28
0,0,0,0,0,0,0,0,0,0,0,0,0,0,0,0,0,2015-01-29
0,0,0,0,0,0,0,0,0,0,0,0,0,0,0,0,0,2015-01-30
0.11,0.17,0.19,0.11,0.09,0.25,0,0.12,0.28,0.11,0.13,0.16,0,0.35,0.1,0.51,0.25,2015-01-31
0.11,0.17,0.19,0.11,0.09,0.25,0,0.12,0.28,0.11,0.13,0.16,0,0.35,0.1,0.51,0.25,2015-02-01
0,0.05,0,0,0.02,0,0,0,0,0,0,0.01,0,0,0,0.01,0.01,2015-02-02
0.22,0.19,0.26,0.2,0.26,0.26,0,0.26,0.23,0.19,0.29,0.28,0,0.27,0.25,0.19,0.26,2015-02-03
0.22,0.19,0.26,0.2,0.26,0.26,0,0.26,0.23,0.19,0.29,0.28,0,0.27,0.25,0.19,0.26,2015-02-04
0.04,0.03,0,0.05,0.02,0.01,0,0.01,0.01,0.05,0,0,0,0.01,0.02,0.02,0,2015-02-05
0,0.03,0,0,0,0,0,0,0,0,0,0,0,0,0,0,0,2015-02-06
0,0.04,0,0,0,0,0,0,0,0,0,0,0,0,0,0,0,2015-02-07
0,0.04,0,0,0,0,0,0,0,0,0,0,0,0,0,0,0,2015-02-08
0,0.04,0,0,0,0,0,0,0,0,0,0,0,0,0,0,0,2015-02-09
0,0,0,0,0,0,0,0,0,0,0,0,0,0,0,0,0,2015-02-10
0,0,0,0,0,0,0,0,0,0,0,0,0,0,0,0,0,2015-02-11
0,0,0,0,0,0,0,0,0,0,0,0,0,0,0,0,0,2015-02-12
0,0,0,0,0,0,0,0,0,0,0,0,0,0,0,0,0,2015-02-13
0,0,0,0,0,0,0,0,0,0,0,0,0,0,0,0,0,2015-02-14
0,0.01,0,0.01,0,0,0,0,0,0,0,0,0,0,0.01,0,0,2015-02-15
0,0.01,0,0.01,0,0,0,0,0,0,0,0,0,0,0.01,0,0,2015-02-16
0.06,0.03,0.05,0.05,0.03,0.04,0,0.06,0.03,0.08,0.04,0.08,0,0.06,0.05,0.06,0.07,2015-02-17
0.06,0.03,0.05,0.05,0.03,0.04,0,0.06,0.03,0.08,0.04,0.08,0,0.06,0.05,0.06,0.07,2015-02-18
0,0.02,0,0,0,0,0,0,0,0,0,0,0,0,0,0.02,0,2015-02-19
0,0.02,0,0,0,0,0,0,0,0,0,0,0,0,0,0,0,2015-02-20
0,0,0,0,0,0,0,0,0,0,0,0,0,0,0,0,0,2015-02-21
0,0,0,0,0,0,0,0,0,0,0,0,0,0,0,0,0,2015-02-22
0,0,0,0,0,0,0,0.01,0,0,0.01,0,0,0,0,0,0,2015-02-23
0,0,0,0,0,0,0,0.01,0,0,0.01,0,0,0,0,0,0,2015-02-24
0,0.57,0,0,0,0,0,0,0,0,0,0,0,0,0,0,0,2015-02-25
0,0.57,0,0,0,0,0,0,0,0,0,0,0,0,0,0,0,2015-02-26
0,0.02,0,0.01,0,0.01,0,0,0,0.01,0,0,0,0,0.01,0.02,0,2015-02-27
0.06,0.06,0.03,0.08,0.02,0.07,0,0.09,0.08,0.05,0.09,0.06,0,0.05,0.11,0.15,0.08,2015-02-28
0.06,0.07,0.03,0.08,0.02,0.07,0,0.09,0.08,0.05,0.09,0.06,0,0.05,0.11,0.15,0.08,2015-03-01
0.04,0.07,0.02,0.06,0.02,0.05,0,0.02,0.04,0.04,0.02,0.03,0,0.02,0.03,0.06,0.03,2015-03-02
0.01,0.06,0.05,0.05,0.04,0.05,0,0.05,0.04,0.06,0.05,0.05,0,0.03,0.04,0.07,0.05,2015-03-03
0.01,0.06,0.05,0.05,0.04,0.05,0,0.05,0.04,0.06,0.05,0.05,0,0.03,0.04,0.07,0.05,2015-03-04
0.04,0.05,0.01,0.03,0.02,0.04,0,0.02,0.13,0.01,0.01,0.03,0,0.07,0.02,0.19,0.01,2015-03-05
0.04,0.01,0,0.03,0,0.01,0,0,0.13,0.01,0.01,0.03,0,0.07,0.02,0.19,0.01,2015-03-06
0,0,0,0,0,0,0,0,0,0,0,0,0,0,0,0,0,2015-03-07
0.38,0.19,0.12,0.36,0.21,0.12,0,0.13,0.14,0.28,0.23,0.18,0,0.11,0,0.08,0.14,2015-03-08
0.39,0.35,0.28,0.36,0.23,0.37,0,0.25,0.25,0.41,0.23,0.3,0,0.17,0.2,0.24,0.17,2015-03-09
0.39,0.35,0.28,0.34,0.23,0.37,0,0.25,0.25,0.41,0.16,0.3,0,0.17,0.2,0.24,0.17,2015-03-10
0,0.03,0,0,0,0,0,0,0,0,0,0,0,0,0,0,0,2015-03-11
0,0.02,0,0,0,0,0,0,0,0,0,0,0,0,0,0,0,2015-03-12
0,0,0,0,0,0,0,0,0,0,0,0,0,0,0,0,0,2015-03-13
0,0,0,0,0,0,0,0,0,0,0,0,0,0,0,0,0,2015-03-14
0,0,0,0,0,0,0,0,0,0,0,0,0,0,0,0,0,2015-03-15
0,0,0,0,0,0,0,0,0,0,0,0,0,0,0,0,0,2015-03-16
0.04,0.1,0.06,0.15,0.06,0.07,0,0.05,0.16,0.11,0.15,0.14,0,0.1,0.13,0.16,0.08,2015-03-17
0.04,0.1,0.06,0.15,0.06,0.07,0,0.05,0.16,0.11,0.15,0.14,0,0.1,0.13,0.16,0.08,2015-03-18
0,0.05,0.01,0,0,0,0,0,0,0,0,0,0,0,0,0.04,0,2015-03-19
0,0.04,0,0,0,0,0,0,0,0,0,0,0,0,0,0,0,2015-03-20
1.75,1.48,1.16,2.01,2.5,1.06,0,1.25,0.99,2.31,1.36,1.17,0,1.18,1.85,0.85,1.29,2015-03-21
1.75,1.48,1.16,2.01,2.5,1.06,0,1.25,0.99,2.31,1.36,1.17,0,1.18,1.85,0.85,1.29,2015-03-22
0,0.02,0,0,0,0,0,0,0.01,0,0,0,0,0.01,0,0.06,0,2015-03-23
0,0,0,0,0,0,0,0,0,0,0,0,0,0,0,0,0,2015-03-24
0,0,0,0,0,0,0,0,0,0,0,0,0,0,0,0,0,2015-03-25
0,0,0.07,0,0,0.01,0,0,0,0.01,0,0,0,0.04,0,0,0,2015-03-26
0,0,0.07,0,0,0.01,0,0,0,0.01,0,0,0,0.04,0,0,0,2015-03-27
0,0,0,0,0,0,0,0,0,0,0,0,0,0,0,0,0,2015-03-28
0,0,0,0,0,0,0,0,0,0,0,0,0,0,0,0,0,2015-03-29
0,0,0,0,0,0,0,0,0,0,0,0,0,0,0,0,0,2015-03-30
0,0,0,0,0,0,0,0,0,0,0,0,0,0,0,0,0,2015-03-31
0,0,0,0,0,0,0,0,0,0,0,0,0,0,0,0,0,2015-04-01
0,0,0,0,0,0,0,0,0,0,0,0,0,0,0,0,0,2015-04-02
0,0,0,0,0,0,0,0,0,0,0,0,0,0,0,0,0,2015-04-03
0,0,0,0,0,0,0,0,0,0,0,0,0,0,0,0,0,2015-04-04
0,0,0,0,0,0,0,0,0,0,0,0,0,0,0,0,0,2015-04-05
0,0,0,0,0,0,0,0,0,0,0,0,0,0,0,0,0,2015-04-06
0,0,0,0,0,0,0,0,0,0,0,0,0,0,0,0,0,2015-04-07
0,0,0,0,0,0,0,0,0,0,0,0,0,0,0,0,0,2015-04-08
0,0,0,0,0,0,0,0,0,0,0.03,0,0,0,0,0,0,2015-04-09
0.37,0.53,0.23,0.6,0.5,0.87,0,0.61,0.77,1.98,0.81,0.32,0,0.2,2.26,0.25,0.56,2015-04-10
0.37,0.53,0.23,0.6,0.5,0.87,0,0.61,0.77,1.98,0.81,0.32,0,0.2,2.26,0.25,0.56,2015-04-11
0.17,0.04,0.07,0.08,0.03,0.11,0,0.63,0.2,0,0.41,0.41,0,0.1,0.28,0.59,0.01,2015-04-12
0.47,0.49,0.07,0.66,0.61,0.35,0,0.63,0.37,0.5,0.47,0.55,0,0.45,0.76,0.59,0.75,2015-04-13
0.47,0.49,0,0.66,0.61,0.35,0,0.22,0.37,0.5,0.47,0.55,0,0.45,0.76,0.51,0.75,2015-04-14
0,0.01,0,0,0,0,0,0,0,0,0,0.01,0,0,0,0,0,2015-04-15
0,0.04,0,0.01,0,0,0,0,0.15,0,0,0,0,0.11,0,0.6,0,2015-04-16
0.13,0.04,0.07,0.08,0.09,0.05,0,0.06,0.66,0.32,0.28,0.04,0,0.11,0.09,0.6,0.14,2015-04-17
0.13,0.04,0.07,0.09,0.09,0.05,0,0.06,0.66,0.33,0.28,0.04,0,0.04,0.11,0.5,0.14,2015-04-18
0.12,0.04,0,0.07,0.01,0,0,0,0,0.02,0,0.04,0,0,0.02,0,0,2015-04-19
0,0.03,0,0,0,0,0,0,0,0,0,0.01,0,0,0,0,0,2015-04-20
0,0,0,0,0,0,0,0,0,0,0,0,0,0,0,0,0,2015-04-21
1.14,0.46,1.1,1.27,1.06,0.7,0,1.06,0.04,0.47,0.58,0.45,0,0.52,0.18,0.69,0.66,2015-04-22
1.14,0.46,1.1,1.27,1.06,0.7,0,1.06,0.04,0.47,0.58,0.45,0,0.52,0.18,0.69,0.66,2015-04-23
2.04,0.12,0.11,0.54,0.04,0.1,0,0.15,0.06,0.61,0.14,0.14,0,0.12,0.06,0.87,0.08,2015-04-24
2.04,1.82,0.11,1.45,1.34,0.12,0,0.29,0.06,1.33,0.96,0.56,0,0.35,0.73,0.87,0.9,2015-04-25
1.07,1.82,0,1.45,1.34,0.12,0,0.29,0.06,1.33,0.96,0.56,0,0.33,0.73,0.03,0.9,2015-04-26
1.03,0.42,0.86,0.77,0.65,0.72,0,0.33,0.51,1.01,0.74,0.5,0,0.39,0.58,0.51,0.36,2015-04-27
1.03,0.42,0.86,0.77,0.65,0.72,0,0.33,0.51,1.01,0.74,0.5,0,0.39,0.58,0.51,0.36,2015-04-28
0,0,0,0,0,0.49,0,0.5,0.23,0,0,0,0,0,0,0,0,2015-04-29
0,0,0,0,0,0,0,0.5,0.23,0,0,0,0,0,0,0,0,2015-04-30
0,0,0,0,0,0,0,0,0,0,0,0,0,0,0,0,0,2015-05-01
0,0,0,0,0,0,0,0,0,0,0,0,0,0,0,0,0,2015-05-02
0,0,0,0,0,0,0,0,0,0,0,0,0,0,0,0,0,2015-05-03
0.48,0,0,0.5,0.54,0.06,0,0,0,0.53,0,0,0,0.02,0,0,0.05,2015-05-04
0.48,0.03,0.07,0.5,0.54,0.06,0,0.07,0.51,0.53,0.14,0.16,0,0.09,0,0.11,0.07,2015-05-05
0,0.03,0.07,0.04,0.02,0.04,0,0.07,0.51,0,0.14,0.16,0,0.09,0,0.11,0.07,2015-05-06
0,0.03,0.03,0,0,0.01,0,0.03,0.05,0,0,0.05,0,0.03,0.01,0.07,0,2015-05-07
0.07,0.08,0.01,0.12,0,0,0,0,0.01,0.1,0.03,0.01,0,0.02,0.01,0.05,0,2015-05-08
0.07,0.08,0,0.12,0,0,0,0,0.01,0.1,0.03,0.01,0,0.02,0.01,0.05,0,2015-05-09
0,0.04,0,0,0,0.27,0,0,0,0,0,0.01,0,0,0,0,0,2015-05-10
0,0,0.29,0,0,0.4,0,0.74,1.3,0.15,0.04,0.07,0,0.1,0,1.39,0,2015-05-11
0.06,0.26,0.31,0.17,0.34,0.4,0,0.74,1.46,0.27,0.76,0.07,0,1.36,1.04,1.39,0.58,2015-05-12
0.87,1.41,3.12,0.95,1.09,1.96,0,1.38,1.46,0.77,0.87,0.89,0,1.36,1.04,1.48,0.61,2015-05-13
0.87,1.41,3.12,0.95,1.09,1.96,0,1.38,0.95,0.77,0.87,0.89,0,1,0.33,1.48,0.61,2015-05-14
0.47,1.1,1.36,1.28,1.18,1.38,0,1.55,2.47,1.41,2.2,0.08,0,1.94,1.73,2.32,2.61,2015-05-15
0.47,1.1,1.36,1.28,0.01,1.38,0,1.55,2.47,1.41,2.2,0.08,0,1.94,1.73,2.32,2.61,2015-05-16
1.32,1.1,0.23,1.04,11.82,1.62,0,1.29,1.19,0.8,0.71,0.03,0,0.71,1.04,1.58,1.16,2015-05-17
1.32,1.1,0.23,1.04,11.82,1.62,0,1.29,1.19,0.8,0.71,0.03,0,0.71,1.04,1.58,1.16,2015-05-18
0,0,0.05,0,0,0,0,0,0,0,0,0.03,0,0,0.03,0,0,2015-05-19
0,0,0.05,0,0,0,0,0,0,0,0,0.03,0,0,0,0,0,2015-05-20
0.1,0.31,0.53,0.02,0.01,0.41,0,0.41,0.69,0.13,0.04,0.09,0,0.11,0.01,1.15,0.02,2015-05-21
0.1,0.31,0.53,0.03,0.01,0.41,0,0.41,0.69,0.13,0.04,0.1,0,0.11,0.01,1.15,0.02,2015-05-22
0.04,0.1,0.07,0.07,0.14,0.39,0,0.64,1.43,0.3,1.68,0.11,0,2.64,0.24,2.33,2.41,2015-05-23
4.12,1.99,2.51,1.72,2.72,0.97,0,0.84,1.43,1.46,1.68,0.46,0,2.64,0.85,2.56,2.41,2015-05-24
4.12,1.99,2.51,1.72,2.72,0.97,0,0.58,0.76,1.46,0.77,0.81,0,0.95,0.85,0.95,0.95,2015-05-25
0,0.05,0.01,0.02,0.01,0.37,0,0,0.03,0,0.01,0.82,0,0.05,0.02,0.09,0.02,2015-05-26
0,0.02,0,0,0,0,0,0,0,0,0,0.7,0,0,0.02,0,0,2015-05-27
0,0,0,0,0,0,0,0,0,0,0,0.03,0,0.01,0,0,0,2015-05-28
1,1.17,1.14,0.89,1.76,1.45,0,1.13,1.18,2.2,1.16,0.1,0,0.94,0.23,1.28,1.43,2015-05-29
1,1.17,1.14,0.89,1.76,1.45,0,1.13,1.18,2.2,1.16,0.1,0,0.94,0.23,1.28,1.43,2015-05-30
0.05,0.06,0.01,0.08,0.14,0,0,0,0.3,0.05,0.47,0.03,0,0.04,0.03,0.1,0.53,2015-05-31
0,0,0,0,0,0,0,0,0,0,0,0.02,0,0,0.03,0,0,2015-06-01
0,0,0,0,0,0,0,0,0,0,0,0.01,0,0,0,0,0,2015-06-02
0,0,0,0,0,0,0,0,0,0,0,0.83,0,0,0,0,0.52,2015-06-03
0,0,0,0,0,0,0,0,0,0,0,0.83,0,0,0,0,0.52,2015-06-04
0,0,0,0,0,0,0,0,0,0,0,0,0,0,0,0,0,2015-06-05
0,0,0,0,0,0,0,0,0,0,0,0,0,0,0,0,0,2015-06-06
0,0,0,0,0,0,0,0,0,0,0,0,0,0,0,0,0,2015-06-07
0,0,0,0,0,0,0,0,0,0,0,0,0,0,0,0,0,2015-06-08
0,0,0,0,0,0,0,0,0,0,0,0,0,0,0,0,0,2015-06-09
0,0,0,0,0,0,0,0,0,0,0,0,0,0,0,0,0,2015-06-10
0,0,0,0,0,0,0,0,0,0,0,0,0,0,0,0,0,2015-06-11
0,0,0,0,0,0,0,0,0,0,0.54,0,0,0,0.54,0,0,2015-06-12
0,0,0,0,0,0,0,0,0,0,0.54,0,0,0,0.54,0,0,2015-06-13
0.1,0.11,0.18,0.02,0,1.58,0,0.27,0,0.06,0,0.67,0,0.42,0.02,0.48,0.76,2015-06-14
0.34,0.11,0.18,0.02,0,1.58,0,0.27,0,0.06,0,0.67,0,0.42,0.02,0.48,0.76,2015-06-15
0.34,0.19,0.19,0.28,0.04,0.69,0,0.4,0.36,0.73,0,0.58,0,0.01,0,0.09,0,2015-06-16
0.03,0.03,0.19,0.28,0.04,0.69,0,0.4,0.36,0.73,0.02,0.58,0,0.15,0.11,0.4,0.08,2015-06-17
0.71,0.04,0.77,0.01,0.05,0.02,0,0.03,0.04,0.07,0.02,0.01,0,0.15,0.11,0.4,0.08,2015-06-18
0.71,0.4,0.77,0.74,0.31,1.18,0,1.07,0.97,0.07,1.13,1.65,0,1.29,0.95,0.76,0.6,2015-06-19
0.12,0.63,0.79,0.74,0.31,1.18,0,1.07,0.97,0.15,1.13,1.65,0,1.29,0.95,0.76,0.6,2015-06-20
0.32,0.63,0.79,0.1,0.62,0.59,0,0.4,0.22,0.49,0.78,0.28,0,0.42,0.15,0.42,0.5,2015-06-21
0.93,0.95,0.57,0.18,0.62,0.59,0,0.06,0.61,0.49,0.58,0.3,0,0.04,0.08,0.46,0.09,2015-06-22
0.93,0.95,0.47,0.18,0.03,0.48,0,0.02,0.61,0,0.58,0.3,0,0.04,0,0.46,0.02,2015-06-23
0.02,0.03,0.01,0,0,0,0,0.02,0,0,0,0.01,0,0.23,0,0,0,2015-06-24
0.02,0.03,0.01,0,0,0,0,0.02,0,0,0,0,0,0.23,0,0,0,2015-06-25
0,0.03,0,0,0,0,0,0.01,0,0,0,0,0,0,0,0,0,2015-06-26
0,0,0,0,0,0,0,0.01,0,0,0,0,0,0,0,0,0,2015-06-27
0,0,0,0,0,0,0,0,0,0,0,0,0,0,0,0,0,2015-06-28
0,0,0,0,0,0,0,0,0,0,0,0,0,0,0,0,0,2015-06-29
0.08,0.31,0.05,0,0,0.07,0,0.03,0,0.21,0,0,0,0,0,0.05,0.05,2015-06-30
0.13,0.31,0.05,0,0,0.07,0,0.03,0,0.21,0,0,0,0.03,0,0.05,0.05,2015-07-01
0.13,0.05,0.01,0.12,0,0,0,0,0.05,0,0,0,0,0.03,0,0.02,0,2015-07-02
0,0.05,0.01,0.12,0,0,0,0,0.05,0,0,0,0,0,0,0.02,0,2015-07-03
0,0.05,0,0,0,0,0,0,0,0,0,0,0,0,0,0,0,2015-07-04
0,0,0,0,0,0,0,0,0,0,0,0,0,0,0,0,0,2015-07-05
0,0,0,0,0,0,0,0,0,0,0,0,0,0,0,0,0,2015-07-06
0,0,0,0,0,0,0,0,0,0,0,0,0,0,0,0,0,2015-07-07
0,0,0,0,0,0,0,0,0,0,0,0,0,0,0,0,0,2015-07-08
0,0,0,0,0,0,0,0,0,0,0,0,0,0,0,0,0,2015-07-09
0,0,0,0,0,0,0,0,0,0,0,0,0,0,0,0.54,0,2015-07-10
0,0,0,0,0,0,0,0,0,0,0,0,0,0,0,0.54,0,2015-07-11
0,0,0,0,0,0,0,0,0,0,0,0,0,0,0,0,0,2015-07-12
0,0,0,0,0,0,0,0,0,0,0,0,0,0,0,0,0,2015-07-13
0,0,0,0,0,0,0,0,0,0,0,0,0,0,0,0,0,2015-07-14
0,0,0,0,0,0,0,0,0,0,0,0,0,0,0,0,0,2015-07-15
0,0,0,0,0,0,0,0,0,0,0,0,0,0,0,0,0,2015-07-16
0,0,0,0,0,0,0,0,0,0,0,0,0,0,0,0,0,2015-07-17
0,0,0,0,0,0,0,0,0,0,0,0,0,0,0,0,0,2015-07-18
0,0,0,0,0,0,0,0,0,0,0,0,0,0,0,0,0,2015-07-19
0,0,0,0,0,0,0,0,0,0,0,0,0,0,0,0,0,2015-07-20
0,0,0,0,0,0,0,0,0,0,0,0,0,0,0,0,0,2015-07-21
0,0,0,0,0,0,0,0,0,0,0,0,0,0,0,0,0,2015-07-22
0,0,0,0,0,0,0,0,0,0,0,0,0,0,0,0,0,2015-07-23
0,0,0,0,0,0,0,0,0,0,0,0,0,0,0,0,0,2015-07-24
0,0,0,0,0,0,0,0,0,0,0,0,0,0,0,0,0,2015-07-25
0,0,0,0,0,0,0,0,0,0,0,0,0,0,0,0,0,2015-07-26
0,0,0,0,0,0,0,0,0,0,0,0,0,0,0,0,0,2015-07-27
0,0,0,0,0,0,0,0,0,0,0,0,0,0,0,0,0,2015-07-28
0,0,0,0,0,0,0,0,0,0,0,0,0,0,0,0,0,2015-07-29
0,0,0,0,0,0,0,0,0,0,0,0,0,0,0,0,0,2015-07-30
0,0,0.05,0.12,0,0.14,0,0,0,0,0,0,0,0,0.15,0,0,2015-07-31
0,0,0.05,0.12,0,0.14,0,0,0,0,0,0,0,0,0.15,0,0,2015-08-01
0,0,0,0,0,0,0,0,0,0,0,0,0,0,0.01,0,0,2015-08-02
0,0,0,0,0,0,0,0,0,0,0,0,0,0,0,0,0,2015-08-03
0,0,0,0,0,0,0,0,0,0,0,0,0,0,0,0,0,2015-08-04
0,0,0,0,0,0,0,0,0,0,0,0,0,0,0,0,0,2015-08-05
0,0,0,0,0,0,0,0,0,0,0,0,0,0,0,0,0,2015-08-06
0,0,0,0,0,0,0,0,0,0,0,0,0,0,0,0,0,2015-08-07
0,0,0,0,0,0,0,0,0,0,0,0,0,0,0,0,0,2015-08-08
0,0,0,0,0,0,0,0,0,0,0,0,0,0,0,0,0,2015-08-09
0,0,0,0,0,0,0,0,0,0,0,0,0,0,0,0,0,2015-08-10
0,0,0,0,0,0,0,0,0,0,0,0,0,0,0,0,0,2015-08-11
0,0,0.01,0,0,0.07,0,0.01,0.02,0.28,0.53,0,0,0.06,0,0.05,0,2015-08-12
0,0,0.35,0,0,0.41,0,0.17,0.13,0.28,0.53,0.23,0,0.12,0,0.07,0.16,2015-08-13
0.75,0,0.35,0,0,0.41,0,0.17,0.17,0,0.11,0.23,0,0.12,0,0.07,0.16,2015-08-14
0.75,0,0.05,0.05,0,0.01,0,0.05,0.17,0,0,0,0,0.47,0,0.31,0.04,2015-08-15
0.02,0,0.05,0.05,0,0,0,0.01,0,0,0,0,0,0.47,0,0.31,0.02,2015-08-16
0,0,0,0,0,0,0,0.01,0,0,0,0,0,0,0,0,0,2015-08-17
0,0,0,0,0,0,0,0,0,0,0,0,0,0,0,0,0,2015-08-18
0,0,0,0,0,0,0,0,0,0,0,0,0,0,0,0,0,2015-08-19
0.6,0.03,0.05,0,0,0.53,0,0.02,0.82,0,0,0,0,0,0,0.96,0,2015-08-20
0.6,0.03,0.05,0,0,0.53,0,0.02,0.82,0,0,0,0,0,0,0.96,0,2015-08-21
0,0.03,0,0,0,0,0,0.02,0,0,0,0,0,0,0,0,0,2015-08-22
0,0,0,0,0,0,0,0.01,0,0,0,0,0,0,0,0,0,2015-08-23
0,0,0,0,0,0,0,0,0,0,0,0,0,0,0,0,0,2015-08-24
0,0,0,0,0,0,0,0,0,0,0,0,0,0,0,0,0,2015-08-25
0,0,0,0,0,0,0,0,0,0,0,0,0,0,0,0,0,2015-08-26
0,0,0,0,0,0,0,0,0,0,0,0,0,0,0,0,0,2015-08-27
0,0,0,0,0,0,0,0,0,0,0,0,0,0,0,0,0,2015-08-28
0,0,0,0,0,0,0,0,0,0,0,0,0,0,0,0,0,2015-08-29
0,0,0,0,0,0,0,0,0,0,0,0,0,0,0,0,0,2015-08-30
0,0,0,0,0,0,0,0,0,0,0,0,0,0,0,0,0,2015-08-31
0,0,0,0,0,0,0,0,0,0,0,0,0,0,0,0,0,2015-09-01
0,0,0,0,0,0,0,0,0,0,0,0,0,0,0,0,0,2015-09-02
0,0,0,0,0,0,0,0,0,0,0,0,0,0,0,0,0,2015-09-03
0,0,0,0,0,0,0,0.58,0.54,0,0,0,0,0,0,0,0,2015-09-04
0,0,0,0,0,0,0,0.58,0.54,0,0,0,0,0,0,0,0,2015-09-05
0,0,0,0,0,0,0,0,0,0,0,0,0,0,0,0,0,2015-09-06
0,0,0,0,0,0,0,0,0,0,0,0,0,0,0,0,0,2015-09-07
0,0,0,0,0,0,0,0,0,0,0,0,0,0,0,0,0,2015-09-08
0,0.03,0.01,0,0,0.07,0,0,0,0,0,0,0,0,0,0,0,2015-09-09
0,0.03,0.01,0.27,0.28,0.07,0,0.12,0,2.69,0.41,0.76,0,0.25,0.75,0.03,1.81,2015-09-10
0,0.03,0,0.27,0.28,0,0,0.12,0,2.69,0.41,0.76,0,0.25,0.75,0.03,1.81,2015-09-11
0,0.01,0.12,0,0.02,0.3,0,0.07,0,0,0.03,0.09,0,0.1,0,0,0,2015-09-12
0,0.01,0.12,0,0,0.3,0,0.07,0,0,0.03,0.09,0,0.1,0,0,0,2015-09-13
0,0,0,0,0,0,0,0,0,0,0,0,0,0,0,0,0,2015-09-14
0,0,0,0,0,0,0,0,0,0,0,0,0,0,0,0,0,2015-09-15
0,0,0,0,0,0.03,0,0,0,0,0,0,0,0,0,0,0,2015-09-16
0,0,0,0,0,0.03,0,0,0,0,0,0,0,0,0,0,0,2015-09-17
0,0,0,0,0,0,0,0,0,0,0,0,0,0,0,0,0,2015-09-18
0,0,0,0,0,0,0,0,0,0,0,0,0,0,0,0,0,2015-09-19
0,0,0,0,0,0,0,0,0,0,0,0,0,0,0,0,0,2015-09-20
0,0,0,0,0,0,0,0,0,0,0,0,0,0,0,0,0,2015-09-21
0,0,0,0,0,0,0,0,0,0,0,0,0,0,0,0,0,2015-09-22
0,0,0,0,0,0,0,0,0,0,0,0,0,0,0,0,0,2015-09-23
0,0,0,0,0,0,0,0,0,0,0,0,0,0,0,0,0,2015-09-24
0.46,0,0.07,0,0,0.3,0,0.32,0,0,0.07,0,0,0,0,0,0,2015-09-25
0.46,0,0.07,0,0,0.3,0,0.32,0,0,0.07,0,0,0,0,0,0,2015-09-26
0,0,0.01,0,0,0,0,0,0,0,0,0,0,0,0,0,0,2015-09-27
0,0,0,0,0,0,0,0,0,0,0,0,0,0,0,0,0,2015-09-28
0,0,0,0,0,0,0,0,0,0,0,0,0,0,0,0,0,2015-09-29
0,0,0,0,0,0,0,0,0,0,0,0,0,0,0,0,0,2015-09-30
0,0,0,0,0,0,0,0,0,0,0,0,0,0,0,0,0,2015-10-01
0,0,0,0,0,0,0,0,0,0,0,0,0,0,0,0,0,2015-10-02
0,0,0,0,0,0,0,0,0,0,0,0,0,0,0,0,0,2015-10-03
0,0,0,0,0,0,0,0,0,0,0,0,0,0,0,0,0,2015-10-04
0,0,0,0,0,0,0,0,0,0,0,0,0,0,0,0,0,2015-10-05
0,0,0,0,0,0,0,0,0,0,0,0,0,0,0,0,0,2015-10-06
0,0,0,0,0,0,0,0,0,0,0,0,0,0,0,0,0,2015-10-07
0,0,0,0,0,0,0,0,0,0,0,0,0,0,0,0,0.09,2015-10-08
0.54,0.23,0.91,0.6,0.74,0.76,0,1.17,1.42,0.68,1.33,0.23,0,1.94,6.9,1.89,4.24,2015-10-09
0.54,0.09,0.91,0.6,0.74,0.76,0,1.17,1.42,0.68,1.33,0.23,0,1.94,6.9,1.89,4.24,2015-10-10
0,0.09,0,0,0,0,0,0,0,0,0,0,0,0,0,0,0,2015-10-11
0,0.09,0,0,0,0,0,0,0,0,0,0,0,0,0,0,0,2015-10-12
0,0.09,0,0,0,0,0,0,0,0,0,0,0,0,0,0,0,2015-10-13
0,0.09,0,0,0.59,0.58,0,0,0,0.54,0,0,0,0,0,0,0,2015-10-14
0,0.09,0,0,0.59,0.58,0,0,0,0.54,0,0,0,0,0,0,0,2015-10-15
0,0.09,0,0,0,0,0,0,0,0,0,0,0,0,0,0,0,2015-10-16
0,0.09,0,0,0,0,0,0,0,0,0,0,0,0,0,0,0,2015-10-17
0,0.09,0,0,0,0,0,0,0,0,0,0,0,0,0,0,0,2015-10-18
0,0.09,0,0,0,0,0,0,0,0,0,0,0,0,0,0,0,2015-10-19
0,0.09,0,0,0,0,0,0,0,0,0,0.6,0,0,0,0,0,2015-10-20
0,0.09,0,0.01,0.1,0,0,0.01,0.06,0.13,0.03,0.6,0,0,0,0.11,0,2015-10-21
0.17,0.09,0.06,0.05,0.1,0.17,0,0.25,0.4,0.31,0.45,0.15,0,0.25,0.13,0.36,0.27,2015-10-22
0.17,0.09,0.06,0.07,0.1,0.17,0,0.25,0.4,0.31,0.45,0.15,0,0.25,0.13,0.36,0.27,2015-10-23
1.43,0.09,1.96,1.71,1.88,0.73,0,1.78,1.65,1.76,1.63,0,0,2.49,1.81,2.2,3.76,2015-10-24
1.43,0.09,1.96,1.71,1.88,0.73,0,1.78,1.65,1.76,1.63,0,0,2.49,1.81,2.2,3.76,2015-10-25
0,0.09,0,0,0,0,0,0,0,0,0,0,0,0,0,0,0,2015-10-26
0,0.09,0,0,0,0,0,0,0,0,0,0,0,0,0,0,0,2015-10-27
0,0.09,0,0,0,0,0,0,0,0,0,0,0,0,0,0,0,2015-10-28
0,0.09,0,0,0,0,0,0,0,0,0,0,0,0,0,0,0,2015-10-29
0.99,0.09,2.23,0.34,1.29,1.4,0,1.45,0.7,0.56,0.95,0,0,0.34,1.9,1.06,0.41,2015-10-30
0.99,0.09,2.23,0.37,1.34,1.4,0,1.45,0.7,0.56,0.95,0.85,0,0.72,1.9,1.06,0.5,2015-10-31
0.47,0.09,0.65,0.37,1.34,0.63,0,0.51,0.6,0.49,0.44,0.85,0,0.72,0.96,0.75,0.5,2015-11-01
0,0.09,0,0,0.03,0,0,0,0,0,0,0,0,0,0,0,0,2015-11-02
0,0.09,0,0,0,0,0,0,0,0,0,0,0,0,0,0,0,2015-11-03
0,0.09,0,0,0,0,0,0,0,0,0,0,0,0,0,0,0,2015-11-04
0.13,0.09,0.03,0.07,0.06,0.1,0,0.02,0.04,0.06,0.03,0.04,0,0.03,0.02,0.14,0,2015-11-05
0.13,0.09,1.57,0.2,0.06,0.69,0,0.61,0.25,0.08,0.47,0.39,0,0.39,0.58,0.22,0.17,2015-11-06
0,0.09,0,0,0.02,0,0,0,0,0,0,0,0,0,0,0,0,2015-11-09
0,0.09,0,0,0.02,0,0,0,0,0,0,0,0,0,0,0,0,2015-11-10
0,0.09,0,0,0.02,0,0,0,0,0,0,0,0,0,0,0,0,2015-11-11
0,0.09,0,0,0,0,0,0,0,0,0,0,0,0,0,0,0,2015-11-12
0,0.09,0,0,0,0,0,0,0,0,0,0,0,0,0,0,0,2015-11-13
0,0.09,0,0,0,0,0,0,0,0,0,0,0,0,0,0,0,2015-11-14
0,0.09,0,0,0,0,0,0,0,0,0,0,0,0,0,0,0,2015-11-15
0,0.09,0,0,0,0,0,0,0.08,0,0.04,0.03,0,0.06,0,0.19,0.01,2015-11-16
0.1,0.09,0.01,0.06,0.04,0.07,0,0.06,0.15,0.05,0.04,0.07,0,0.08,0.05,0.23,0.06,2015-11-17
0.1,0.09,0.01,0.06,0.04,0.07,0,0.06,0.15,0.05,0.04,0.07,0,0.08,0.05,0.23,0.06,2015-11-18
0,0.09,0,0,0.02,0,0,0,0,0,0,0.01,0,0,0,0,0.01,2015-11-19
0,0.26,0,0,0,0,0,0,0,0,0,0,0,0,0,0,0,2015-11-20
0,0,0,0,0,0,0,0,0,0,0,0,0,0,0,0,0,2015-11-21
0,0,0,0,0,0,0,0,0,0,0,0,0,0,0,0,0,2015-11-22
0,0,0,0,0,0,0,0,0,0,0,0,0,0,0,0,0,2015-11-23
0,0,0,0,0,0,0,0,0,0,0,0,0,0,0,0,0,2015-11-24
0,0,0,0.01,0,0,0,0,0,0,0.01,0.01,0,0,0,0,0,2015-11-25
0.06,0.16,0.29,0.07,0.13,0.27,0,0.26,0.47,0.1,0.18,0.28,0,0.32,0.05,0.4,0.27,2015-11-26
0.08,0.17,0.29,0.14,0.13,0.58,0,0.26,1.02,0.1,0.33,0.28,0,0.47,0.13,1.74,0.32,2015-11-27
1.19,1.14,1.19,0.89,1.57,0.71,0,1.02,1.03,1.01,0.62,1.15,0,0.75,1.36,1.75,0.5,2015-11-28
1.19,1.14,1.19,0.89,1.57,0.71,0,1.02,0.67,1.01,0.62,1.15,0,0.75,1.36,0.89,0.5,2015-11-29
0.01,0.01,0.01,0.03,0.02,0.03,0,0.02,0.02,0.02,0.02,0.09,0,0.01,0.02,0.07,0,2015-11-30
0,0,0,0,0.02,0,0,0,0,0,0,0.03,0,0,0,0,0,2015-12-01
0,0,0,0,0,0,0,0,0,0,0,0.02,0,0,0,0,0,2015-12-02
0,0,0,0,0,0,0,0,0,0,0,0.01,0,0,0,0,0,2015-12-03
0,0,0,0,0,0,0,0,0,0,0,0,0,0,0,0,0,2015-12-04
0,0,0,0,0,0,0,0,0,0,0,0,0,0,0,0,0,2015-12-05
0,0,0,0,0,0,0,0,0,0,0,0,0,0,0,0,0,2015-12-06
0,0,0,0,0,0,0,0,0,0,0,0,0,0,0,0,0,2015-12-07
0,0,0,0,0,0,0,0,0,0,0,0,0,0,0,0,0,2015-12-08
0.29,0,0,0,0,0,0,0,0,0,0,0,0,0,0,0,0,2015-12-09
0.29,0,0,0,0,0,0,0,0,0,0,0,0,0,0,0,0,2015-12-10
0,0,0,0,0,0,0,0,0,0,0,0,0,0,0,0,0,2015-12-11
0,0,0,0,0,0,0,0,0,0,0,0,0,0,0,0,0,2015-12-12
0.29,0.27,0.57,0.3,0.28,0.45,0,0.8,0.84,0.23,0.54,0.66,0,0.55,0.55,1.45,0,2015-12-13
0.29,0.27,0.57,0.3,0.28,0.45,0,0.8,0.84,0.23,0.54,0.66,0,0.55,0.55,1.45,0,2015-12-14
0,0,0,0,0.02,0,0,0,0,0,0,0.01,0,0,0,0.01,0,2015-12-15
0,0,0,0,0.01,0,0,0,0,0,0,0,0,0,0.52,0.01,0,2015-12-16
0,0,0,0,0,0,0,0,0,0,0,0,0,0,0.52,0,0,2015-12-17
0,0,0,0,0,0,0,0,0,0,0,0,0,0,0,0,0,2015-12-18
0,0,0,0,0,0,0,0,0,0,0,0,0,0,0,0,0,2015-12-19
0,0,0,0,0,0,0,0,0,0,0,0,0,0,0,0,0,2015-12-20
0,0,0,0,0,0,0,0,0,0,0,0,0,0,0,0,0,2015-12-21
0,0,0,0,0,0,0,0,0,0,0.5,0,0,0,0,0,0,2015-12-22
0,0,0,0,0,0,0,0,0,0,0.5,0,0,0,0,0,0,2015-12-23
0,0,0,0,0,0,0,0,0,0,0,0,0,0,0,0,0,2015-12-24
0,0,0,0,0,0,0,0,0,0,0,0,0,0,0,0,0,2015-12-25
0,0,0,0,0,0,0,0,0,0,0,0,0,0,0,0,0,2015-12-26
0.11,0.16,0.23,0.11,0.23,0.23,0,0.23,0.27,0.16,0.14,0.13,0,0.22,0,0.29,0,2015-12-27
0.11,0.16,0.23,0.11,0.23,0.23,0,0.23,0.27,0.16,0.14,0.13,0,0.22,0,0.29,0,2015-12-28
0,0,0,0,0,0,0,0,0,0,0,0.01,0,0,0,0,0,2015-12-29
0.02,0,0.03,0.02,0,0,0,0,0,0,0,0,0,0,0,0,0,2015-12-30
0.02,0,0.03,0.02,0,0,0,0,0,0,0,0,0,0,0,0,0,2015-12-31
0.02,0.02,0,0.01,0,0,0,0,0,0,0,0,0,0,0,0,0,2016-01-01
0.95,0.84,0.53,0.96,0.78,0.46,0,0.53,0.53,1.18,0.63,0.59,0,0.57,0.94,0.55,0,2016-01-02
0.95,0.85,0.54,0.97,0.78,0.46,0,0.53,0.54,1.21,0.63,0.59,0,0.57,0.94,0.56,0,2016-01-03
0.16,0.1,0.08,0.14,0.12,0.07,0,0.11,0.16,0.13,0,0.13,0,0.1,0.12,0.19,0,2016-01-04
0,0,0,0,0.02,0,0,0,0,0,0,0.01,0,0,0,0,0,2016-01-05
0.14,0.04,0.05,0.02,0.01,0.06,0,0.06,0.06,0.04,0.04,0.03,0,0.02,0.01,0.07,0,2016-01-06
0.14,0.04,0.05,0.02,0.01,0.06,0,0.06,0.06,0.04,0.04,0.03,0,0.02,0.01,0.07,0,2016-01-07
0,0,0,0,0.01,0,0,0,0,0,0,0.02,0,0,0,0,0,2016-01-08
0,0,0,0,0.01,0,0,0,0,0,0,0,0,0,0,0,0,2016-01-09
0,0,0,0,0,0,0,0,0,0,0,0,0,0,0,0,0,2016-01-10
0,0,0,0,0,0,0,0,0,0,0,0,0,0,0,0,0,2016-01-11
0,0,0,0,0,0,0,0,0,0,0,0,0,0,0,0,0,2016-01-12
0,0,0.54,0.47,0,0,0,0,0,0,0,0,0,0,0,0,0,2016-01-13
0,0,0.54,0.47,0,0,0,0,0,0,0,0,0,0,0,0,0,2016-01-14
0,0,0,0,0,0,0,0,0,0,0,0,0,0,0,0,0,2016-01-15
0,0,0,0,0,0,0,0,0,0,0,0,0,0,0,0,0,2016-01-16
0,0,0,0,0,0,0,0,0,0,0,0,0,0,0,0,0,2016-01-17
0,0,0,0,0,0,0,0,0,0,0,0,0,0,0,0,0,2016-01-18
0,0,0,0,0,0,0,0,0,0,0,0,0,0,0,0,0,2016-01-19
0,0,0,0,0,0,0,0,0,0,0,0,0,0,0,0,0,2016-01-20
0,0,0,0,0,0,0,0,0,0,0,0,0,0,0,0,0,2016-01-21
0,0,0,0,0,0,0,0,0,0,0,0,0,0,0,0,0,2016-01-22
0,0,0,0,0,0,0,0,0,0,0,0,0,0,0,0,0,2016-01-23
0,0,0,0,0,0,0,0,0,0,0,0,0,0,0,0,0,2016-01-24
0,0,0,0,0,0,0,0,0,0,0,0,0,0,0,0,0,2016-01-25
0.07,0,0,0.3,0.07,0.01,0,0.01,0,0,0.14,0.02,0,0.02,0,0.09,0,2016-01-26
0.02,0,0.01,0,0.02,0,0,0,0,0,0,0,0,0,0,0,0,2016-01-27
0.02,0,0.01,0,0.02,0,0,0,0,0,0,0,0,0,0,0,0,2016-01-28
0,0,0,0,0,0,0,0,0,0,0,0,0,0,0,0,0,2016-01-29
0,0,0,0,0,0,0,0,0,0,0,0,0,0,0,0,0,2016-01-30
0,0,0,0,0,0,0,0,0,0,0,0,0,0,0,0,0,2016-01-31
0,0,0,0,0,0,0,0,0,0,0,0,0,0,0,0,0,2016-02-01
0,0,0,0,0,0,0,0,0,0,0,0,0,0,0,0,0.53,2016-02-02
0,0,0,0,0,0,0,0,0,0,0,0,0,0,0,0,0,2016-02-03
0,0,0,0,0,0,0,0,0,0,0,0,0,0,0,0,0,2016-02-04
0,0,0,0,0,0,0,0,0,0,0,0,0,0,0,0,0,2016-02-05
0,0,0,0,0,0,0,0,0,0,0,0,0,0,0,0,0,2016-02-06
0,0,0,0,0,0,0,0,0,0,0,0,0,0,0,0,0,2016-02-07
0,0,0,0,0,0,0,0,0,0,0,0,0,0,0,0,0,2016-02-08
0,0,0,0,0,0,0,0,0,0,0,0,0,0,0,0,0,2016-02-09
0,0,0,0,0,0,0,0,0,0,0,0,0,0,0,0,0,2016-02-10
0,0,0,0,0,0,0,0,0,0,0,0,0,0,0,0,0,2016-02-11
0,0,0,0,0,0,0,0,0,0,0,0,0,0,0,0,0,2016-02-12
0,0,0,0,0,0,0,0,0,0,0,0,0,0,0,0,0,2016-02-13
0,0,0,0,0,0,0,0,0,0,0,0,0,0,0,0,0,2016-02-14
0,0,0,0,0,0,0,0,0,0,0,0,0,0,0,0,0,2016-02-15
0,0,0,0,0,0,0,0,0,0,0,0,0,0,0,0,0,2016-02-16
0,0,0,0,0,0,0,0,0,0,0,0,0,0,0,0,0,2016-02-17
0,0,0,0,0,0,0,0,0,0,0,0,0,0,0,0,0,2016-02-18
0,0,0,0,0,0,0,0,0,0,0,0,0,0.48,0,0,0,2016-02-19
0,0,0,0,0,0,0,0,0,0,0,0,0,0.48,0,0,0,2016-02-20
0,0,0,0,0,0,0,0,0,0,0,0,0,0,0,0,0,2016-02-21
1.19,0.07,0,0.77,0.1,0,0,0,0,0.95,0,0,0,0,0.03,0,0,2016-02-22
1.33,1.33,1.53,1.63,1.33,1.29,0,1.39,1.46,2.05,1.79,1.72,0,1.57,2.07,1.13,1.29,2016-02-23
0,0,0,0,0,0,0,0,0,0,0,0,0,0,0,0,0,2016-02-25
0,0,0,0,0,0,0,0,0,0,0,0,0,0,0,0,0,2016-02-26
0,0,0,0,0,0,0,0,0,0,0,0,0,0,0,0,0,2016-02-27
0,0,0,0,0,0,0,0,0,0,0,0,0,0,0,0,0,2016-02-28
0,0,0,0,0,0,0,0,0,0,0,0,0,0,0,0,0,2016-02-29
0,0,0,0,0,0,0,0,0,0,0,0,0,0,0,0,0,2016-03-01
0,0,0,0,0,0,0,0,0,0,0,0,0,0,0,0,0,2016-03-02
0,0,0,0,0,0,0,0,0,0,0,0,0,0,0,0,0,2016-03-03
0,0,0,0,0,0,0,0,0,0,0,0,0,0,0,0,0,2016-03-04
0,0,0,0,0,0,0,0,0,0,0,0,0,0,0,0,0,2016-03-05
0,0,0,0,0,0,0,0,0,0,0,0,0,0,0,0,0,2016-03-06
0,0,0,0,0,0.01,0,0,0.03,0,0,0.01,0,0.05,0,0.05,0,2016-03-07
0,0,0.03,0,0,0.02,0,0,0.04,0,0,0.01,0,0.05,0,0.2,0,2016-03-08
0.44,0.51,0.93,0.32,0.66,0.53,0,1.09,0.7,0.64,1.27,0.27,0,1.25,0.92,0.76,1,2016-03-09
0.44,0.51,0.93,0.32,0.66,0.53,0,1.09,0.7,0.64,1.27,0.27,0,1.25,0.92,0.76,1,2016-03-10
0.14,0.16,0.12,0.12,0.11,0.26,0,0.15,1.14,0.11,0.16,0.08,0,0.31,0.2,0.36,0.73,2016-03-11
0.12,0.16,0.12,0.08,0.02,0.26,0,0.15,1.14,0.08,0.16,0.07,0,0.31,0.2,0.36,0.73,2016-03-12
0,0,0.01,0,0.02,0,0,0,0.01,0.04,0,0.07,0,0.01,0.02,0.04,0,2016-03-13
0,0,0,0,0.02,0,0,0,0,0,0,0.04,0,0,0,0,0,2016-03-14
0,0,0,0,0,0,0,0,0,0,0,0.03,0,0,0,0,0,2016-03-15
0,0,0,0,0,0,0,0,0,0,0,0.03,0,0,0,0,0,2016-03-16
0,0,0,0,0,0,0,0,0,0,0,0.02,0,0,0,0,0,2016-03-17
0,0,0,0,0,0,0,0,0,0,0,0.02,0,0,0,0,0,2016-03-18
0.01,0.08,0,0.25,0,0.1,0,0,0.12,0.14,0.07,0.01,0,0.51,0.38,0.51,0.09,2016-03-19
0,0,0,0,0,0,0,0,0,0,0,0.01,0,0,0,0,0,2016-03-21
0,0,0,0,0,0,0,0,0,0,0,0.01,0,0,0,0,0,2016-03-22
0,0,0,0,0,0,0,0,0,0,0,0,0,0,0,0,0,2016-03-23
0.16,0.56,0.58,0.21,0.3,0.73,0,0.61,0.13,0.28,0.07,0.01,0,0.09,0.17,0.19,0.16,2016-03-24
0.16,0.56,0.58,0.21,0.3,0.73,0,0.61,0.13,0.28,0.07,0.01,0,0.09,0.17,0.19,0.16,2016-03-25
0,0,0,0,0,0,0,0,0,0,0,0.01,0,0,0,0,0,2016-03-26
0,0,0,0,0,0,0,0,0,0,0,0,0,0,0,0,0,2016-03-27
0,0,0,0,0,0,0,0,0,0,0,0.52,0,0,0,0,0,2016-03-28
0,0,0,0,0,0,0,0,0,0,0,0.52,0,0,0,0,0,2016-03-29
0,0,0.05,0,0,0.07,0,0.03,0.1,0.02,0.04,0.03,0,0.03,0,0.01,0,2016-03-30
0,0,0.05,0,0,0.07,0,0.03,0.1,0.02,0.04,0.03,0,0.03,0,0.01,0,2016-03-31
0.02,0,0.06,0,0,0.01,0,0,0.06,0.01,0,0,0,0,0,0.13,0,2016-04-01
0.02,0,0.06,0,0,0.01,0,0,0.06,0.01,0,0,0,0,0,0.13,0,2016-04-02
0,0,0.03,0,0,0.01,0,0,0,0,0,0,0,0,0,0,0,2016-04-03
0,0,0,0,0,0.01,0,0,0,0,0,0,0,0,0,0,0,2016-04-04
0,0,0,0,0,0.01,0,0,0,0,0,0,0,0,0,0,0,2016-04-05
0,0,0,0,0,0.01,0,0,0,0,0,0,0,0,0,0,0,2016-04-06
0,0,0,0,0,0.01,0,0,0,0,0,0,0,0,0,0,0,2016-04-07
0,0,0,0,0,0.01,0,0,0,0,0,0,0,0,0,0,0,2016-04-08
0,0,0,0,0,0.01,0,0,0,0,0,0,0,0,0,0,0,2016-04-09
0,0,0,0.02,0,0,0,0,0,0.03,0,0,0,0,0,0,0,2016-04-10
0.22,0.06,0,0.34,0.07,0,0,0,0.02,0.52,0.06,0,0,0,0.4,0.04,0.03,2016-04-11
0.22,0.06,0,0.34,0.07,0,0,0,0.02,0.52,0.06,0,0,0,0.4,0.04,0.03,2016-04-12
0.53,0.47,0.23,0.61,0.56,0.5,0,1.66,1.66,1.7,0.71,2.55,0,1.65,1.04,1.38,1.51,2016-04-13
0.53,0.18,0.23,0.61,0.54,0.09,0,1.66,0.69,1.7,0.71,2.55,0,1.04,1.04,1.38,1.51,2016-04-14
0,0,0,0,0.02,0.03,0,0,0,0,0,0,0,0,0,0,0,2016-04-15
0.04,0.09,0.05,0.05,0,0.14,0,0,0,0,0,0,0,0,0,0,0,2016-04-16
0.04,0.09,0.05,0.05,0.05,0,0,0.14,0,0,0,0,0,0,0.63,0.05,0,2016-04-17
0.22,0.02,0.24,0,0.12,0.53,0,0.45,0.7,0.08,0.15,1.2,0,0.58,0.63,1.3,0.14,2016-04-18
0.22,0.02,0.24,0,0.12,0.27,0,0.45,0.7,0.08,0.15,1.2,0,0.58,0.04,1.3,0.14,2016-04-19
0,0,0,0,0.02,0,0,0,0,0,0,0,0,0,0.04,0,0,2016-04-20
0.02,0,0,0,0,0.11,0,0.34,0.28,0,0,0,0,0,0,0.24,0,2016-04-21
0.02,0,0,0,0,0.11,0,0.34,0.28,0,0,0,0,0,0,0.24,0,2016-04-22
0,0,0,0,0,0.03,0,0.03,0,0,0,0,0,0,0,0,0,2016-04-23
0,0,0,0,0,0,0,0,0,0.01,0,0,0,0,0.02,0,0,2016-04-24
0,0,0,0,0,0,0,0,0,0.01,0,0,0,0,0.02,0,0,2016-04-25
0,0,0,0,0,0,0,0,0,0,0,0,0,0,0,0,0,2016-04-26
0.56,0.5,0.33,0.5,0.56,0.65,0,0.73,0.62,0.67,0.57,0.5,0,0.49,0.01,0.95,0.34,2016-04-27
0.56,0.5,0.33,0.5,0.56,0,0,0.73,0.62,0.67,0.57,0.5,0,0.49,0.01,0.95,0.34,2016-04-28
0,0.01,0.03,0,0.02,0,0,0,0,0,0,0,0,0,0,0,0,2016-04-29
0.1,0.18,0.52,0.15,0.57,0.28,0,0.35,0.47,0.61,0.34,0.61,0,0.55,0,0.98,0.02,2016-04-30
0.1,0.18,0.52,0.15,0.57,0,0,0.35,0.47,0,0.02,0.61,0,0.55,0,0.98,0.02,2016-05-01
0,0.02,0.03,0,0.02,0,0,0,0,0,0,0,0,0,0,0.01,0,2016-05-02
0,0,0.03,0,0,0,0,0,0,0,0,0,0,0,0,0.01,0,2016-05-03
0,0,0,0,0,0,0,0,0,0,0,0,0,0,0,0,0,2016-05-04
0,0,0,0,0,0,0,0,0,0,0,0,0,0,0,0,0,2016-05-05
0,0,0,0,0,0,0,0,0,0,0,0,0,0,0,0,0,2016-05-06
0,0,0,0,0,0,0,0,0,0,0,0,0,0,0,0,0,2016-05-07
0,0,0.01,0,0,0.03,0,0,0,0,0.03,0.02,0,0,0,0,0.03,2016-05-08
0,0,0.01,0,0,0.54,0,0,0,0,0.03,0.02,0,0,0,0,0.03,2016-05-09
0,0,0,0,0,0.54,0,0,0,0,0,0.02,0,0,0,0,0,2016-05-10
0.02,1.84,1.57,0,0.05,2.01,0,0.95,0.42,0,0.61,0,0,0,0,0.29,0,2016-05-11
0.02,1.84,1.57,0,0.05,2.01,0,0.95,0.42,0,0.61,0,0,0,0,0.29,0,2016-05-12
0,0,0.02,0,0,0,0,0,0,0,0,0,0,0,0,0.12,0,2016-05-13
0.25,0.38,0.34,0.23,0.32,0.62,0,0.48,0.29,0.53,0.65,0.32,0,0.25,3.59,0.26,1.42,2016-05-14
0.71,1.42,1.24,0.32,0.32,0.92,0,0.64,0.95,0.53,0.65,0.64,0,0.54,3.59,0.26,1.42,2016-05-15
0.71,1.46,1.25,0.32,0.28,0.92,0,0.65,0.95,0.47,0.38,0.64,0,0.54,0.52,0.18,0.34,2016-05-16
0.03,0.15,0.01,0.07,0.04,0.15,0,0.01,0.47,0.15,0.06,0.11,0,0.04,0.26,0.1,0.02,2016-05-17
0.74,0,1.2,1.11,1.87,0.76,0,1.29,1.03,0.39,0.44,0.08,0,0.02,0.06,0.57,0.04,2016-05-18
1.7,1.79,1.2,1.85,2.43,0.76,0,1.29,1.43,0.95,0.71,1.37,0,1.1,1.98,1.68,1.42,2016-05-19
1.7,1.79,0,1.85,2.43,0.69,0,1.19,1.43,0.95,0.71,1.37,0,1.1,1.98,1.68,1.42,2016-05-20
0,0,0,0,0,0,0,0,0,0,0,0,0,0,0.04,0,0,2016-05-21
0,0,0,0,0,0,0,0,0,0,0,0,0,0,0,0,0,2016-05-22
0,0,0,0,0,0,0,0,0.11,0,0,0,0,0,0,0.15,0,2016-05-23
0,0,0.01,0,0,0,0,0,0.11,0,0,0,0,0,0,0.15,0,2016-05-24
0,0,0.01,0,0,0,0,0,0,0,0,0,0,0,0,0,0,2016-05-25
0,0,0,0,0,0,0,0,0,0,0,0,0,0,0,0,0,2016-05-26
0,0,0,0,0,0,0,0,0,0,0,0,0,0,0,0,0,2016-05-27
0,0.19,0.24,0,0,0.09,0,0,0,0,0,0,0,0,0,0,0,2016-05-28
3.77,4.5,0.24,2.67,1.61,3.32,0,2.32,3.16,1.47,2.87,3.03,0,1.82,1.27,3.53,1.67,2016-05-29
3.77,4.5,0,2.67,1.61,3.32,0,2.32,3.16,1.47,2.87,3.03,0,1.82,1.27,3.53,1.67,2016-05-30
0.26,1.35,0,1.11,2.75,0.93,0,1.32,1.05,1.27,1.19,1.04,0,1.45,0.55,1.72,0.38,2016-05-31
0.26,1.35,0,1.11,2.75,0.93,0,1.32,1.05,1.27,1.43,1.04,0,1.46,0.55,1.72,0.38,2016-06-01
0.71,1.27,0.24,0.68,1.69,1.2,0,1.2,1.17,1.13,0.71,1.78,0,0.74,0,0.9,1.3,2016-06-02
0.71,1.27,0.24,0.68,1.69,1.2,0,1.2,1.17,1.13,0.71,1.78,0,0.74,0.11,0.9,1.3,2016-06-03
0.52,0,0.07,0,0,0.03,0,0.08,0.13,0,0.23,0.25,0,0.35,0.11,0.23,0.29,2016-06-04
0,0,0.02,0,0,0,0,0,0,0,0,0,0,0,0,0,0,2016-06-06
0,0,0.02,0,0,0,0,0,0,0,0,0,0,0,0,0,0,2016-06-07
0,0,0.02,0,0,0,0,0,0,0,0,0,0,0,0,0,0,2016-06-08
0,0,0,0,0,0,0,0,0,0,0,0,0,0,0,0,0,2016-06-17
0,0,0,0,0,0,0,0,0,0,0,0,0,0,0,0,0,2016-06-18
0,0.15,0,0,0,0,0,0,0,0,0,0,0,0,0.1,0.14,0,2016-06-19
0.38,0.15,0,0,0.65,0,0,0,0,0.61,0,0,0,0,0.1,0.14,0,2016-06-20
0.38,0.04,0,0,0.65,0,0,0,0,0.61,0,0,0,0,0.05,0,0,2016-06-21
0,0,0,0,0.02,0,0,0,0,0,0,0,0,0,0,0,0,2016-06-22
0,0,0,0,0,0,0,0,0,0,0,0,0,0,0,0,0,2016-06-23
0,0,0,0,0,0,0,0,0,0,0,0,0,0,0,0,0,2016-06-24
0,0.02,0.08,0.05,0.49,0.05,0,0.15,0.2,0.57,0.12,0.23,0,0.13,0.57,0.18,0.37,2016-06-25
0.22,0.04,0.08,0.23,0.49,0.05,0,0.17,0.2,0.57,0.12,0.23,0,0.13,0.57,0.18,0.37,2016-06-26
0.22,0.04,0,0.23,0.11,0,0,0.17,0,0,0,0.09,0,0,0.63,0,0,2016-06-27
0,0,0.05,0,0,0.46,0,0,0.19,0,0,0,0,0,0.63,0,0,2016-06-28
0,0,0.08,0,0,1.09,0,0,0.19,0,0,0.01,0,0,0.01,0.29,0.05,2016-06-29
0,0,0.08,0,0,1.09,0,0,0.15,0,0,0.01,0,0,0,0.29,0.05,2016-06-30
0,0,0,0,0,0,0,0,0,0,0,0.01,0,0,0,0,0,2016-07-01
0,0,0.05,0,0,0,0,0,0,0,0,0,0,0,0,0,0,2016-07-02
0,0,0.05,0,0,0,0,0,0,0,0,0,0,0,0,0,0,2016-07-03
0,0,0.04,0,0,0,0,0,0,0,0,0,0,0,0,0,0,2016-07-04
0,0,0.04,0,0,0,0,0,0,0,0,0,0,0,0,0,0,2016-07-05
0,0,0.03,0,0,0,0,0,0,0,0,0,0,0,0,0,0,2016-07-06
0,0,0.03,0,0,0,0,0,0,0,0,0,0,0,0,0,0,2016-07-07
0,0,0.03,0,0,0,0,0,0,0,0,0,0,0,0,0,0,2016-07-08
0,0,0.02,0,0,0,0,0,0,0,0,0,0,0,0,0,0,2016-07-09
0,0,0,0,0,0,0,0,0,0,0,0,0,0,0,0,0,2016-07-10
0,0,0,0,0,0,0,0,0,0,0,0,0,0,0,0,0,2016-07-11
0,0,0,0,0,0,0,0,0,0,0,0,0,0,0,0,0,2016-07-12
0,0,0,0,0,0,0,0,0,0,0,0,0,0,0,0,0,2016-07-13
0,0,0,0,0,0,0,0,0,0,0,0,0,0,0,0,0,2016-07-14
0,0,0,0,0,0,0,0,0,0,0,0,0,0,0,0,0,2016-07-15
0,0,0,0,0,0,0,0,0,0,0,0,0,0,0,0,0,2016-07-16
0,0,0,0,0,0,0,0,0,0,0,0,0,0,0,0,0,2016-07-17
0,0,0,0,0,0,0,0,0,0,0,0,0,0,0,0,0,2016-07-18
0,0,0,0,0,0,0,0,0,0,0,0,0,0,0,0,0,2016-07-19
0,0,0,0,0,0,0,0.55,0.49,0,0,0,0,0,0,0,0,2016-07-20
0,0,0,0,0,0,0,0.55,0.49,0,0,0,0,0,0,0,0,2016-07-21
0,0,0,0,0,0,0,0,0,0,0,0,0,0,0,0,0,2016-07-22
0,0,0,0,0,0,0,0,0,0,0,0,0,0,0,0,0,2016-07-23
0,0,0,0,0,0,0,0,0,0,0,0,0,0,0,0,0,2016-07-24
0,0,0,0,0,0,0,0,0,0,0,0,0,0,0,0,0,2016-07-25
0.17,0.23,0.23,0,0.03,2.16,0,0.16,0.04,0.46,0.11,0.13,0,0.76,0.23,0.94,0.14,2016-07-26
0.17,0.23,0.23,0.07,0.03,2.16,0,0.92,0.8,0.46,2.76,0.13,0,0.76,0.23,0.94,1.03,2016-07-27
0.94,0.54,0.09,0.07,0.02,0,0,0.92,0.8,0.04,2.76,0.03,0,0,0.02,0.57,1.03,2016-07-28
0.94,0.54,0.09,0.02,0,0,0,0,0,0.02,0,0.03,0,0,0.02,0.29,0,2016-07-29
0.06,0.02,0,0.02,0,0,0,0,0,0.02,0,0.01,0,0,0,0,0,2016-07-30
0,0,0,0,0,0,0,0,0,0,0,0,0,0,0,0,0,2016-07-31
0,0,0,0,0,0,0,0,0,0,0,0,0,0,0,0,0,2016-08-01
0,0,0,0,0,0,0,0,0,0,0,0,0,0,0,0,0,2016-08-02
0,0,0,0,0,0,0,0,0,0,0,0,0,0,0,0,0,2016-08-03
0,0,0,0,0,0,0,0,0,0,0,0,0,0,0,0,0,2016-08-04
0,0,0,0,0,0,0,0,0,0,0,0,0,0,0,0,0,2016-08-05
0,0,0,0,0,0,0,0,0,0,0,0,0,0,0,0,0,2016-08-06
0,0,0,0,0,0,0,0,0,0,0,0,0,0,0,0,0,2016-08-07
0,0,0,0,0,0,0,0,0,0,0,0,0,0,0,0,0,2016-08-08
0,0,0,0,0,0,0,0,0,0,0,0,0,0,0,0,0,2016-08-09
0,0,0,0,0,0,0,0,0,0,0,0,0,0,0,0,0,2016-08-10
0,0,0,0,0,0,0,0,0,0,0,0,0,0,0,0,0,2016-08-11
0,0,0,0,0,0,0,0,0,0,0,0,0,0,0,0,0,2016-08-12
0,0,0.03,0.17,0,0.21,0,0,0.65,0.01,0,0,0,0.01,0.04,0.09,0.11,2016-08-13
0.26,0.15,0.29,1.1,0,0.62,0,0,0.65,1.76,0.27,0.08,0,0.4,0.04,0.93,0.79,2016-08-14
1.71,2.47,1.65,2.03,0.23,0.96,0,0.52,0.59,1.76,0.27,0.08,0,0.41,1.44,1.1,0.81,2016-08-15
1.71,2.47,1.65,2.03,2.69,0.96,0,0.52,0.43,1.47,0.11,0,0,0.6,1.44,1.1,0.67,2016-08-16
1.36,0.08,0.05,0.18,2.69,0.46,0,0,0.2,1.47,0.3,0.56,0,0.6,0.74,0.09,0.67,2016-08-17
0.52,0.01,0.03,0,0.01,0.09,0,0,0.27,0,0.3,0.56,0,0.59,0.01,0.13,0.36,2016-08-18
0.02,0,0.01,0,0,0,0,0,0.2,0,0,0.03,0,0.02,0,0.13,0,2016-08-19
0.89,0.67,1.04,0.76,1.05,0.92,0,1.39,1.44,0.71,0.71,2.59,0,1.19,1.25,2.13,1.25,2016-08-20
0.95,2.08,1.04,1.17,1.05,0.92,0,1.39,1.44,1.22,0.24,2.59,0,1.19,1.25,2.13,1.25,2016-08-21
0.95,2.08,0.82,1.17,0.58,0.46,0,1.1,0.08,1.22,0.23,0.12,0,0.04,0.49,0.02,0.31,2016-08-22
0.05,0.23,0.16,0.02,0.07,0.28,0,0.14,0.08,0.12,0,0.01,0,0.04,0,0,0,2016-08-23
0,0,0,0,0,0.04,0,0.04,0,0,0,0,0,0,0,0,0,2016-08-24
0,0,0,0,0,0,0,0.04,0,0,0,0,0,0,0,0,0,2016-08-25
0,0,0,0,0,0,0,0,0,0,0,0,0,0,0,0,0,2016-08-26
0,0,0,0,0,0,0,0,0,0,0,0,0,0,0,0,0,2016-08-27
0,0,0,0,0,0,0,0,0,0,0,0,0,0,0,0,0,2016-08-28
0,0,0,0,0,0,0,0,0,0,0,0.07,0,0,0,0,0.01,2016-08-29
0.26,0.2,0.03,0.17,0.6,0,0,0.08,0,0.34,0.43,0.07,0,0,0.62,0,0.23,2016-08-30
0.26,0.47,0.51,0.17,0.6,0.38,0,0.55,0.6,0.34,0.43,0.41,0,0,0.62,1.07,0.63,2016-08-31
0,0.47,0.51,0,0,0.38,0,0.55,0.6,0,0,0.41,0,0.13,0,1.14,0.72,2016-09-01
0.02,0.8,1.09,0.27,0,2.87,0,0.99,0.04,0,0,0.04,0,0.22,0,0.46,0.72,2016-09-02
0.02,0.8,1.09,0.27,0,2.87,0,0.99,0.04,0,0,0.04,0,0.22,0,0.46,0,2016-09-03
0,0,0,0.07,0,0,0,0,0,0.14,0,0.01,0,0,0,0,0.09,2016-09-04
0.23,0,0,0.07,0,0,0,0,0,0.14,0.16,0,0,0.2,0.16,0,0.29,2016-09-05
0.04,0,0,0.02,0,0,0,0,0,0.03,0.16,0,0,0.2,0.16,0,0.13,2016-09-06
0,0,0,0,0,0,0,0,0,0,0,0,0,0.01,0,0,0,2016-09-07
0,0,0,0,0,0,0,0,0,0,0,0,0,0,0,0,0,2016-09-08
0,0,0,0,0,0,0,0,0,0,0,0,0,0,0,0,0,2016-09-09
0,0,0.01,0,0,0,0,0,0,0,0,0,0,0,0,0.08,0,2016-09-10
0,0,0.01,0,0,0,0,0,0,0,0,0,0,0,0,0.08,0,2016-09-11
0,0,0.01,0,0,0,0,0,0,0,0.55,0.57,0,0.59,0,0,0,2016-09-12
0,0.03,0.03,0.27,0.52,0,0,0.73,0.39,0.6,0.55,0.57,0,1.05,0.02,0.96,0.59,2016-09-13
0,0.03,0.03,0.27,0.52,0,0,0.73,0.39,0.6,0.28,0.34,0,1.05,0.02,0.96,0.59,2016-09-14
0,0.01,0,0,0.02,0,0,0,0,0,0,0.05,0,0.74,0.01,0,0.2,2016-09-15
0,0,0,0,0,0,0,0,0,0,0,0,0,0,0,0.55,0,2016-09-16
0,0,0,0,0,0,0,0,0,0,0,0,0,0,0,0.55,0,2016-09-17
0,0,0,0,0,0,0,0,0,0,0,0,0,0,0,0,0,2016-09-18
0,0,0,0,0,0,0,0,0,0,0,0,0,0,0,0,0,2016-09-19
0,0,0,0,0,0,0,0,0,0,0,0,0,0,0,0,0,2016-09-20
0,0,0,0,0,0,0,0,0,0,0,0,0,0,0,0,0,2016-09-21
0,0,0,0,0,0,0,0,0,0,0,0,0,0,0,0,0,2016-09-22
0,0,0,0,0,0,0,0,0,0,0,0,0,0,0,0,0,2016-09-23
0,0,0,0,0,0,0,0,0,0,0,0,0,0,0,0,0,2016-09-24
0.12,0.58,0.08,0.06,0.04,0.14,0,0,1.32,0.1,0.29,0.34,0,1.26,0.26,1.42,1.26,2016-09-25
0.91,0.58,0.3,1.25,0.3,0.69,0,0.09,1.32,0.47,0.29,0.34,0,1.26,0.32,1.42,1.26,2016-09-26
0.91,0.34,0.3,1.25,0.3,0.69,0,0.09,0.54,0.47,0.08,0.06,0,0.08,0.32,0.66,0.02,2016-09-27
0,0.01,0,0,0.02,0,0,0,0,0,0,0,0,0,0,0,0,2016-09-28
0,0,0,0,0,0,0,0,0,0,0,0,0,0,0,0,0,2016-09-29
0,0,0,0,0,0,0,0,0,0,0,0,0,0,0,0,0,2016-09-30
0,0,0,0,0,0,0,0,0,0,0,0,0,0,0,0,0,2016-10-01
0,0,0,0,0,0,0,0,0,0,0,0,0,0,0,0,0,2016-10-02
0,0,0,0,0,0,0,0,0,0,0,0,0,0,0,0,0,2016-10-03
0,0,0,0,0,0,0,0,0,0,0,0,0,0,0,0,0,2016-10-04
0,0,0,0,0,0,0,0,0,0,0,0,0,0,0,0,0,2016-10-05
0,0,0,0,0,0,0,0,0,0,0,0,0,0,0,0,0,2016-10-06
0,0,0,0,0,0,0,0,0,0,0,0,0,0,0,0,0,2016-10-07
0,0,0,0,0,0,0,0,0,0,0,0,0,0,0,0,0,2016-10-10
0,0,0,0,0,0,0,0,0,0,0,0,0,0,0,0,0,2016-10-11
0,0,0,0,0,0,0,0,0,0,0,0,0,0,0,0,0,2016-10-12
0,0,0,0,0,0,0,0,0.61,0,0,0,0,0.02,0,0.47,0,2016-10-13
0,0,0,0,0,0,0,0,0.61,0,0,0,0,0.02,0,0.47,0,2016-10-14
0,0,0,0,0,0,0,0,0,0,0,0,0,0,0,0,0,2016-10-15
0,0,0,0,0,0,0,0,0,0,0,0,0,0,0,0,0,2016-10-16
0,0,0,0,0,0,0,0,0,0,0,0,0,0,0,0,0,2016-10-17
0,0,0,0,0,0,0,0,0,0,0,0,0,0,0,0,0.47,2016-10-18
0,0,0,0,0,0,0,0,0,0,0,0,0,0,0,0,0.47,2016-10-19
0,0.01,0,0,0,0,0,0,0,0,0,0,0,0,0,0,0.03,2016-10-20
0,0.01,0.47,0,0,0,0,0,0,0,0,0,0,0,0,0,0,2016-10-21
0,0.01,0.47,0,0,0,0,0,0,0,0,0,0,0,0,0,0,2016-10-22
0,0.01,0,0,0,0,0,0,0,0,0,0,0,0,0,0,0,2016-10-23
0,0.01,0,0,0,0,0,0,0,0,0,0,0,0,0,0,0,2016-10-24
0,0,0,0,0,0,0,0,0,0,0,0,0,0,0,0,0,2016-10-25
0,0,0,0,0,0,0,0,0,0,0,0,0,0,0,0,0,2016-10-26
0,0,0,0,0,0,0,0,0,0,0,0,0,0,0,0,0,2016-10-27
0,0,0,0,0,0,0,0,0,0,0,0,0,0,0,0,0,2016-10-28
0,0,0,0,0,0,0,0,0,0,0,0,0,0,0,0,0,2016-10-29
0,0,0,0,0,0,0,0,0,0,0,0,0,0,0,0,0,2016-10-30
0,0,0,0,0,0,0,0,0,0,0,0,0,0,0,0,0,2016-10-31
0,0,0,0,0,0,0,0,0,0,0,0,0,0,0,0,0,2016-11-01
0,0,0,0,0,0,0,0,0,0,0,0,0,0,0,0,0,2016-11-02
0,0,0.03,0,0,1.16,0,0,0.57,0,0.37,0.51,0,0.51,0,0.05,0.41,2016-11-03
0.39,0,0.07,0.49,0,1.16,0,0,0.57,0.85,0.37,0.51,0,0.51,0.04,0.05,0.41,2016-11-04
0.39,0,0.01,0.49,0,0.05,0,0,0,0.85,0.03,0,0,0,0.04,0.05,0.13,2016-11-05
0.19,0.02,0.01,0.04,0.02,0,0,0,0,0,0,0,0,0.01,0.02,0.05,0,2016-11-06
0.19,0.02,0.01,0.04,0.02,0,0,0,0,0,0,0,0,0.01,0,0.05,0,2016-11-07
0.19,0.22,0.24,0.03,0.02,1.34,0,0.93,0.16,0,0.19,0.21,0,0.12,0.21,0.17,0.05,2016-11-08
0.6,0.22,0.24,0.25,0.32,1.34,0,0.93,0.16,0.46,0.46,0.21,0,0.12,0.21,0.17,0.37,2016-11-09
0.6,0.03,0,0.25,0.32,0.07,0,0.82,0.08,0.46,0.46,0.12,0,0.02,0.11,0.1,0.37,2016-11-10
0,0.02,0,0.01,0.08,0.07,0,0.08,0.08,0.01,0.09,0.02,0,0.02,0.14,0.1,0.07,2016-11-11
0,0.02,0,0.01,0.08,0.07,0,0.08,0,0.01,0.09,0,0,0,0.14,0.03,0.01,2016-11-12
0,0,0,0,0.04,0,0,0,0,0,0,0.01,0,0,0,0.03,0,2016-11-13
0,1.02,0,0,0,0,0,0,0,0,0,0.01,0,0,0,0,0,2016-11-14
0,1.02,0,0,0,0,0,0,0,0,0,0,0,0,0,0,0,2016-11-15
0,0.02,0,0,0,0,0,0,0,0,0,0,0,0,0,0,0,2016-11-16
0,0,0,0,0,0,0,0,0,0,0,0,0,0,0,0,0,2016-11-17
0,0,0,0,0,0,0,0,0,0,0,0,0,0,0,0,0,2016-11-18
0,0,0,0,0,0,0,0,0,0,0,0,0,0,0,0,0,2016-11-19
0,0,0,0,0,0,0,0,0,0,0,0,0,0,0,0,0,2016-11-20
0,0,0,0,0,0,0,0,0,0,0,0,0,0,0,0,0,2016-11-21
0,0,0,0.57,0,0,0,0,0,0,0,0,0,0,0,0,0,2016-11-22
0,0,0,0.57,0,0,0,0,0,0,0,0,0,0,0,0,0,2016-11-23
0,0,0,0,0,0,0,0,0,0,0,0,0,0,0,0,0,2016-11-24
0,0,0,0,0,0,0,0,0,0,0,0,0,0,0,0,0,2016-11-25
0,0,0,0,0,0,0,0,0,0,0,0,0,0,0,0,0,2016-11-26
0,0,0,0,0,0,0,0,0,0,0,0,0,0,0,0,0,2016-11-27
0,0,0,0,0,0,0,0,0,0,0,0,0,0,0,0,0,2016-11-28
0,0,0,0,0,0,0,0,0,0,0,0,0,0,0,0,0,2016-11-29
0,0,0,0,0.58,0,0,0,0,0,0,0,0,0,0.55,0,0,2016-11-30
0,0,0,0,0.58,0,0,0,0,0,0,0,0,0,0.55,0,0,2016-12-01
0.19,0.32,0.53,0.09,0.21,0.47,0,0.91,0.81,0.1,0.42,0.59,0,0.37,0.23,0.82,0.25,2016-12-02
1.19,2.93,2.29,3.39,3.16,0.66,0,2.28,1.84,3.58,1.4,1.88,0,1.77,2.11,1.79,2.17,2016-12-03
1.19,2.93,2.29,3.39,3.16,0.66,0,2.28,1.84,3.58,1.4,1.88,0,1.77,2.11,1.79,2.17,2016-12-04
0.4,0.94,1.06,1.14,1.06,0.23,0,0.98,0.91,1.09,0.96,1.13,0,0.9,1.19,1.19,0.71,2016-12-05
0.38,0.94,1.06,1.14,1.06,0.23,0,0.98,0.91,1.09,0.96,1.13,0,0.9,1.19,1.19,0.53,2016-12-06
0,0,0,0,0,0.6,0,0,0,0.52,0,0,0,0,0,0,0,2016-12-07
0,0,0,0,0,0.6,0,0,0,0.52,0,0,0,0,0,0,0,2016-12-08
0,0,0,0,0,0,0,0,0,0.02,0,0,0,0,0,0,0,2016-12-09
0,0,0,0,0,0,0,0,0,0,0,0,0,0,0,0,0,2016-12-10
0.02,0.02,0.03,0.02,0.01,0.01,0,0.04,0.07,0.03,0.04,0.04,0,0.02,0.03,0.09,0.02,2016-12-11
0.02,0.02,0.03,0.02,0.01,0.01,0,0.04,0.07,0.03,0.04,0.04,0,0.02,0.03,0.09,0.02,2016-12-12
0,0,0.03,0,0.01,0,0,0,0,0,0,0,0,0,0,0,0,2016-12-13
0,0,0.02,0,0.01,0,0,0,0,0,0,0,0,0,0,0,0,2016-12-14
0,0,0.02,0,0,0,0,0,0,0,0,0,0,0,0,0,0,2016-12-15
0,0,0,0,0,0,0,0,0,0,0,0,0,0,0,0,0,2016-12-16
0,0,0,0,0,0,0,0,0,0,0,0,0,0,0,0,0,2016-12-17
0,0,0,0,0,0,0,0,0,0,0,0,0,0,0,0,0,2016-12-19
0,0,0,0,0,0,0,0,0,0,0,0,0,0,0,0,0,2016-12-20
0,0,0,0,0,0,0,0,0,0,0,0,0,0,0,0,0,2016-12-21
0,0,0,0,0,0,0,0,0,0,0,0,0,0,0,0,0,2016-12-22
0,0,0,0,0,0,0,0,0,0,0,0,0,0,0,0,0,2016-12-23
0,0,0,0,0,0,0,0,0,0,0,0,0,0,0,0.03,0,2016-12-24
0,0,0,0,0,0,0,0,0,0,0,0,0,0,0,0.03,0,2016-12-25
0,0,0,0,0,0,0,0,0,0,0,0,0,0,0,0.02,0,2016-12-26
0,0,0.03,0,0,0,0,0.01,0,0,0,0,0,0,0,0,0,2016-12-27
0,0,0.03,0,0,0,0,0.01,0,0,0,0,0,0,0,0,0,2016-12-28
0,0,0,0,0,0,0,0,0,0,0,0,0,0,0,0,0,2017-01-05
0,0,0,0,0,0,0,0,0,0,0,0,0,0,0,0,0,2017-01-06
0,0,0,0,0,0,0,0,0,0,0,0,0,0,0,0,0,2017-01-07
0,0,0,0,0,0,0,0,0,0,0,0,0,0,0,0,0,2017-01-08
0,0,0,0,0,0,0,0,0,0,0,0,0,0,0,0,0,2017-01-09
0,0,0,0,0,0,0,0,0,0,0,0,0,0,0,0,0,2017-01-10
0,0,0,0,0,0,0,0,0,0,0,0,0,0,0,0,0,2017-01-11
0,0,0,0,0,0,0,0,0,0,0,0,0,0,0,0,0,2017-01-12
0,0,0,0,0,0,0,0,0,0,0,0,0,0,0,0,0,2017-01-13
0,0,0,0,0,0,0,0,0.05,0,0,0,0,0,0,0.05,0,2017-01-14
0,0,0,0,0,0.01,0,0.03,0.12,0,0.02,0.03,0,0.11,0.01,0.13,0.01,2017-01-15
0.45,0.23,0.84,0.53,0.41,1.26,0,0.65,0.77,0.64,1.61,1.08,0,1.27,0.99,0.65,1.21,2017-01-16
0.45,0.23,0.84,0.53,0.41,1.26,0,0.65,0.77,0.64,1.61,1.08,0,1.27,0.99,0.65,1.21,2017-01-17
0.32,0.23,0,0.12,0,0.07,0,0,0.06,0.29,0.03,0.07,0,0.01,0,0.16,0,2017-01-18
0.32,0.23,0.03,0.12,0.03,0.07,0,0,0.06,0.29,0.03,0.07,0,0.01,0,0.16,0,2017-01-19
0,0.04,0.03,0,0.03,0,0,0,0,0,0,0.05,0,0,0,0,0,2017-01-20
0,0,0,0,0.02,0,0,0,0,0,0,0.03,0,0,0,0,0,2017-01-21
0,0,0,0,0,0,0,0,0,0,0,0.03,0,0,0,0,0,2017-01-22
0,0,0,0,0,0,0,0,0,0,0,0,0,0,0,0,0,2017-01-23
0,0,0,0,0,0,0,0,0,0,0,0,0,0,0,0,0,2017-01-24
0,0,0,0,0,0,0,0,0,0,0,0,0,0,0,0,0,2017-01-25
0,0,0,0,0,0,0,0,0,0,0,0,0,0,0,0,0,2017-01-26
0,0,0,0,0,0,0,0,0,0,0,0,0,0,0,0,0,2017-01-27
0.03,0.01,0,0.04,0.07,0,0,0,0,0.02,0.11,0.03,0,0.06,0.05,0,0.08,2017-01-28
0.03,0.01,0,0.04,0.07,0,0,0,0,0.02,0.11,0.03,0,0.06,0.05,0,0.08,2017-01-29
0,0,0,0,0,0,0,0,0,0,0,0.03,0,0,0,0,0,2017-01-30
0,0,0,0,0.04,0,0,0,0,0,0,0.01,0,0,0,0,0,2017-01-31
0,0,0,0,0,0,0,0,0,0,0,0,0,0,0,0,0,2017-02-01
0,0,0,0,0,0,0,0,0,0,0,0,0,0,0,0,0,2017-02-02
0,0,0,0,0,0,0,0,0,0,0,0,0,0,0,0,0,2017-02-03
0,0,0,0,0,0,0,0,0,0,0,0,0,0,0,0.01,0,2017-02-04
0,0,0,0,0,0,0,0,0,0,0,0,0,0,0,0.03,0,2017-02-05
0,0,0,0,0,0,0,0,0,0,0,0,0,0,0,0.03,0,2017-02-06
0,0,0,0,0,0,0,0,0,0,0,0,0,0,0,0.04,0,2017-02-07
0,0,0,0,0,0,0,0,0,0,0,0,0,0,0,0.04,0,2017-02-08
0,0,0,0,0,0,0,0,0,0,0,0,0,0,0,0,0,2017-02-09
0,0,0.54,0,0,0,0,0,0,0,0,0,0,0,0,0,0,2017-02-10
0,0,0.54,0,0,0,0,0,0,0,0,0,0,0,0,0,0,2017-02-11
0,0,0,0,0,0,0,0,0,0,0,0,0,0,0,0,0,2017-02-12
0,0,0,0,0,0,0,0.04,0,0,0,0,0,0,0,0.02,0,2017-02-13
1.03,0.69,1.75,0.53,0.74,1.29,0,1.13,1.47,0.51,0.75,0.97,0,1.22,1.13,1.08,0.74,2017-02-14
1.03,0.69,1.75,0.53,0.74,1.29,0,1.13,1.47,0.51,0.75,0.97,0,1.22,1.13,1.08,0.74,2017-02-15
0,0,0,0,0,0.03,0,0,0,0,0,0.04,0,0,0,0.68,0,2017-02-16
0,0,0,0,0,0,0,0,0,0,0,0.02,0,0,0,0.68,0,2017-02-17
0,0,0,0,0,0,0,0,0,0,0,0,0,0,0,0,0.03,2017-02-21
0,0,0,0,0,0,0,0,0,0,0,0,0,0.49,0,0,0.03,2017-02-22
0,0,0,0,0,0.03,0,0,0,0,0,0,0,0.49,0,0,0,2017-02-23
0,0,0,0,0,0.03,0,0,0,0,0,0,0,0,0,0,0,2017-02-24
0,0,0,0,0,0.03,0,0,0,0,0,0,0,0,0,0,0,2017-02-25
0,0,0,0,0,0,0,0,0,0,0,0,0,0,0,0,0,2017-02-26
0,0,0,0,0,0,0,0,0,0,0,0,0,0,0,0,0,2017-02-27
0,0,0,0,0,0,0,0,0,0,0,0,0,0,0,0,0,2017-02-28
0,0,0,0,0,0,0,0,0,0,0,0,0,0,0,0,0,2017-03-01
0,0,0,0,0,0,0,0,0,0,0,0,0,0,0,0,0,2017-03-02
0,0,0,0,0,0,0,0,0,0,0,0,0,0,0,0,0,2017-03-03
0.8,0.55,0.43,0.63,0.42,0.53,0,0.49,0.56,0.76,0.52,0.61,0,0.61,0.41,0.68,0.64,2017-03-04
0.8,0.55,0.43,0.63,0.42,0.53,0,0.49,0.57,0.76,0.53,0.62,0,0.61,0.41,0.69,0.65,2017-03-05
0.1,0.12,0.18,0.11,0.15,0.23,0,0.26,0.35,0.03,0.3,0.58,0,0.23,0.28,0.16,0.27,2017-03-06
0,0,0,0,0.01,0.03,0,0,0,0,0,0,0,0.01,0,0.03,0,2017-03-07
0,0,0,0,0,0.11,0,0,0,0,0,0,0,0,0,0.03,0,2017-03-08
0,0,0,0,0,0.11,0,0,0,0,0,0,0,0,0,0,0,2017-03-09
0,0.06,0.04,0,0,0,0,0,0.01,0,0,0,0,0.01,0.01,0.37,0,2017-03-10
0.02,0.06,0.04,0,0,0,0,0,0.01,0.03,0,0,0,0.01,0.03,0.37,0,2017-03-11
0.02,0.01,0,0,0,0,0,0,0,0.03,0,0,0,0,0.03,0.04,0,2017-03-12
0,0,0,0,0,0,0,0,0,0,0,0,0,0,0,0.03,0,2017-03-13
0,0,0,0,0,0,0,0,0,0,0,0,0,0,0,0.03,0,2017-03-14
0,0,0,0,0,0,0,0,0,0,0,0,0,0,0,0,0,2017-03-15
0,0,0,0,0,0,0,0,0,0,0,0,0,0,0,0,0,2017-03-16
0,0,0,0,0,0,0,0,0,0,0,0,0,0,0,0,0,2017-03-17
0,0,0,0,0,0,0,0,0,0,0,0,0,0,0,0,0,2017-03-18
0,0,0,0,0,0,0,0,0,0,0,0,0,0,0,0,0,2017-03-19
0,0,0,0,0,0,0,0,0,0,0,0,0,0,0,0,0,2017-03-20
0,0,0,0,0,0,0,0,0,0,0,0,0,0,0,0,0,2017-03-21
0,0,0,0,0,0,0,0,0,0,0,0,0,0,0,0,0,2017-03-22
0,0,0,0,0,0,0,0,0,0,0,0,0,0,0,0,0,2017-03-23
0,0,0,0,0,0,0,0,0,0,0,0,0,0,0,0.07,0,2017-03-24
0,0,0,0,0,0,0,0,0,0,0,0,0,0,0,0.07,0,2017-03-25
0,0,0,0,0,0,0,0,0,0,0,0,0,0,0,0.05,0,2017-03-26
0,0,0,0,0,0,0,0,0,0,0,0,0,0,0,0,0,2017-03-27
0,0,0,0,0,0,0,0,0,0,0,0,0,0,0,0,0,2017-03-28
0.89,0.94,0.64,1.26,1.24,0.23,0,1.09,0.82,1.24,1.07,1.46,0,0.83,1.34,0.76,1.11,2017-03-29
0.89,0.94,0.64,1.26,1.24,0.23,0,1.09,0.82,1.24,1.07,1.46,0,0.83,1.34,0.76,1.11,2017-03-30
0.03,0.64,0,0.62,0,0.03,0,0,0,0,0,0,0,0,0,0.04,0,2017-03-31
0,0,0,0,0,0,0,0,0,0,0,0,0,0,0,0,0,2017-04-01
0.78,1.1,1.15,0.9,1.18,1.22,0,1.66,0.78,1.09,0.9,0.15,0,1.86,0.86,1.53,2.29,2017-04-02
0.78,1.1,1.15,0.9,1.18,1.22,0,1.66,0.78,1.09,0.9,0.15,0,1.86,0.86,1.53,2.29,2017-04-03
0,0,0,0,0,0.02,0,0,0,0,0,0.09,0,0,0,0.02,0,2017-04-04
0,0,0,0,0,0.01,0,0,0,0,0,0.05,0,0,0,0,0,2017-04-05
0.65,0,0,0,0,0,0,0,0,0.59,0,0.05,0,0,0.59,0,0,2017-04-06
0.65,0,0,0,0,0,0,0,0,0.59,0,0.05,0,0,0.59,0,0,2017-04-07
0,0,0,0,0,0,0,0,0,0,0,0.03,0,0,0,0,0,2017-04-08
0,0,0,0,0,0,0,0,0,0,0,0,0,0,0,0,0,2017-04-09
0,0,0,0,0,0,0,0,0,0,0,0,0,0,0,0,0,2017-04-10
0.3,0.49,0.55,0.46,0.06,0.81,0,0.85,0.33,0.04,0.06,0.32,0,0.09,0,0.13,0.36,2017-04-11
0.3,0.49,0.55,0.46,0.06,0.81,0,0.85,0.33,0.04,0.06,0.33,0,0.09,0,0.13,0.06,2017-04-12
0,0,0,0,0,0,0,0,0,0,0,0.09,0,0.01,0,0.05,0.06,2017-04-13
0,0,0,0,0,0,0,0,0,0,0,0.05,0,0.01,0,0.05,0.06,2017-04-14
0,0,0,0,0,0,0,0,0,0,0,0.04,0,0,0,0,0,2017-04-15
0,0,0,0,0,0,0,0,0,0,0,0.01,0,0,0,0,0,2017-04-16
0.38,0.28,0.75,0.83,0.37,0.23,0,0.73,0.62,0.92,1.26,0.19,0,1.18,2.04,0.81,1.1,2017-04-17
0.38,0,0,0,0,0.02,0,0,0,0,0,0.04,0,0,2.04,0.81,1.1,2017-04-18
0,0,0,0,0,0.02,0,0,0,0,0,0.04,0,0,0,0.04,0,2017-04-19
0,0,0,0,0,0,0,0,0,0,0,0.03,0,0,0,0.04,0,2017-04-20
0,0,0,0,0,0,0,0,0,0,0,0.01,0,0,0,0.04,0,2017-04-21
0,0,0,0,0,0,0,0,0,0,0,0.01,0,0,0,0.04,0,2017-04-22
0,0,0,0,0,0,0,0,0,0,0,0.01,0,0,0,0,0,2017-04-23
0,0,0,0,0,0,0,0,0,0,0,0.01,0,0,0,0,0,2017-04-24
0,0,0,0,0,0,0,0,0,0,0,0.01,0,0,0,0,0,2017-04-25
0,0,0,0,0,0,0,0,0,0,0,0.01,0,0,0,0,0,2017-04-26
0,0,0,0,0,0,0,0,0,0,0,0.5,0,0,0,0,0,2017-04-27
0,0,0,0,0,0,0,0,0,0,0,0.5,0,0,0,0,0,2017-04-28
0,0,0,0,0,0,0,0,0,0,0,0,0,0,0,0,0,2017-04-29
0.1,0.02,0.03,0,0.08,0.04,0,0.03,0,0,0,0,0,0,0,0,0,2017-04-30
0.1,0.02,0.03,0,0.08,0.04,0,0.03,0,0,0,0,0,0,0,0,0,2017-05-01
0.02,0,0.03,0,0,0.02,0,0,0,0,0,0,0,0,0,0,0,2017-05-02
0,0,0.04,0,0,0.02,0,0,0,0,0,0,0,0,0,0,0,2017-05-03
0,0,0.05,0,0,0.02,0,0.02,0,0,0,0,0,0,0,0,0.05,2017-05-04
0,0,0.05,0,0,0,0,0.02,0,0,0,0,0,0,0,0,0.05,2017-05-05
