max(BE124_AccDaily),max(BE125_AccDaily),max(BE127_AccDaily),max(BE128_AccDaily),max(BE129_AccDaily),max(BE130_AccDaily),max(BE133_AccDaily),max(BE142_AccDaily),max(CO132_AccDaily),max(CO135_AccDaily),max(CO138_AccDaily),max(KE141_AccDaily),the_date
0,0,0,0,0,0,0,0,0,0,0,0,2014-02-13
0,0,0,0,0,0,0,0,0,0,0,0,2014-02-14
0,0,0,0,0,0,0,0,0,0,0,0,2014-02-15
0,0,0,0,0,0,0,0,0,0,0,0,2014-02-16
0,0,0,0,0,0,0,0,0,0,0,0,2014-02-17
0,0,0,0,0,0,0,0,0,0,0,0,2014-02-18
0,0,0,0,0,0,0,0,0,0,0,0,2014-02-19
0,0,0,0,0,0,0,0,0,0,0,0,2014-02-20
0,0,0,0,0,0,0,0,0,0,0,0,2014-02-21
0,0,0,0,0,0,0,0,0,0,0,0,2014-02-22
0,0,0,0,0,0,0,0,0,0,0,0,2014-02-23
0,0,0,0,0,0,0,0,0,0,0,0,2014-02-24
0,0,0,0,0,0,0,0,0,0,0,0,2014-02-25
0.06,0.07,0.11,0.08,0.01,0.14,0.07,0.13,0.11,0.07,0.07,0.17,2014-02-26
0.06,0.07,0.12,0.08,0.01,0.14,0.07,0.13,0.11,0.07,0.07,0.17,2014-02-27
0.03,0,0.12,0,0,0,0,0,0,0,0,0,2014-02-28
0,0,0,0,0,0,0,0,0,0,0,0,2014-03-01
0,0,0,0,0,0,0,0,0.1,0,0,0,2014-03-02
0,0,0,0,0,0,0,0,0.1,0,0,0,2014-03-03
0.22,0.11,0,0.08,0.22,0,0,0.2,0.2,0.06,0.34,0.19,2014-03-04
0.22,0.11,0,0.08,0.22,0,0,0.2,0.2,0.06,0.34,0.19,2014-03-05
0,0,0,0,0,0,0,0,0,0,0,0,2014-03-06
0,0,0,0,0,0,0,0,0,0,0,0,2014-03-07
0,0.06,0,0.09,0.1,0.09,0,0.1,0.11,0.11,0.03,0.02,2014-03-08
0,0.1,0,0.09,0.1,0.09,0,0.1,0.11,0.3,0.05,0.02,2014-03-09
0.09,0.11,0.05,0.08,0.03,0.17,0.22,0.04,0.08,0.3,0.16,0.03,2014-03-10
0.13,0.11,0.23,0.08,0.02,0.18,0.22,0.04,0.09,0.08,0.16,0.04,2014-03-11
0.13,0.07,0.23,0.05,0,0.1,0.08,0.02,0.04,0.08,0.09,0.04,2014-03-12
0,0,0,0.01,0,0,0.03,0,0,0,0,0,2014-03-13
0,0,0,0,0,0,0,0,0,0,0,0,2014-03-14
0.02,0.05,0,0,0,0,0,0,0.07,0,0,0.02,2014-03-15
0.02,0.05,0,0,0,0,0,0,0.07,0,0,0.02,2014-03-16
0,0,0,0,0,0,0,0,0,0,0,0,2014-03-17
0,0,0,0,0,0,0,0,0,0,0,0,2014-03-18
0,0,0,0,0,0,0,0,0,0,0,0,2014-03-19
0,0,0,0.57,0,0.52,0.46,0,0,0,0,0,2014-03-20
0,0,0,0.57,0,0.52,0.46,0,0,0,0,0,2014-03-21
0,0,0,0.03,0,0,0.01,0,0,0,0,0,2014-03-22
0,0,0,0.01,0,0,0,0,0,0,0,0,2014-03-23
0.08,0.11,0.01,0.69,0.09,0.07,0.41,0.34,0,0.78,0.03,0,2014-03-24
0.08,0.11,0.01,0.69,0.09,0.07,0.41,0.34,0.56,0.78,0.59,0,2014-03-25
0.03,0,0.07,0,0,0.38,0.01,0.02,0.56,0.04,0.59,0,2014-03-26
0.04,0.04,0,0.04,0.07,0.38,0.07,0.06,0.02,0.04,0.03,0,2014-03-27
0.55,0.56,0,0.04,0.58,0.05,0.07,0.06,0.01,0.02,0.03,0.54,2014-03-28
0.55,0.56,0,0.01,0.58,0,0.02,0,0,0,0,0.54,2014-03-29
0,0,0,0,0,0,0,0,0,0,0,0,2014-03-30
0,0,0,0,0,0,0,0,0,0,0,0,2014-03-31
0,0,0,0,0,0,0,0,0,0,0,0,2014-04-01
0,0,0,0,0,0,0,0.57,0,0,0,0,2014-04-02
0,0,0,0,0,0,0,0.57,0,0,0,0,2014-04-03
0,0,0,0,0,0,0,0.03,0,0,0,0,2014-04-04
0,0,0,0,0,0,0,0,0,0,0,0,2014-04-05
0.04,0.06,0.04,0.05,0.1,0,0.04,0.12,0.04,0.01,0.09,0.16,2014-04-06
0.09,0.15,0.83,0.46,432.79,0.18,0.36,0.43,0.31,0.12,0.15,0.16,2014-04-07
0.09,0.15,0.83,0.46,0.31,0.18,0.36,0.43,0.31,0.12,0.15,0.03,2014-04-08
0.03,0,0,0,0,0,0,0,0.05,0.01,0,0,2014-04-09
0,0,0,0,0,0,0,0,0,0,0,0,2014-04-10
0,0,0,0,0,0,0,0,0,0,0,0,2014-04-11
0,0,0,0,0,0,0,0,0,0,0,0,2014-04-12
0,0,0,0,0,0,0,0,0,0,0,0,2014-04-13
0.51,0.29,0.27,0.6,0.32,0.02,0.1,0.6,0.05,0.08,0.42,0.06,2014-04-14
0.51,0.29,0.27,0.6,0.32,0.02,0.1,0.6,0.05,0.08,0.42,0.06,2014-04-15
0,0,0,0,0,0,0,0,0,0,0,0,2014-04-16
0,0,0,0,0,0,0,0,0,0,0,0,2014-04-17
0,0,0,0,0,0.18,0,0,0.01,0.09,0.01,0,2014-04-18
0,0,0,0,0,0.18,0,0,0.01,0.09,0.01,0,2014-04-19
0,0,0,0,0,0,0,0,0,0,0.01,0,2014-04-20
0,0,0,0,0,0,0,0,0,0,0.01,0,2014-04-21
0,0,0,0,0,0,0,0,0.07,0,0.01,0,2014-04-22
0,0,0,0,0,0,0,0,0.07,0,0.01,0,2014-04-23
0,0,0,0,0,0,0,0,0,0,0,0,2014-04-24
0,0,0,0,0,0,0,0,0,0,0,0,2014-04-25
0,0,0,0,0,0,0,0,0,0,0,0,2014-04-26
0,0,0,0,0,0,0,0,0,0,0,0,2014-04-27
0,0,0,0,0,0,0,0,0,0,0,0,2014-04-28
0,0,0,0,0,0,0,0,0,0,0,0,2014-04-29
0,0,0,0,0,0,0,0,0,0,0,0,2014-04-30
0,0,0,0,0,0,0,0,0,0,0,0,2014-05-01
0,0,0,0,0,0,0,0,0,0,0,0,2014-05-02
0,0,0,0,0,0,0,0,0,0,0,0,2014-05-03
0,0,0,0,0,0,0,0,0,0,0,0,2014-05-04
0,0,0,0,0,0,0,0,0,0,0,0,2014-05-05
0,0,0,0,0,0,0,0,0,0,0,0,2014-05-06
0,0,0,0,0,0,0,0,0,0,0,0,2014-05-07
0,0,0.01,0,0,0.03,0,0,0.03,0,0,0.11,2014-05-08
0.78,0.66,0.36,0.1,0.51,0.49,0.19,0.31,0.33,0.42,1.02,0.61,2014-05-09
0.78,0.66,0.36,0.1,0.51,0.49,0.19,0.31,0.33,0.42,1.02,0.61,2014-05-10
0,0,0,0,0.02,0,0,0,0,0,0,0,2014-05-11
0,0,0,0,0.01,0,0,0,0,0,0,0.01,2014-05-12
1.42,1.68,1.82,1.79,1.67,2.48,1.55,2.29,1.8,2.6,1.53,1.31,2014-05-13
1.42,1.68,1.82,1.79,1.67,2.48,1.55,2.29,1.8,2.6,1.53,1.31,2014-05-14
0,0,0,0,0,0,0,0,0,0,0,0,2014-05-15
0,0,0,0,0,0,0,0,0,0,0,0,2014-05-16
0,0,0,0,0,0,0,0,0,0,0,0,2014-05-17
0,0,0,0,0,0,0,0,0,0,0,0,2014-05-18
0,0,0,0,0,0,0,0,0,0,0,0,2014-05-19
0,0,0,0,0,0,0,0,0,0,0,0,2014-05-20
0,0,0,0,0,0,0,0,0,0,0,0,2014-05-21
0,0,0,0,0,0,0,0,0,0,0,0,2014-05-22
0,0,0,0,0,0,0,0,0,0,0,0,2014-05-23
0.23,0.32,0,0,0.01,0.08,0.16,0.06,0.14,0.25,0.2,0.07,2014-05-24
0.23,0.32,0,0.19,0.28,0.08,0.16,0.06,0.19,0.25,0.21,0.35,2014-05-25
2.25,2.45,1.42,2.64,2.79,1.33,2.37,2.58,1.19,1.45,1.98,2.89,2014-05-26
2.25,2.45,1.42,2.64,2.79,1.33,2.37,2.58,1.19,1.45,1.98,2.89,2014-05-27
0.23,0.76,0.03,0.09,0.62,0.05,0.1,0.09,1.12,0.37,0.87,0.84,2014-05-28
0,0.02,0,0,0,0,0,0,0,0,0,0.02,2014-05-29
0,0,0,0,0,0,0,0,0,0,0,0,2014-05-30
0.01,0,0,0,0,0,0,0,0,0,0,0,2014-05-31
0.01,0,0,0,0,0,0,0,0,0,0,0,2014-06-01
0,0,0,0,0,0,0,0,0,0,0,0,2014-06-02
0,0,0,0,0,0,0,0,0,0,0,0,2014-06-03
0,0,0,0,0,0,0,0,0,0,0,0,2014-06-04
0,0,0,0,0,0,0,0,0,0,0,0,2014-06-05
0,0,0,0,0,0,0,0,0,0,0,0,2014-06-06
0,0,0,0,0,0,0,0,0,0,0,0,2014-06-07
0.07,0.03,0.44,0.02,0.03,0.07,0.01,0.02,0.04,0.2,0,0,2014-06-08
0.76,0.75,0.98,0.85,0.27,0.46,0.62,0.9,0.23,0.34,1.07,1.01,2014-06-09
0.76,0.75,0.98,0.85,0.27,0.46,0.62,0.9,0.23,0.34,1.07,1.01,2014-06-10
0,0,0,0,0,0,0,0,0.04,0,0,0,2014-06-11
0,0,0,0,0,0,0,0,0,0,0,0,2014-06-12
0,0,1.71,1.08,0.25,0.59,0.48,0.61,0.03,0.01,0,0.04,2014-06-13
0,0.05,1.71,1.08,0.25,0.59,0.48,0.61,0.03,0.01,0,0.04,2014-06-14
0,0.05,0,0.02,0,0,0.03,0.02,0,0,0,0,2014-06-15
0,0,0,0,0,0,0,0,0,0,0,0,2014-06-16
0,0,0,0,0,0,0,0,0,0,0,0,2014-06-17
0,0,0,0,0.02,0,0,0,0,0,0,0.08,2014-06-18
0,0,0,0,0.02,0,0,0,0,0,0,0.08,2014-06-19
0,0.09,0,0,0.01,0,0,0,0,0,0,0.02,2014-06-20
0,0.09,0,0,0,0,0,0,0,0,0,0,2014-06-21
0,0,0,0,0,0,0,0,0,0,0,0,2014-06-22
0.04,0,0,0,0,0,0,0,0.53,0,0.09,0.39,2014-06-23
0.04,0,0,0,0.07,0,0,0,0.53,0,0.09,0.39,2014-06-24
0.97,0.44,1.62,0.55,0.25,2.1,0.46,0.64,0.23,0.76,0.76,1.37,2014-06-25
0.97,0.44,1.62,0.55,0.25,2.1,0.46,0.64,0.31,0.76,0.31,1.37,2014-06-26
0,0,0,0.02,0.02,0.08,0.03,0.03,0.31,0.41,0,0,2014-06-27
0,0,0,0,0,0.01,0,0.01,0,0.34,0,0,2014-06-28
0,0,0,0,0,0,0,0,0,0,0,0,2014-06-29
0,0,0,0,0,0,0,0,0,0,0,0,2014-06-30
0,0,0,0,0,0,0,0,0,0,0,0,2014-07-01
0,0,0,0,0,0,0,0,0,0,0,0,2014-07-02
0,0,0,0,0,0,0,0,0,0,0,0,2014-07-03
0,0,0,0,0,0,0,0,0,0.02,0,0.15,2014-07-04
0,0,0,0.17,0,0.83,0.41,0,0,0.29,0.11,0.19,2014-07-05
0,0,0,0.17,0.2,0.83,0.41,0,0,0.29,0.11,0.07,2014-07-06
0,0,0,0.04,0.2,0,0.01,0,0,0,0.26,0,2014-07-07
0,0,0,0,0,0,0,0,0,0,0.26,0,2014-07-08
0,0,0,0,0,0,0,0,0,0,0,0,2014-07-09
0,0,0,0,0,0,0,0,0,0,0,0,2014-07-10
0,0,0,0,0,0,0,0,0,0,0,0,2014-07-11
0,0,0,0,0,0,0,0,0,0,0,0,2014-07-12
0,0,0,0,0,0,0,0,0,0,0,0,2014-07-13
0,0,0,0,0,0,0,0,0,0,0,0,2014-07-14
1.89,0,0,0,0.35,0.01,0.35,0.06,0.09,0,0,0,2014-07-15
1.89,0,0,0,0.35,0.01,0.35,0.06,0.09,0,0,0,2014-07-16
0,0,0,0,0,0,0,0,0.01,0,0,0,2014-07-17
4.9,1.33,3.53,3.35,1.2,1.56,2.25,1.63,0.56,1.48,3.39,2.46,2014-07-18
4.9,1.33,3.53,3.35,1.2,1.56,2.25,1.63,0.56,1.48,3.39,2.46,2014-07-19
0,0,0,0,0,0,0,0,0,0,0,0,2014-07-20
0,0,0,0,0,0,0,0,0,0,0,0,2014-07-21
0,0,0,0,0,0,0,0,0,0,0,0,2014-07-22
0,0,0,0,0,0,0,0,0,0,0,0,2014-07-23
0,0,0,0,0,0.01,0,0,0,0.02,0.02,0,2014-07-24
0,0,0,0,0,0.01,0,0,0,0.02,0,0,2014-07-25
0,0,0,0,0,0,0,0,0,0,0,0,2014-07-26
0,0,0,0,0,0,0,0,0,0,0,0,2014-07-27
0,0,0,0,0,0,0,0,0,0,0,0,2014-07-28
0,0,0,0,0,0,0,0,0,0,0,0,2014-07-29
0,0,0,0,0,0,0,0,0,0,0,0,2014-07-30
0,0,0,0.46,0,0,0.03,0,0,0,0,0.22,2014-07-31
0,0,0,0.46,0,0,0.03,0,0,0,0,0.23,2014-08-01
0,0,0,0,0,0,0,0,0,0,0,0,2014-08-02
0,0,0,0,0,0,0,0,0,0,0,0,2014-08-03
0,0,0,0,0,0,0,0,0,0,0,0,2014-08-04
0,0,0,0,0,0,0,0,0,0,0,0,2014-08-05
0,0,0,0,0,0,0,0,0,0,0,0,2014-08-06
0,0,0,0,0,0,0,0,0,0,0,0,2014-08-07
0,0,0,0,0,0,0,0,0,0,0,0,2014-08-08
0,0,0,0,0,0,0,0,0,0,0,0,2014-08-09
0,0,0,0,0,0,0,0,0,0,0,0,2014-08-10
0.03,0.17,0,0.02,0.03,0,0,0.59,0.18,0,0.03,0.5,2014-08-11
0.03,0.17,0,0.02,0.03,0,0,0.59,0.18,0,0.03,0.5,2014-08-12
0.55,1.32,1.3,0.02,0,0.1,1.42,0,0,0.49,1.58,0.06,2014-08-13
0.55,1.32,1.3,0.02,0,0.1,1.42,0,0,0.49,1.58,0.06,2014-08-14
0,0,0,0,0,0.01,0,0,0,0,0,0,2014-08-15
0,0,0,0,0,0,0,0,0,0,0,0,2014-08-16
0,0,0,0,0,0,0,0,0,0,0,0,2014-08-17
0,0,0,0,0,0,0,0,0,0,0,0,2014-08-18
0,0,0,0,0.01,0,0,0.13,0,0,0,0.03,2014-08-19
0,0,0,0,0.01,0,0,0.13,0,0.01,0.01,0.03,2014-08-20
0,0,0,0,0,0,0,0,0,0.01,0,0,2014-08-21
0,0,0,0,0,0,0,0,0,0,0,0,2014-08-22
0,0,0,0,0,0,0,0,0,0,0,0,2014-08-23
0,0,0,0,0,0,0,0,0,0,0,0,2014-08-24
0,0,0,0,0,0,0,0,0,0,0,0,2014-08-25
0,0,0,0,0,0,0,0,0.15,0,0,0,2014-08-26
0.26,0,0,0,0.13,0,0,0,0.15,0,0.03,0,2014-08-27
0.26,0,0,0,0.13,0,0,0,0,0,0.03,0,2014-08-28
0,0,0,0,0,0,0,0,0,0,0,0.61,2014-08-29
0,0,0,0,0,0,0,0,0,0,0,0.61,2014-08-30
0,0,0,0,0,0,0,0,0,0,0,0.01,2014-08-31
0,0,0,0,0,0,0,0,0,0,0,0,2014-09-01
0,0,0,0,0,0,0,0,0,0,0,0,2014-09-02
0.07,0.01,0.12,0.06,0.01,0.14,0.02,0.11,0,0.28,0.06,0.05,2014-09-03
0.07,0.02,0.12,0.11,0.35,0.15,0.26,0.11,0.05,0.28,0.1,0.05,2014-09-04
0.05,0.02,0.01,0.11,0.35,0.15,0.26,0.02,0.05,0.28,0.1,0.01,2014-09-05
0,0,0.01,0.06,0.09,0.07,0.07,0.02,0,0.28,0,0.01,2014-09-06
0.16,0.11,0,0,0.98,0,0,0.1,0.2,0.28,0.57,0,2014-09-07
0.16,0.11,0,0,0.98,0,0,0.1,0.2,0.28,0.57,0,2014-09-08
0,0,0,0,0,0,0,0,0.01,0.28,0,0,2014-09-09
0,0,0,0,0,0,0,0,0,0.28,0.28,0,2014-09-10
0,0,0,0,0,0,0,0,0,0.26,0,0,2014-09-11
0,0.46,0,0.77,0.01,0,0.05,0,0,0,0,1.43,2014-09-12
0.48,0.46,0.04,0.77,0.35,0.02,0.27,0.05,0.15,0.56,0.17,1.43,2014-09-13
0.48,0.32,0.04,0.09,0.35,0.02,0.27,0.05,0.15,0.56,0.17,0.29,2014-09-14
0,0,0.04,0,0,0,0,0,0,0,0,0,2014-09-15
0,0,0,0,0,0,0,0,0,0,0,0,2014-09-16
0.02,0,0.12,0.52,0.62,0.26,0.61,0.34,0.27,0,0,0.07,2014-09-17
0.02,0,0.12,0.52,0.62,0.26,0.61,0.34,0.27,0.38,0.19,0.07,2014-09-18
0,0,0,0,0,0,0,0,0.23,0.38,0.19,0.05,2014-09-19
0,0,0,0,0,0.08,0,0,0.08,0,0,0.01,2014-09-20
0.08,0,0,0,0.08,0.08,0,0,0.08,0.11,0,0,2014-09-21
0.08,0,0,0,0.08,0,0,0,0.02,0.11,0,0,2014-09-22
0,0,0,0,0,0,0,0,0,0,0,0,2014-09-23
0,0,0,0,0,0,0,0,0,0,0,0,2014-09-24
0,0,0,0,0,0,0,0,0,0,0,0,2014-09-25
0.03,0.02,0,0.08,0.01,0.35,0.09,0,0,0.63,0.11,0,2014-09-26
0.33,0.27,0.23,0.35,0.42,0.47,0.29,0.56,0.32,0.69,0.33,0.4,2014-09-27
0.33,0.27,0.23,0.35,0.42,0.47,0.29,0.56,0.32,0.49,0.33,0.4,2014-09-28
0,0,0,0,0,0,0,0,0,0,0,0,2014-09-29
0,0,0,0,0,0,0,0,0,0,0,0,2014-09-30
0,0,0,0,0,0,0,0,0,0,0,0,2014-10-01
0,0,0,0,0,0,0,0,0,0,0,0,2014-10-02
0,0,0,0,0,0,0,0,0,0,0,0,2014-10-03
0,0,0,0,0,0,0,0,0,0,0,0,2014-10-04
0,0,0,0,0,0,0,0,0,0,0,0,2014-10-05
0,0,0,0,0,0,0,0,0,0,0,0,2014-10-06
0,0,0,0,0,0,0,0,0,0,0,0,2014-10-07
0,0,0,0,0,0,0,0,0,0,0,0,2014-10-08
0,0,0,0,0,0,0,0,0,0,0,0.02,2014-10-09
0,0,0,0,0,0,0,0,0,0,0,0.02,2014-10-10
0.71,0.7,0,1.07,1.27,0.69,0.64,0.51,0.38,0.84,0.38,0.85,2014-10-11
0.71,0.7,0,1.07,1.27,0.69,0.64,0.51,0.38,0.84,0.38,0.85,2014-10-12
0,0,0,0,0,0,0,0,0.06,0,0,0,2014-10-13
0,0,0,0,0,0,0,0,0,0,0,0,2014-10-14
0,0,0,0,0,0,0,0,0,0,0,0,2014-10-15
0,0,0,0,0,0,0,0,0,0,0,0,2014-10-16
0,0,0,0,0,0,0,0,0,0,0,0,2014-10-17
0,0,0,0,0,0,0,0,0,0,0,0,2014-10-18
0,0,0,0,0,0,0,0,0,0,0,0,2014-10-19
0,0,0,0,0,0,0,0,0,0,0,0,2014-10-20
0,0,0,0,0,0,0,0,0,0,0,0,2014-10-21
0,0,0,0,0,0,0,0,0,0,0,0,2014-10-22
0.11,0.11,0,0.06,0.09,0,0.05,0.1,0.15,0.02,0.11,0.13,2014-10-23
0.11,0.11,0,0.06,0.09,0,0.05,0.1,0.15,0.02,0.11,0.13,2014-10-24
0,0,0,0,0,0,0,0,0,0,0,0,2014-10-25
0,0,0,0,0,0,0,0,0,0,0,0,2014-10-26
0,0,0,0,0,0,0,0,0,0,0,0,2014-10-27
0,0,0,0,0,0,0,0,0,0,0,0,2014-10-28
0,0,0,0,0,0,0,0,0,0,0,0,2014-10-29
0,0,0,0,0,0,0,0,0,0,0,0,2014-10-30
1.6,1.29,0.85,1.03,1.46,0.38,1.81,0.58,0.76,0.57,0.9,0.78,2014-10-31
1.6,1.29,0.85,1.03,1.46,0.38,1.81,0.58,0.76,0.57,0.9,0.78,2014-11-01
0,0,0,0,0,0,0,0,0,0,0,0,2014-11-02
0,0,0,0,0,0,0,0,0,0,0,0,2014-11-03
0,0,0.28,0.02,0.02,0,0,0,0,0,0,0,2014-11-04
3.66,3.68,3.43,3.06,3.54,3.2,3.44,1.38,1.19,3.4,5.86,2.37,2014-11-05
3.68,3.68,3.43,3.06,3.58,3.21,3.45,1.38,1.19,3.4,5.87,2.37,2014-11-06
0.73,0.76,0.58,0.63,0.77,0.62,0.66,0.28,0,0.94,0.8,0.61,2014-11-07
0.05,0,0,0,0,0,0,0,0,0,0,0,2014-11-08
0,0,0,0,0,0,0,0,0,0,0,0,2014-11-09
0,0,0,0,0,0,0,0,0,0,0,0,2014-11-10
0,0,0,0,0,0,0,0,0,0,0,0,2014-11-11
0,0,0,0,0,0,0,0,0,0,0,0,2014-11-12
0,0,0,0,0,0,0,0,0,0,0,0,2014-11-13
0,0,0,0,0,0,0,0,0,0,0,0,2014-11-14
0,0,0,0,0,0,0,0,0,0.01,0,0,2014-11-15
0,0.01,0,0,0.01,0,0.01,0,0.01,0.03,0.01,0,2014-11-16
0.01,0.01,0,0,0.01,0.01,0.01,0,0.01,0.03,0.01,0,2014-11-17
0.53,0.57,0,0.5,0,0,0.54,0,0,0,0,0,2014-11-18
0.53,0.57,0,0.5,0,0,0.54,0,0,0,0,0,2014-11-19
0.05,0.02,0,0.03,0.01,0.02,0.06,0,0.01,0,0.01,0,2014-11-20
0.19,0.09,0,0.2,0.28,0.35,0.3,0.01,0.31,0.31,0.57,0.16,2014-11-21
0.62,0.73,0.33,0.44,0.45,0.35,0.35,0.43,0.78,0.39,0.69,0.39,2014-11-22
0.62,0.73,0.33,0.44,0.45,0.72,0.35,0.43,0.78,1.2,0.69,0.39,2014-11-23
0.41,0.16,0.43,0.06,0.02,0.72,0.11,0.04,0.61,1.2,0.34,0.15,2014-11-24
0,0,0.43,0.01,0.48,0.55,0,0,0.61,0,0,0,2014-11-25
0,0,0,0,0.48,0,0,0,0,0,0,0,2014-11-26
0,0,0,0,0,0,0,0,0,0,0,0,2014-11-27
0,0,0,0,0,0,0,0,0,0,0,0,2014-11-28
0,0,0,0,0,0,0,0,0,0,0,0,2014-11-29
0,0,0,0,0,0,0,0,0,0,0,0,2014-11-30
0,0,0,0,0,0,0,0,0,0,0,0,2014-12-01
0,0,0,0,0,0,0,0,0,0,0,0,2014-12-02
0,0,0,0,0,0,0,0,0,0,0,0,2014-12-03
0,0,0,0.01,0,0,0,0.01,0,0,0,0,2014-12-04
0.1,0.09,0,0.09,0,0.08,0.09,0.06,0.04,0.1,0.1,0.04,2014-12-05
0.1,0.09,0,0.09,0,0.08,0.09,0.06,0.04,0.1,0.09,0.04,2014-12-06
0,0,0,0.05,0,0,0,0,0,0,0,0,2014-12-07
0,0,0,0,0,0,0,0,0,0,0,0,2014-12-08
0,0,0,0,0,0,0,0,0,0,0,0,2014-12-09
0,0,0,0,0,0,0,0,0,0,0,0,2014-12-10
0.1,0.07,0,0.08,0,0.11,0.17,0.18,0.11,0.21,0.05,0.06,2014-12-11
0.1,0.07,0,0.08,0,0.11,0.17,0.18,0.11,0.21,0.05,0.06,2014-12-12
0.01,0,0,0.03,0,0,0,0,0.01,0,0,0,2014-12-13
0,0,0,0.01,0,0,0,0,0.01,0,0,0,2014-12-14
0,0,0,0,0,0,0,0,0,0,0,0,2014-12-15
0,0,0,0,0,0,0,0,0,0,0,0,2014-12-16
0,0.03,0,0,0,0,0,0,0.07,0,0.03,0.11,2014-12-17
0,0.03,0,0,0,0,0,0,0.07,0,0.03,0.11,2014-12-18
0.22,0.09,0.06,0.18,0,0.4,0.15,0.06,0.39,0.23,0.11,0.25,2014-12-19
0.22,0.09,0.06,0.18,0,0.4,0.15,0.06,0.39,0.23,0.11,0.25,2014-12-20
0,0,0,0.02,0,0,0,0,0,0,0,0,2014-12-21
0,0,0,0,0,0,0,0,0,0,0,0,2014-12-22
0,0,0,0,0,0,0,0,0,0,0.01,0,2014-12-23
0,0,0,0,0,0,0,0,0,0,0.01,0,2014-12-24
0,0,0,0,0,0,0,0,0,0,0,0,2014-12-25
0,0,0,0,0,0,0,0,0,0,0,0,2014-12-26
0,0.01,0,0,0,0,0,0,0.02,0.03,0,0,2014-12-27
0.28,0.27,0,0.31,0,0.09,0.31,0.24,0.23,0.23,0.32,0.15,2014-12-28
0.28,0.27,0,0.31,0,0.09,0.31,0.24,0.23,0.23,0.32,0.15,2014-12-29
0,0,0,0,0,0,0,0,0,0,0,0,2014-12-30
0,0,0,0,0,0,0,0,0,0,0,0,2014-12-31
0.04,0.11,0,0.03,0.13,0.06,0.04,0.09,0.26,0.08,0.09,0.31,2015-01-01
0.04,0.11,0,0.03,0.13,0.06,0.04,0.09,0.26,0.08,0.09,0.31,2015-01-02
0.66,0.64,0,0.65,0.71,0.28,0.66,0.61,0.71,0.46,0.8,0.59,2015-01-03
0.66,0.64,0,0.65,0.73,0.28,0.66,0.61,0.71,0.46,0.8,0.59,2015-01-04
0,0,0,0,0,0,0,0,0,0,0,0,2015-01-05
0,0,0,0,0,0,0,0,0,0,0,0,2015-01-06
0,0,0,0,0,0,0,0,0,0,0,0,2015-01-07
0,0,0,0,0,0,0,0,0,0,0,0,2015-01-08
0,0,0,0.01,0,0,0,0,0,0,0,0,2015-01-09
0.12,0.05,0,0.04,0,0.07,0.13,0.05,0.05,0.15,0.12,0.03,2015-01-10
0.23,0.35,0,0.28,0,0.15,0.31,0.22,0.35,0.38,0.32,0.32,2015-01-11
0.23,0.35,0,0.28,0,0.15,0.31,0.22,0.35,0.38,0.32,0.32,2015-01-12
0,0,0,0,0,0,0,0,0,0,0,0,2015-01-13
0,0,0,0,0,0,0,0,0,0,0,0,2015-01-14
0,0,0,0,0,0,0,0,0,0,0,0,2015-01-15
0,0,0,0,0,0,0,0,0,0,0,0,2015-01-16
0,0,0,0,0,0,0,0,0,0,0,0,2015-01-17
0,0,0,0,0,0,0,0,0,0,0,0,2015-01-18
0,0,0,0,0,0,0,0,0,0,0,0,2015-01-19
0,0,0,0,0,0,0,0,0,0,0,0,2015-01-20
0,0,0,0,0,0,0,0,0,0,0,0,2015-01-21
2.02,2,1.73,1.7,0,1.06,1.78,0.7,0.96,2.45,2.65,1.25,2015-01-22
2.02,2,1.73,1.7,0,1.06,1.78,0.7,0.96,2.45,2.65,1.49,2015-01-23
0.15,0.2,0.05,0.08,0,0,0.08,0.14,0,0.1,0.17,0.21,2015-01-24
0.04,0,0,0,0,0,0,0,0,0,0,0,2015-01-25
0,0,0,0,0,0,0,0,0,0,0,0,2015-01-26
0,0,0,0,0,0,0,0,0,0,0,0,2015-01-27
0,0,0,0,0,0,0,0,0,0,0,0,2015-01-28
0,0,0,0,0,0,0,0,0,0,0,0,2015-01-29
0,0,0,0,0,0,0,0,0,0,0,0,2015-01-30
0.39,0.43,0.26,0.47,0,0.28,0.36,0.25,0.28,0.23,0.39,0.26,2015-01-31
0.41,0.44,0.26,0.48,0,0.28,0.36,0.25,0.29,0.26,0.4,0.26,2015-02-01
0.09,0.03,0,0.01,0,0,0,0,0.05,0.02,0.11,0.06,2015-02-02
0.17,0.18,0.19,0.2,0,0.33,0.21,0.22,0.23,0.23,0.22,0.17,2015-02-03
0.17,0.18,0.19,0.2,0,0.33,0.21,0.22,0.23,0.23,0.22,0.17,2015-02-04
0.03,0.03,0.03,0.03,0,0,0.03,0.02,0,0.01,0.05,0.01,2015-02-05
0,0,0,0,0,0,0,0,0,0,0,0,2015-02-06
0,0,0,0,0,0,0,0,0,0,0,0,2015-02-07
0,0,0,0,0,0,0,0,0,0,0,0,2015-02-08
0,0,0,0,0,0,0,0,0,0,0,0,2015-02-09
0,0,0,0,0,0,0,0,0,0,0,0,2015-02-10
0,0,0,0,0,0,0,0,0,0,0,0,2015-02-11
0,0,0,0,0,0,0,0,0,0,0,0,2015-02-12
0,0,0,0,0,0,0,0,0,0,0,0,2015-02-13
0,0,0,0,0,0,0,0,0,0,0,0,2015-02-14
0,0,0.01,0,0,0.01,0.01,0,0,0.03,0,0,2015-02-15
0,0,0.01,0,0,0.01,0.01,0,0,0.03,0,0.01,2015-02-16
0,0,0,0,0,0,0,0.04,0,0.02,0,0.01,2015-02-17
0,0,0,0,0,0,0,0.04,0,0,0,0,2015-02-18
0,0,0,0,0,0,0,0,0,0,0,0,2015-02-19
0,0,0,0,0,0,0,0,0,0,0,0,2015-02-20
0,0,0,0,0,0,0,0,0,0,0,0,2015-02-21
0,0,0,0,0,0,0,0,0,0,0,0,2015-02-22
0,0,0,0,0,0,0,0,0,0,0,0,2015-02-23
0.52,0.6,0,0,0,0,0,0,0,0,0,0,2015-02-24
0.52,0.6,0,0,0,0,0,0,0,0,0,0,2015-02-25
0,0,0,0,0,0,0,0,0,0,0,0,2015-02-26
0,0,0,0,0,0,0,0,0,0,0,0,2015-02-27
0.09,0.12,0.05,0.04,0,0.04,0.06,0.07,0.17,0.06,0.11,0.12,2015-02-28
0.11,0.16,0.05,0.05,0,0.18,0.13,0.09,0.28,0.19,0.16,0.15,2015-03-01
0.11,0.16,0.05,0.05,0,0.18,0.13,0.09,0.28,0.19,0.16,0.15,2015-03-02
0.01,0.03,0,0.02,0,0.06,0,0,0.12,0.12,0.09,0.03,2015-03-03
0,0.02,0,0.04,0,0.06,0,0.02,0.12,0.12,0.09,0.04,2015-03-04
0.08,0.03,0.03,0.04,0,0.04,0.03,0.02,0.05,0.11,0.03,0.08,2015-03-05
0.08,0.03,0.03,0.02,0,0.04,0.03,0.02,0.05,0.11,0.02,0.08,2015-03-06
0,0,0,0.01,0,0,0,0,0,0,0,0,2015-03-07
0.14,0.17,0.37,0.2,0,0.51,0.28,0.19,0.16,0.33,0.21,0.14,2015-03-08
0.75,0.81,0.83,0.65,0,0.66,0.85,0.57,0.23,1.09,0.85,0.65,2015-03-09
0.75,0.81,0.83,0.65,0,0.66,0.85,0.57,0.23,1.09,0.85,0.65,2015-03-10
0,0,0,0,0,0,0,0,0,0,0,0,2015-03-11
0,0,0,0,0,0,0,0,0,0,0,0,2015-03-12
0,0,0,0,0,0,0,0,0,0,0,0,2015-03-13
0,0,0,0,0,0,0,0,0,0,0,0,2015-03-14
0,0,0,0,0,0,0,0,0,0,0,0,2015-03-15
0,0,0,0,0,0,0,0,0,0,0,0,2015-03-16
0.01,0.01,0.01,0.04,0,0,0.02,0.07,0,0,0,0.03,2015-03-17
0.14,0.1,0.15,0.08,0,0.19,0.16,0.07,0.08,0.1,0.11,0.04,2015-03-18
0,0,0.15,0.08,0,0.19,0.16,0.02,0.08,0.1,0.11,0.04,2015-03-19
0,0.02,0.02,0.02,0,0.12,0.03,0,0.01,0.39,0.01,0,2015-03-20
0.92,0.85,1.34,0.98,0,0.89,1.11,0.98,0.23,1.07,0.89,0.84,2015-03-21
0.02,0,1.34,0.98,0,0.89,1.11,0.98,0.23,1.07,0.89,0.84,2015-03-22
0,0,0,0,0,0.03,0,0,0,0,0,0,2015-03-23
0,0,0,0,0,0.02,0,0,0,0,0,0,2015-03-24
0,0,0,0,0,0,0,0,0,0,0,0,2015-03-25
0,0.04,0,0,0,0,0,0,0.06,0,0.01,0.03,2015-03-26
0,0.04,0,0,0,0.53,0,0,0.06,0,0.01,0.03,2015-03-27
0,0,0,0,0,0.53,0,0,0,0,0,0,2015-03-28
0,0,0,0,0,0,0,0,0,0,0,0,2015-03-29
0,0,0,0,0,0,0,0,0,0,0,0,2015-03-30
0,0,0,0,0,0,0,0,0,0,0,0,2015-03-31
0,0,0,0,0,0,0,0,0,0,0,0,2015-04-01
0,0,0,0,0,0.03,0,0,0,0,0,0,2015-04-02
0,0,0,0,0,0.03,0,0,0,0,0,0,2015-04-03
0,0,0,0,0,0,0,0,0,0,0,0,2015-04-04
0,0.01,0,0,0,0,0,0,0,0.03,0.02,0,2015-04-05
0,0.01,0,0,0,0,0,0,0,0.03,0.02,0,2015-04-06
0,0,0,0,0,0,0,0.55,0,0,0,0,2015-04-07
0,0,0,0,0,0,0,0.55,0,0,0,0,2015-04-08
0,0,0,0,0,0,0,0,0,0,0,0,2015-04-09
0.51,0.48,0.37,0.6,0,0.22,0.23,0.33,0.85,1.28,0.44,0.58,2015-04-10
0.51,0.48,0.37,0.6,0,0.22,0.23,0.33,0.85,1.28,0.44,0.58,2015-04-11
0.58,0.28,0.62,0.87,0,0.12,0.23,0.1,0.13,0.36,0.33,0.04,2015-04-12
0.58,0.45,0.62,0.87,0,0.96,0.23,0.16,0.13,0.36,0.33,0.16,2015-04-13
0.19,0.45,0.49,0.31,0,0.96,0.23,0.16,0.11,0.33,0.2,0.16,2015-04-14
0,0,0,0,0,0,0,0,0,0,0,0.01,2015-04-15
0.53,0.94,0,0.23,0,0,0.07,0.5,0.7,0.03,1.51,0.51,2015-04-16
0.53,0.94,0.04,0.23,0,0.13,0.13,0.5,0.7,0.14,1.51,0.51,2015-04-17
0.07,0.18,0.04,0.11,0,0.13,0.13,0.26,0.19,0.14,0.13,0.41,2015-04-18
0.04,0.01,0.02,0.03,0,0.01,0.06,0.01,0.04,0.02,0,0.06,2015-04-19
0,0,0.54,0.56,0,0,0,0,0.58,0,0.55,0.06,2015-04-20
0,0,0.54,0.56,0,0,0,0,0.58,0,0.55,0,2015-04-21
0.18,0.02,0.59,0.78,0,0.22,0.24,0.25,0,0.98,0.01,0,2015-04-22
0.18,0.02,0.59,0.78,0,0.22,0.24,0.25,0,0.98,0.01,0,2015-04-23
0.63,0.45,1.57,0.39,0,1.67,0.23,0.67,0.65,1.87,0.89,0.55,2015-04-24
0.63,0.45,1.57,0.4,0,1.67,0.23,0.21,0.65,1.87,0.89,0.55,2015-04-25
0.29,0.2,1.24,0.4,0,1.41,0.04,0.12,0.11,1.1,0.25,0.01,2015-04-26
0.61,0.72,0.14,0.33,0,0.15,0.24,0.57,0.72,0.34,0.53,0.31,2015-04-27
0.61,0.72,0.14,0.33,0,0.15,0.1,0.57,0.72,0.34,0.53,0.48,2015-04-28
0,0,0,0,0,0,0,0,0,0,0,0.48,2015-04-29
0,0,0,0,0,0,0,0,0,0,0,0,2015-04-30
0,0,0,0,0,0,0,0,0,0,0,0,2015-05-01
0,0,0,0,0,0,0,0,0,0,0,0,2015-05-02
0,0,0,0,0,0,0,0,0,0,0,0,2015-05-03
0.02,0,0,0.01,0,0,0,0,0,0,0,0.01,2015-05-04
0.05,0.09,0,0.03,0,0.05,0.08,0.01,0.23,0.59,0.11,0.22,2015-05-05
0.06,0.11,0,0.03,0,0.05,0.08,0.03,0.23,0.59,0.11,0.22,2015-05-06
0.06,0.11,0,0.03,0,0.02,0.02,0.03,0.05,0,0.07,0.1,2015-05-07
0.02,0.03,0,0.05,0,0.21,0.01,0.03,0.01,0.03,0.15,0.03,2015-05-08
0.02,0.03,0,0.05,0,0.21,0.01,0.03,0.01,0.03,0.15,0.03,2015-05-09
0.09,0.06,0,0.02,0,0,0.08,0,0.13,0,0.57,0.03,2015-05-10
0.09,0.07,0,0.01,0,0,0.29,0,0.13,0.02,0.58,0.03,2015-05-11
0,0.07,0,0.03,0,0,0.29,0,0.04,0.06,0.01,0.03,2015-05-12
1.58,1.68,1.11,1.72,0,0.95,1.06,1.44,0.48,1.29,1.62,1.64,2015-05-13
1.58,1.68,1.11,1.72,0,0.95,1.06,1.44,0.48,1.29,1.62,1.64,2015-05-14
1.37,0.94,1.27,1.28,0,0.83,1.12,1.2,0.47,1.32,0.9,0.43,2015-05-15
0,0.94,1.27,1.28,0,0.83,1.12,1.2,0.47,1.32,0.9,0.43,2015-05-16
1.8,0.47,1.38,1.61,0,0.95,1.31,1.17,0.71,1.18,1.88,0.01,2015-05-17
1.8,0.47,1.38,1.61,0,0.95,1.31,1.17,0.71,1.18,1.88,0.01,2015-05-18
0,0,0.05,0,0,0,0.01,0,0,0,0.03,0.01,2015-05-19
0,0,0,0,0,0,0,0,0,0,0.03,0.01,2015-05-20
0.01,0.03,0.34,0.01,0.33,0.14,0.05,0.17,0.13,0.3,0.3,0.01,2015-05-21
0.01,0,0.34,0.01,0.33,0.26,0.05,0.17,0.13,0.3,0.03,0.01,2015-05-22
1.21,0.98,1.25,1.48,0.33,1.39,1.09,0.11,3.32,0.6,2.48,0.01,2015-05-23
1.3,1.46,1.54,1.48,0.33,1.39,1.35,0.8,3.34,2.01,2.48,0.01,2015-05-24
1.3,1.46,1.54,1.35,0.33,0.95,1.35,0.8,1.01,2.01,1.63,0.01,2015-05-25
0.02,0.05,0,0.11,0.33,0.18,0,0.04,0.16,0.29,0.13,0.01,2015-05-26
0,0,0,0,0.33,0.03,0,0,0.04,0.03,0,0.01,2015-05-27
0,0,0,0,0.33,0.03,0,0,0.04,0.36,0,0,2015-05-28
1.18,1.18,1.11,0.98,0.77,0.67,1.02,1.01,0.95,1.1,0.91,1.19,2015-05-29
1.39,1.18,1.11,0.98,0.77,0.55,1.02,1.01,0.95,1.73,2.29,1.19,2015-05-30
1.39,0.98,0.22,0.94,0.77,0.11,0.35,0.7,0.47,1.73,2.29,0.09,2015-05-31
0.02,0,0,0.01,0.77,0,0,0,0,0.01,0,0,2015-06-01
0,0,0,0,0.77,0,0,0,0,0,0,0,2015-06-02
0,0,0,0,0.77,0,0,0,0,0,0,0,2015-06-03
0,0,0,0,0.77,0,0,0,0,0,0,0,2015-06-04
0,0,0,0,0.77,0,0,0,0,0,0,0,2015-06-05
0,0,0,0,0.77,0,0,0,0,0,0,0,2015-06-06
0,0,0,0,0.77,0,0,0,0,0,0,0,2015-06-07
0,0,0,0,0.77,0,0,0,0,0,0,0,2015-06-08
0,0,0,0,0.77,0,0,0,0,0,0,0,2015-06-09
0,0,0,0,0.77,0,0,0,0,0,0,0,2015-06-10
0,0,0,0,0.77,0,0,0,0,0,0,0,2015-06-11
0,0,0,0,0.77,0,0,0,0,0,0,0,2015-06-12
0,0,0,0,0.77,0,0,0.02,0,0,0,0,2015-06-13
0.48,0.5,1.89,1.02,0.77,0.73,1.3,0.95,0.39,1.07,0.36,0.22,2015-06-14
0.48,0.5,1.89,1.02,0.77,0.73,1.3,0.95,0.39,1.07,0.36,1.12,2015-06-15
0.59,0,0.32,0.81,0.77,0.1,0.19,0.15,0.23,0.16,0,1.12,2015-06-16
0.59,0.11,0.32,0.81,0.77,0.23,0.84,0.15,0.23,1.47,0.26,0.31,2015-06-17
0.18,0.11,0,0.19,0.77,0.23,0.96,0.48,0.39,1.49,0.26,0.11,2015-06-18
0.88,0.96,2.58,0.87,0.77,0.73,1.07,0.67,0.39,1.03,0.61,0.51,2015-06-19
0.88,0.96,2.58,0.87,0.77,0.73,1.07,0.94,0.44,1.03,0.61,0.51,2015-06-20
0.69,0.92,0.5,0.61,0.77,0.23,0.94,0.94,0.44,1.26,0.94,0.51,2015-06-21
0.69,1.13,0.5,0.61,0.77,0.23,0.95,0.19,0.23,1.26,0.95,0.51,2015-06-22
0.22,0.06,0,0.08,0.77,0,0.06,0.22,0.19,0.08,0.07,0.04,2015-06-23
0,0,0,0.08,0.77,0,0,0.22,0.09,0.05,0,0,2015-06-24
0,0,0,0,0.77,0,0,0,0.04,0.05,0,0,2015-06-25
0,0,0,0,0.77,0.02,0.5,0,0,0,0,0,2015-06-26
0,0,0,0,0.77,0.02,0.5,0,0,0,0,0,2015-06-27
0,0,0,0,0.77,0,0,0,0,0,0,0,2015-06-28
0,0.02,0,0,0.77,0,0,0,0.47,0,0.28,0.38,2015-06-29
0.25,0.11,1.11,1.17,0.77,0.23,0.95,0.18,0.47,0.05,0.28,0.38,2015-06-30
0.25,0.11,1.11,1.17,0.77,0.24,0.95,0.18,0,0.05,0.03,0.08,2015-07-01
0,0,0,0.07,0.77,0.24,0,0.03,0,0,0.03,0.06,2015-07-02
0,0,0,0.07,0.77,0.03,0,0,0,0,0.01,0,2015-07-03
0,0,0,0,0.77,0.03,0,0,0,0,0,0,2015-07-04
0,0,0,0,0.77,0.01,0,0,0,0,0,0,2015-07-05
0,0,0,0,0.77,0,0,0,0,0,0,0,2015-07-06
0,0,0,0,0.77,0,0,0,0,0,0,0,2015-07-07
0,0,0,0,0.77,0,0,0,0,0,0,0,2015-07-08
0,0,0,0,0.77,0,0,0,0,0,0,0,2015-07-09
0,0,0,0,0.77,0,0,0,0,0,0,0,2015-07-10
0,0,0,0,0.77,0,0,0,0,0,0,0,2015-07-11
0,0,0,0,0.77,0,0,0,0,0,0,0,2015-07-12
0,0,0,0,0.77,0,0,0,0,0,0,0,2015-07-13
0,0,0,0,0.77,0,0,0,0,0,0,0,2015-07-14
0,0,0,0,0.77,0,0,0,0,0,0,0,2015-07-15
0,0,0,0,0.77,0,0,0,0,0,0,0,2015-07-16
0,0,0,0,0.77,0,0,0,0,0,0,0,2015-07-17
0,0,0,0,0.77,0,0,0,0,0,0,0,2015-07-18
0,0,0,0,0.77,0,0,0,0,0,0,0,2015-07-19
0,0,0,0,0.77,0,0,0,0,0,0,0,2015-07-20
0,0,0,0,0.77,0,0,0,0,0,0,0,2015-07-21
0,0,0,0,0.77,0,0,0,0,0,0,0,2015-07-22
0,0,0,0,0.77,0,0,0,0,0,0,0,2015-07-23
0,0,0,0,0.77,0,0,0,0,0,0,0,2015-07-24
0,0,0,0,0.77,0,0,0,0,0,0,0,2015-07-25
0,0,0,0,0.77,0,0,0,0,0,0,0,2015-07-26
0,0,0,0,0.77,0,0,0,0,0,0,0,2015-07-27
0,0,0,0,0.77,0,0,0,0,0,0,0,2015-07-28
0,0,0,0,0.77,0,0,0,0,0,0,0,2015-07-29
0,0,0,0,0.77,0,0,0,0,0,0,0,2015-07-30
1.09,0.18,0.07,0.71,0.77,0,0.38,0,0.3,0,0.21,0,2015-07-31
1.09,0.18,0.07,0.71,0.77,0,0.38,0,0.3,0,0.21,0,2015-08-01
0,0,0.01,0.06,0.77,0,0,0,0,0,0.07,0,2015-08-02
0,0,0,0,0.77,0,0,0,0,0,0,0,2015-08-03
0,0,0,0,0.77,0,0,0,0.62,0,0,0,2015-08-04
0,0,0,0,0.77,0,0,0,0.62,0,0,0,2015-08-05
0,0,0,0,0.77,0,0,0,0.01,0,0,0,2015-08-06
0,0,0,0,0.77,0,0,0,0,0,0,0,2015-08-07
0,0,0,0,0.77,0,0,0,0,0,0,0,2015-08-08
0,0,0,0,0.77,0,0,0,0,0,0,0,2015-08-09
0,0,0,0,0.77,0,0,0,0,0,0,0,2015-08-10
0,0,0,0.44,0.77,0,0,0,0,0,0,0,2015-08-11
0,0,0.11,0.44,0.77,0.05,0.12,0,0,0,0,0,2015-08-12
0.05,0.15,0.11,0.19,0.77,0.15,0.12,0.06,0,0,0.17,0.14,2015-08-13
0.05,0.15,0.03,0.15,0.77,0.15,0,0.06,0,0,0.17,0.14,2015-08-14
0.28,0.57,0.56,0.62,0.77,0.01,0.2,0.25,0.1,0,0.32,0.06,2015-08-15
0.28,0.57,0.56,0.62,0.77,0,0.2,0.25,0.1,0,0.32,0.07,2015-08-16
0,0,0,0,0.77,0,0.04,0,0.01,0,0.01,0.03,2015-08-17
0,0,0,0,0.77,0,0,0,0,0,0,0.03,2015-08-18
0,0,0,0,0.77,0,0,0,0,0,0,0.02,2015-08-19
0,0,0.2,0,0.77,0.19,0.03,0.04,0.04,0,0,0.06,2015-08-20
0,0,0.2,0,0.77,0.19,0.03,0.04,0.04,0,0.01,0.06,2015-08-21
0,0,0,0,0.77,0.03,0,0,0,0,0.01,0.01,2015-08-22
0,0,0,0,0.77,0,0,0,0,0,0,0.01,2015-08-23
0,0,0,0,0.77,0,0,0,0,0,0,0,2015-08-24
0,0,0,0,0.77,0,0,0,0,0,0,0,2015-08-25
0,0,0,0,0.77,0,0,0,0,0,0,0,2015-08-26
0,0,0,0,0.77,0,0,0,0,0,0,0,2015-08-27
0,0,0,0,0.77,0,0,0,0,0,0,0,2015-08-28
0,0,0,0,0.77,0,0,0,0,0,0,0,2015-08-29
0,0,0,0,0.77,0,0,0,0,0,0,0,2015-08-30
0,0,0,0,0.77,0,0,0,0,0,0,0,2015-08-31
0,0,0,0,0.77,0,0,0,0,0,0,0,2015-09-01
0,0,0,0,0.77,0,0,0,0,0,0,0,2015-09-02
0,0,0,0,0.77,0,0,0,0,0,0,0,2015-09-03
0,0,0,0,0.77,0,0,0,0,0,0,0,2015-09-04
0,0,0,0,0.77,0,0,0,0,0,0,0,2015-09-05
0,0,0,0,0.77,0,0,0,0,0,0,0,2015-09-06
0,0,0,0,0.77,0,0,0,0,0,0,0,2015-09-07
0,0,0,0,0.77,0,0,0,0,0,0,0,2015-09-08
0.08,0.32,0,0,0.77,0,0,0,0,0,0.03,0,2015-09-09
0.08,0.82,0.92,0.31,0.77,1.29,0,0.04,0.02,1.53,1.1,1.38,2015-09-10
0,0.82,0.92,0.31,0.77,1.29,0,0.04,0.15,1.53,1.1,1.42,2015-09-11
0.6,0.23,0,0.3,0.77,0,0.03,0.22,0.15,0,0.05,0.08,2015-09-12
0.6,0.23,0,0.3,0.77,0,0.03,0.22,0,0,0.01,0.01,2015-09-13
0,0,0,0,0.77,0,0,0,0,0,0.01,0,2015-09-14
0,0,0,0,0.77,0,0,0,0,0.01,0.01,0,2015-09-15
0.06,0.11,0,0,0.77,0.11,0.08,0.08,0.05,0.23,0.01,0.06,2015-09-16
0.06,0.11,0,0,0.77,0.11,0.08,0.08,0.05,0.23,0.01,0.06,2015-09-17
0,0,0,0,0.77,0,0,0,0,0,0.07,0.02,2015-09-18
0,0,0,0,0.77,0,0,0,0,0,0.07,0,2015-09-19
0,0,0,0,0.77,0,0,0,0,0,0.01,0,2015-09-20
0,0,0,0,0.77,0,0,0,0,0,0,0,2015-09-21
0,0,0,0,0.77,0,0,0,0,0,0.52,0,2015-09-22
0,0,0,0,0.77,0,0,0,0,0,0.52,0,2015-09-23
0,0,0,0,0.77,0,0,0,0,0,0,0,2015-09-24
0,0.12,0,0.03,0.77,0,0,0,0.14,0,0.05,0,2015-09-25
0,0.12,0.08,0.06,0.77,0,0.13,0,0.29,0,0.05,0,2015-09-26
0,0,0.08,0.06,0.77,0,0.13,0,0.1,0,0.03,0,2015-09-27
0,0,0,0,0.77,0,0.04,0,0,0,0.03,0,2015-09-28
0.01,0,0,0,0.77,0,0,0,0,0,0,0,2015-09-29
0.01,0,0,0,0.77,0,0,0,0,0,0,0,2015-09-30
0,0,0,0,0.77,0,0,0,0,0,0,0,2015-10-01
0,0,0,0,0.77,0,0,0.46,0,0,0,0,2015-10-02
0,0,0,0,0.77,0,0,0.46,0,0,0,0,2015-10-03
0,0,0,0,0.77,0,0,0,0,0,0,0,2015-10-04
0,0,0,0,0.77,0,0,0,0,0,0,0,2015-10-05
0,0,0,0,0.77,0,0,0,0,0,0,0,2015-10-06
0,0,0,0,0.77,0,0,0,0,0,0,0,2015-10-07
0,0,0,0,0.77,0,0,0,0,0,0,0,2015-10-08
0,0,0,0,0.77,0,0,0.03,0,0,0,0,2015-10-09
0,0,0,0,0.77,0,0,0.03,0,0,0,0,2015-10-10
0,0,0,0,0.77,0,0,0,0,0,0,0,2015-10-11
0,0,0,0,0.77,0,0,0,0,0,0,0,2015-10-12
0,0,0,0,0.77,0,0,0,0,0,0,0,2015-10-13
0,0,0,0,0.77,0,0,0,0,0,0,0,2015-10-14
0,0,0,0,0.77,0,0,0,0,0,0,0,2015-10-15
0,0,0,0,0.77,0,0,0,0,0,0,0,2015-10-16
0,0,0,0,0.77,0,0,0,0,0,0,0,2015-10-17
0,0,0,0,0.77,0,0,0,0,0,0,0,2015-10-18
0,0,0,0,0.77,0,0,0,0,0,0,0,2015-10-19
0,0,0,0,0.77,0,0,0,0,0,0,0,2015-10-20
0,0,0.03,0.14,0.77,0,0,0,0.06,0,0,0,2015-10-21
0.06,0.09,0.08,0.14,0.77,0.03,0.08,0.23,0.06,0.08,0.05,0.1,2015-10-22
0.38,0.41,0.08,0.11,0.77,0.23,0.27,0.27,0.52,0.42,0.4,0.1,2015-10-23
2.19,2.89,5.02,3.78,0.77,2.59,2.91,3.26,0.95,3.29,3.71,3.96,2015-10-24
2.2,2.89,5.02,3.78,0.77,2.59,2.91,3.26,0.95,3.29,3.71,3.96,2015-10-25
0.21,0.1,0.05,0.28,0.77,0.58,0.15,0.09,0.09,0.1,0.2,0.09,2015-10-26
0,0,0,0.05,0.77,0.58,0,0,0,0,0,0,2015-10-27
0,0,0,0.05,0.77,0,0,0,0,0,0,0,2015-10-28
0,0,0,0.05,0.77,0,0,0,0,0,0,0,2015-10-29
2.44,3.61,2.03,0.61,0.77,1.25,2.54,2.23,2.97,2.2,2.54,4.64,2015-10-30
2.44,3.61,2.03,0.61,0.77,1.25,2.54,2.23,2.97,2.2,2.54,4.64,2015-10-31
0.5,1.16,0.47,0.03,0.77,0.95,0.46,0.69,0.71,0.73,0.46,1.23,2015-11-01
0,0,0.01,0.03,0.77,0.95,0.03,0,0.02,0.03,0.01,0,2015-11-02
0,0,0,0.03,0.77,0,0,0,0,0,0,0,2015-11-03
0,0,0,0.01,0.77,0,0,0,0,0,0,0,2015-11-04
0.25,0.23,0.16,0.15,0.77,0.01,0.12,0.22,0.23,0.11,0.25,0.13,2015-11-05
0.25,0.23,0.16,0.19,0.77,0.01,0.31,0.3,0.23,0.18,0.25,0.13,2015-11-06
0,0,0,0,0.77,0,0,0,0,0,0,0,2015-11-09
0,0,0,0,0.77,0,0,0,0,0,0,0,2015-11-10
0,0,0,0,0.77,0,0,0,0,0,0,0,2015-11-11
0,0,0,0,0.77,0,0,0,0,0,0,0,2015-11-12
0,0,0,0,0.77,0,0,0,0,0,0,0,2015-11-13
0.03,0,0,0,0.77,0,0,0,0,0,0,0,2015-11-14
0.03,0,0,0,0.77,0,0,0,0,0,0,0,2015-11-15
0,0,0,0,0.77,0,0,0,0,0,0,0,2015-11-16
0.09,0.23,0.16,0.03,0.77,0.15,0.05,0.18,0.1,0.25,0.28,0.16,2015-11-17
0.09,0.23,0.16,0.03,0.77,0.15,0.05,0.18,0.1,0.25,0.28,0.16,2015-11-18
0,0,0,0,0.77,0,0,0,0,0,0,0,2015-11-19
0,0,0,0,0.77,0,0,0,0,0,0,0,2015-11-20
0,0,0,0,0.77,0,0,0,0,0,0,0,2015-11-21
0,0,0,0,0.77,0,0,0,0,0,0,0,2015-11-22
0,0,0,0,0.77,0,0,0,0,0,0,0,2015-11-23
0,0,0,0,0.77,0,0,0,0,0,0,0,2015-11-24
0,0,0,0,0.77,0.05,0.03,0,0.04,0.1,0,0,2015-11-25
0.07,0.13,0,0.05,0.77,0.05,0.07,0.12,0.04,0.1,0.18,0.04,2015-11-26
0.92,0.62,0.42,0.62,0.77,0.42,0.4,0.12,0.7,0.4,0.79,0.68,2015-11-27
1.2,1.18,1.49,1.96,0.77,0.88,1.5,1.09,0.75,1.18,0.82,1.7,2015-11-28
1.2,1.18,1.49,1.96,0.77,0.88,1.5,1.09,0.49,1.18,0.79,1.7,2015-11-29
0.06,0,0,0,0.77,0,0,0,0.02,0.01,0,0.01,2015-11-30
0,0,0,0,0.77,0,0,0,0,0,0,0,2015-12-01
0,0,0,0,0.77,0,0,0,0,0,0,0,2015-12-02
0,0,0,0,0.77,0,0,0,0,0,0,0,2015-12-03
0,0,0,0,0.77,0,0,0,0,0.57,0,0,2015-12-04
0,0,0,0,0.77,0,0,0,0,0.57,0,0,2015-12-05
0,0,0,0,0.77,0,0,0,0,0,0,0,2015-12-06
0,0,0,0,0.77,0,0,0,0,0,0,0,2015-12-07
0,0,0,0,0.77,0,0,0,0,0,0,0,2015-12-08
0,0,0,0,0.77,0,0,0,0,0,0,0,2015-12-09
0.56,0.53,0,0,0.77,0,0,0,0,0,0,0,2015-12-10
0.56,0.53,0,0,0.77,0,0,0,0,0,0,0,2015-12-11
0,0,0,0,0.77,0,0,0,0,0,0,0,2015-12-12
0.7,0.83,0.58,0.66,0.77,0.68,0.7,0.71,0.71,0.74,0.95,0.93,2015-12-13
0.7,0.83,0.58,0.66,0.77,0.68,0.7,0.71,0.71,0.74,0.95,0.93,2015-12-14
0,0,0,0,0.77,0,0,0,0,0,0,0,2015-12-15
0,0,0,0,0.77,0,0,0,0,0,0,0,2015-12-16
0,0,0,0,0.77,0,0,0,0,0,0,0,2015-12-17
0,0,0,0,0.77,0,0,0,0,0,0,0,2015-12-18
0,0,0,0,0.77,0,0,0,0,0,0,0,2015-12-19
0,0,0,0,0.77,0,0,0,0,0,0,0,2015-12-20
0,0,0,0,0.77,0,0,0,0,0,0,0,2015-12-21
0,0,0,0,0.77,0,0,0,0,0,0,0,2015-12-22
0,0,0.51,0,0.77,0,0,0,0,0,0,0,2015-12-23
0,0,0.51,0,0.77,0,0,0,0,0,0,0,2015-12-24
0,0,0,0,0.77,0,0,0,0,0,0,0,2015-12-25
0,0,0,0,0.77,0,0,0,0,0,0,0,2015-12-26
0.5,0.8,0.47,0.26,0.77,0.37,0.54,0.09,0.46,0.61,0.67,0.93,2015-12-27
0.5,0.8,0.49,0.27,0.77,0.38,0.55,0.09,0.46,0.63,0.67,0.94,2015-12-28
0.1,0.09,0.01,0.04,0.77,0.06,0.06,0.03,0.11,0.13,0.12,0.07,2015-12-29
0.01,0.03,0,0,0.77,0,0.02,0.02,0.02,0.05,0.01,0,2015-12-30
0.01,0.03,0,0,0.77,0,0.02,0.02,0.02,0.05,0.01,0,2015-12-31
0,0,0.01,0,0.77,0.04,0,0.01,0,0.01,0,0,2016-01-01
0.42,0.4,0.68,0.56,0.77,0.47,0.61,0.59,0.23,0.56,0.35,0.37,2016-01-02
0.42,0.41,0.68,0.57,0.77,0.47,0.61,0.6,0.23,0.57,0.36,0.37,2016-01-03
0.24,0.22,0.39,0.27,0.77,0.18,0.28,0.36,0.16,0.34,0.23,0.19,2016-01-04
0,0,0,0,0.77,0,0,0,0,0,0,0,2016-01-05
0.02,0.12,0.07,0.08,0.77,0,0.07,0.11,0.06,0.01,0.05,0.07,2016-01-06
0.04,0.12,0.07,0.08,0.77,0,0.07,0.11,0.06,0.02,0.05,0.62,2016-01-07
0.04,0.02,0,0.02,0.77,0,0.53,0,0,0.02,0.02,0.62,2016-01-08
0,0,0,0,0.77,0,0.53,0,0,0,0,0,2016-01-09
0,0,0,0,0.77,0,0,0,0,0,0,0,2016-01-10
0,0,0,0,0.77,0,0,0,0,0,0,0,2016-01-11
0,0,0,0,0.77,0,0,0,0,0,0,0,2016-01-12
0,0,0,0,0.77,0,0,0,0,0,0,0,2016-01-13
0,0,0,0,0.77,0,0,0,0,0,0,0,2016-01-14
0,0,0,0,0.77,0,0,0,0,0,0,0,2016-01-15
0,0,0,0,0.77,0,0,0,0,0,0,0,2016-01-16
0,0,0,0,0.77,0,0,0,0,0,0,0,2016-01-17
0,0,0,0,0.77,0,0,0,0,0,0,0,2016-01-18
0,0,0,0,0.77,0,0,0,0,0,0,0,2016-01-19
0,0,0,0,0.77,0,0,0,0,0,0,0,2016-01-20
0,0,0,0,0.77,0,0,0,0,0,0,0,2016-01-21
0,0,0,0,0.77,0,0,0,0,0,0,0,2016-01-22
0,0,0,0,0.77,0,0,0,0,0,0,0,2016-01-23
0,0,0,0,0.77,0,0,0,0,0,0,0,2016-01-24
0,0,0,0,0.77,0,0,0,0,0,0,0,2016-01-25
0.08,0,0.21,0.08,0.77,0.01,0.21,0.1,0.11,0.08,0.07,0.07,2016-01-26
0.02,0,0,0,0.77,0,0,0,0,0,0,0,2016-01-27
0.02,0,0,0,0.77,0,0,0,0,0,0,0,2016-01-28
0,0,0,0,0.77,0,0,0,0,0,0,0,2016-01-29
0,0,0,0,0.77,0,0,0,0,0,0,0,2016-01-30
0,0,0,0,0.77,0,0,0,0,0,0,0,2016-01-31
0,0,0,0,0.77,0,0,0,0,0,0,0,2016-02-01
0,0,0,0,0.77,0,0,0,0,0,0,0,2016-02-02
0,0,0,0,0.77,0,0,0,0,0,0,0,2016-02-03
0,0,0,0,0.77,0,0,0,0,0,0,0,2016-02-04
0,0,0,0,0.77,0,0,0,0,0,0,0,2016-02-05
0,0,0,0,0.77,0,0,0,0.02,0.02,0,0,2016-02-06
0,0,0,0,0.77,0,0,0,0.02,0.02,0,0,2016-02-07
0,0,0,0,0.77,0,0,0,0.01,0,0,0,2016-02-08
0,0,0,0,0.77,0,0,0,0,0,0,0,2016-02-09
0,0.57,0,0,0.77,0,0,0,0,0,0,0,2016-02-10
0,0.57,0,0,0.77,0,0,0,0,0,0,0,2016-02-11
0,0,0,0,0.77,0,0,0,0.48,0,0.5,0,2016-02-12
0,0,0,0,0.77,0,0,0,0.48,0,0.5,0,2016-02-13
0,0,0,0,0.77,0,0,0,0,0,0,0,2016-02-14
0,0,0,0,0.77,0,0,0,0,0,0,0,2016-02-15
0,0,0,0,0.77,0,0,0,0,0,0,0,2016-02-16
0,0,0,0,0.77,0,0,0,0,0,0,0,2016-02-17
0,0,0,0,0.77,0,0,0,0,0,0,0,2016-02-18
0,0,0,0,0.77,0,0,0,0,0,0,0,2016-02-19
0,0.01,0,0,0.77,0,0,0.02,0,0,0,0,2016-02-20
0,0.01,0,0,0.77,0,0,0.02,0,0,0,0,2016-02-21
0,0,0.04,0,0.77,0.05,0,0.01,0,0,0,0,2016-02-22
1.3,1.2,1.32,1.08,0.77,0.94,1.33,1.01,0.82,1.17,1.06,1.03,2016-02-23
0,0,0,0,0.77,0,0,0,0,0,0,0,2016-02-25
0,0,0,0,0.77,0,0,0,0,0,0,0,2016-02-26
0,0,0,0,0.77,0,0,0,0,0,0,0,2016-02-27
0,0,0,0,0.77,0,0,0,0,0,0,0,2016-02-28
0,0,0,0,0.77,0,0,0,0,0,0,0,2016-02-29
0,0,0,0,0.77,0,0,0,0,0,0,0,2016-03-01
0,0,0,0,0.77,0,0,0,0,0,0,0,2016-03-02
0,0,0,0,0.77,0,0,0,0,0,0,0,2016-03-03
0,0,0.4,0,0.77,0.51,0,0,0,0,0,0,2016-03-04
0,0,0.4,0,0.77,0.51,0,0,0,0,0,0,2016-03-05
0,0,0,0,0.77,0,0,0,0,0,0,0,2016-03-06
0.02,0.02,0,0,0.77,0.01,0,0.02,0,0,0,0,2016-03-07
0.15,0.2,0,0.09,0.77,0.01,0.05,0.09,0.09,0.08,0.06,0.17,2016-03-08
0.92,0.9,0.69,0.5,0.77,0.68,1.22,0.68,0.44,1.93,1.04,1.33,2016-03-09
0.92,0.9,0.69,0.5,0.77,0.68,1.22,0.68,0.47,1.93,1.04,1.33,2016-03-10
0.48,0.42,0.29,0.3,0.77,0.37,0.37,0.33,0.47,0.58,0.41,0.45,2016-03-11
0.48,0.38,0.29,0.3,0.77,0.37,0.38,0.33,0.37,0.38,0.23,0.43,2016-03-12
0.4,0.22,0.01,0.06,0.77,0.04,0.03,0.12,0.21,0.15,0.21,0.2,2016-03-13
0,0,0,0,0.77,0,0,0,0,0,0,0,2016-03-14
0,0,0,0,0.77,0,0,0,0,0,0,0,2016-03-15
0,0,0,0,0.77,0,0,0,0,0,0,0,2016-03-16
0,0,0,0,0.77,0,0,0,0,0,0,0,2016-03-17
0,0,0,0,0.77,0,0,0,0,0,0,0,2016-03-18
0.04,0.42,0.13,0.08,0.77,0.16,0.07,0.29,0.47,0.46,0.69,0.31,2016-03-19
0.04,0.42,0.13,0.08,0.77,0.16,0.07,0.29,0.47,0.46,0.69,0.31,2016-03-20
0,0,0,0,0.77,0,0,0,0,0,0,0,2016-03-21
0,0,0,0,0.77,0,0,0,0,0,0,0,2016-03-22
0,0,0,0,0.77,0,0,0,0,0,0,0,2016-03-23
0.23,0.53,0.35,0.28,0.77,0.31,0.31,0.36,0.5,0.29,0.22,0.34,2016-03-24
0.23,0.53,0.35,0.28,0.77,0.31,0.31,0.36,0.5,0.29,0.22,0.34,2016-03-25
0,0,0,0,0.77,0,0,0,0,0,0,0,2016-03-26
0,0,0,0,0.77,0,0,0,0,0,0,0,2016-03-27
0,0,0,0,0.77,0,0,0,0,0,0,0,2016-03-28
0,0,0,0,0.77,0,0,0,0,0,0,0,2016-03-29
0.15,0.1,0.06,0.11,0.77,0.06,0.17,0.16,0.04,0.1,0.08,0.04,2016-03-30
0.15,0.1,0.06,0.51,0.77,0.07,0.17,0.54,0.04,0.1,0.07,0.04,2016-03-31
0.07,0.13,0,0.51,0.77,0,0,0.54,0.57,0.09,0.09,0.44,2016-04-01
0.07,0.13,0,0.01,0.77,0,0,0.01,0.57,0.09,0.09,0.44,2016-04-02
0,0,0,0,0.77,0,0,0,0,0,0,0,2016-04-03
0,0,0,0,0.77,0,0,0,0,0,0,0,2016-04-04
0,0,0,0,0.77,0,0,0,0,0,0,0,2016-04-05
0,0,0,0,0.77,0,0,0,0,0,0,0,2016-04-06
0,0,0,0,0.77,0,0,0,0,0,0,0,2016-04-07
0,0,0,0,0.77,0,0,0,0,0,0,0,2016-04-08
0,0.02,0,0,0.77,0,0,0,0,0,0.02,0,2016-04-09
0,0.02,0,0,0.77,0,0,0,0,0,0.02,0,2016-04-10
0,0,0,0,0.77,0.07,0,0.01,0.02,0,0,0.02,2016-04-11
0,0,0,0,0.77,0.07,0,0.01,0.02,0,0,0.02,2016-04-12
1.18,1.77,1.58,1.66,0.77,1.08,1.41,1.4,1.57,1.27,1.27,0.23,2016-04-13
1.18,1.77,1.58,1.66,0.77,1.08,1.41,1.4,1.57,1.27,1.27,0.23,2016-04-14
0.57,0,0,0,0.77,0.02,0,0,0,0,0,0,2016-04-15
0.57,0.09,0.02,0.05,0.77,0.02,0.03,0.13,0,0.06,0.06,0.08,2016-04-16
0.4,1.01,0.18,1.32,0.77,0.12,0.2,0.13,0.55,0.29,0.46,0.24,2016-04-17
2.08,2.98,0.23,1.32,0.77,0.12,0.9,1.59,1.4,1.72,2.45,2,2016-04-18
2.08,2.98,0.23,1.17,0.77,0.03,0.9,1.59,1.4,1.72,2.45,2,2016-04-19
0.06,0.22,0,0,0.77,0.01,0,0.02,0.47,0.15,0.27,0.43,2016-04-20
0.75,0.51,0.27,0.58,0.77,0,0.31,0.45,0.68,0.46,0.38,0.43,2016-04-21
0.75,0.51,0.27,0.58,0.77,0,0.31,0.45,0.68,0.46,0.38,0.31,2016-04-22
0,0,0,0,0.77,0,0,0,0,0,0,0,2016-04-23
0,0,0,0,0.77,0,0,0,0,0,0,0,2016-04-24
0,0,0,0,0.77,0,0,0,0,0,0,0,2016-04-25
0.13,0.04,0.01,0,0.77,0,0.09,0,0.09,0.15,0.15,0,2016-04-26
0.43,0.42,0.63,0.47,0.77,0,0.46,0.41,0.36,0.42,0.38,0.35,2016-04-27
0.43,0.42,0.63,0.47,0.77,0,0.46,0.41,0.36,0.54,0.38,0.35,2016-04-28
0,0,0,0,0.77,0,0,0,0,0.54,0,0,2016-04-29
1.2,0.52,0.35,1.59,0.77,0,1.19,1.35,0.65,0.99,0.6,0.63,2016-04-30
1.2,0.52,0.35,1.59,0.77,0,1.19,1.35,0.65,0.99,0.6,0.63,2016-05-01
0,0,0,0,0.77,0,0,0,0,0,0,0.05,2016-05-02
0,0,0,0,0.77,0.14,0,0,0,0,0,0.05,2016-05-03
0,0,0,0,0.77,0.14,0,0,0,0,0,0,2016-05-04
0,0,0,0,0.77,0,0,0,0,0,0,0,2016-05-05
0,0,0,0,0.77,0,0,0,0,0,0,0,2016-05-06
0,0,0,0,0.77,0,0,0,0,0,0,0,2016-05-07
0.01,0.01,0,0,0.77,0.01,0,0,0.05,0.03,0,0.01,2016-05-08
0.01,0.01,0,0,0.77,0.01,0,0,0.05,0.03,0,0.01,2016-05-09
0,0,0,0,0.77,0,0,0,0,0,0,0,2016-05-10
0.64,0.33,1.11,1.15,0.77,0.49,0.89,2.02,0.53,0.85,0.45,0.23,2016-05-11
0.64,0.33,1.11,1.15,0.77,0.49,0.89,2.02,0.53,0.85,0.45,0.23,2016-05-12
0,0,0,0,0.77,0,0,0,0,0,0,0,2016-05-13
0.2,0.33,0.18,0.22,0.77,0.09,0.25,0.41,0.13,0.11,0.19,0.2,2016-05-14
0.37,0.52,1.03,0.72,0.77,0.65,0.85,0.41,0.13,0.61,0.34,0.2,2016-05-15
0.37,0.52,1.03,0.72,0.77,0.74,0.85,0.2,0.8,0.98,0.34,0.19,2016-05-16
0.18,0.39,0.32,0.38,0.77,0.74,0.05,0.14,0.8,0.98,0.23,0,2016-05-17
1.05,0.71,0.4,0.5,0.77,0.75,0.47,0.68,0.8,0.53,1.03,0.72,2016-05-18
1.26,1.88,1.97,1.15,0.77,0.75,1.26,0.69,0.8,1.6,1.25,0.72,2016-05-19
1.26,1.88,1.97,1.15,0.77,0.68,1.26,0.69,0.71,1.6,1.25,0.71,2016-05-20
0,0,0,0,0.77,0,0,0,0,0,0,0,2016-05-21
0,0,0,0,0.77,0,0,0,0,0,0,0,2016-05-22
0,0,0,0,0.77,0,0,0,0.01,0,0,0,2016-05-23
0,0,0,0,0.77,0.01,0.03,0,0.01,0,0,0,2016-05-24
0,0,0,0,0.77,0.01,0.03,0,0,0,0,0,2016-05-25
0,0,0,0,0.77,0,0,0,0,0,0,0,2016-05-26
0,0,0,0,0.77,0,0,0,0,0.03,0,0,2016-05-27
0,0,0,0,0.77,0,0,0,0,0.03,0,0,2016-05-28
0.57,0.46,1.38,2.15,0.77,0.29,0.65,1.27,0.59,0.32,0.28,0.78,2016-05-29
0.91,0.46,1.38,2.15,0.77,0.61,1.04,1.27,0.72,0.51,0.28,0.78,2016-05-30
0.87,1.51,0.95,0.85,0.77,0.79,1.04,0.9,0.72,0.51,0.17,0.75,2016-05-31
0,0,0.29,0.49,0.77,0.79,0.37,0.39,0.71,0.46,0.01,0.18,2016-06-01
0.76,0.94,2.05,0.81,0.77,2.43,2.15,0.68,0.23,1.43,0,0.81,2016-06-02
0.76,0.94,2.23,0.81,0.77,2.43,2.15,0.68,0.23,1.43,0,0.81,2016-06-03
0,0.27,0.99,0.13,0.77,0.42,0.13,0.08,0.24,0.04,0,0.47,2016-06-04
0,0,0,0,0.77,0,0,0,0,0,0,0,2016-06-06
0,0,0,0,0.77,0,0,0,0,0,0,0,2016-06-07
0,0,0,0,0.77,0,0,0,0,0,0,0,2016-06-08
0,0,0,0,0.77,0,0,0,0,0,0,0,2016-06-17
0,0,0,0,0.77,0,0,0,0,0,0,0,2016-06-18
0.23,0.1,0,0,0.77,0,0.1,0,0.46,0,0.09,0,2016-06-19
0.23,0.1,0,0,0.77,0,0.1,0,0.46,0,0.09,0,2016-06-20
0,0,0,0,0.77,0,0,0,0,0,0.02,0,2016-06-21
0,0,0,0,0.77,0,0,0,0,0,0,0,2016-06-22
0,0,0,0,0.77,0,0,0,0,0,0,0,2016-06-23
0,0,0,0,0.77,0,0,0,0,0,0,0,2016-06-24
0,0,0.03,0.09,0.77,0,0,0,0,0,0,0,2016-06-25
0,0,0.03,0.09,0.77,0,0.13,0,0.06,0.14,0.04,0.03,2016-06-26
0,0,0.03,0,0.77,0,0.13,0,0.06,0.14,0.04,0.03,2016-06-27
0.1,0,0,0.95,0.77,0,0,0.39,0.15,0,0.01,0.04,2016-06-28
0.12,0.09,0.04,0.95,0.77,0,0.07,0.39,0.16,0.03,0,0.1,2016-06-29
0.11,0.09,0.04,0.14,0.77,0,0.07,0.05,0.09,0.03,0,0.1,2016-06-30
0,0,0,0,0.77,0,0,0,0.02,0,0,0,2016-07-01
0,0,0,0,0.77,0,0,0,0,0,0,0,2016-07-02
0,0,0,0,0.77,0,0.04,0,0,0,0,0,2016-07-03
0,0,0,0,0.77,0,0.04,0,0,0,0,0,2016-07-04
0,0,0,0,0.77,0,0,0,0,0,0,0,2016-07-05
0,0,0,0,0.77,0,0,0,0,0,0,0,2016-07-06
0,0,0,0,0.77,0,0,0,0,0,0,0,2016-07-07
0,0,0,0,0.77,0,0,0,0,0,0,0,2016-07-08
0,0,0,0,0.77,0,0,0,0,0,0,0,2016-07-09
0,0,0,0,0.77,0,0,0,0,0,0,0,2016-07-10
0,0,0,0,0.77,0,0,0,0,0,0,0,2016-07-11
0,0,0,0,0.77,0,0,0,0,0,0,0,2016-07-12
0,0,0,0,0.77,0,0,0,0,0,0,0,2016-07-13
0,0,0,0,0.77,0,0,0,0,0,0,0,2016-07-14
0,0,0,0,0.77,0,0,0,0,0,0,0,2016-07-15
0,0,0,0,0.77,0,0,0,0,0,0,0,2016-07-16
0,0,0,0,0.77,0,0,0,0,0,0,0,2016-07-17
0,0,0,0,0.77,0,0,0,0,0,0,0,2016-07-18
0,0,0,0,0.77,0,0,0,0,0,0,0,2016-07-19
0,0,0,0,0.77,0,0,0,0,0,0,0,2016-07-20
0,0,0,0,0.77,0,0,0,0,0,0,0,2016-07-21
0,0,0,0,0.77,0,0,0,0,0,0,0,2016-07-22
0,0,0,0,0.77,0,0,0,0,0,0,0,2016-07-23
0,0,0,0,0.77,0,0,0,0,0,0,0,2016-07-24
0,0.06,0,0.06,0.77,0,0.07,0,0,0,0.09,0.02,2016-07-25
0.03,0.21,0.05,0.06,0.77,1.79,0.07,0.04,0.25,1.2,0.09,0.31,2016-07-26
0.03,0.21,0.21,0.84,0.77,1.79,1.69,0.07,0.25,1.2,0.03,0.31,2016-07-27
0.03,0.09,0.21,0.84,0.77,0.45,1.69,0.07,0.12,0.08,0.01,0.04,2016-07-28
0,0.09,0,0,0.77,0,0,0,0.03,0.01,0,0,2016-07-29
0,0,0,0,0.77,0,0,0,0,0,0,0,2016-07-30
0,0,0,0,0.77,0,0,0,0,0,0,0,2016-07-31
0,0,0,0,0.77,0,0,0,0,0,0,0,2016-08-01
0,0,0,0,0.77,0,0,0,0,0,0,0,2016-08-02
0,0,0,0,0.77,0,0,0,0,0,0,0,2016-08-03
0,0,0,0,0.77,0,0,0,0,0,0,0,2016-08-04
0,0,0,0,0.77,0,0,0,0,0,0,0,2016-08-05
0,0,0,0,0.77,0,0,0,0,0,0,0,2016-08-06
0,0,0,0,0.77,0,0,0,0,0,0,0,2016-08-07
0,0,0,0,0.77,0,0,0,0,0,0,0,2016-08-08
0,0,0,0,0.77,0,0,0,0.51,0,0.79,0,2016-08-09
0,0,0,0,0.77,0,0,0,0.51,0,0.79,0,2016-08-10
0,0,0,0,0.77,0,0,0,0,0,0,0,2016-08-11
0,0,0,0,0.77,0,0,0,0,0,0,0,2016-08-12
0.03,0,0,0.06,0.77,0.15,0.07,0.31,0,0.16,0,0,2016-08-13
0.92,1.42,0,0.14,0.77,0.33,0.1,0.31,0.1,0.97,2.02,0.57,2016-08-14
1.67,1.95,1.08,1.82,0.77,1.43,0.23,0.15,0.95,1.51,2.03,0.71,2016-08-15
1.67,1.95,1.08,1.82,0.77,1.43,0.73,0,0.95,1.51,0.59,0.71,2016-08-16
0.92,0.82,0.27,0.69,0.77,0.6,0.73,0.19,0.59,1.14,0.59,0.21,2016-08-17
0.92,0.83,0.27,0.69,0.77,0.6,0.34,0.19,0.26,0.26,0.4,0.21,2016-08-18
0.09,0.16,0,0.01,0.77,0,0.05,0.06,0.21,0.01,0,0,2016-08-19
0.39,0.38,0.38,0.45,0.77,0.17,0.31,0.53,0.3,0.14,0,0.23,2016-08-20
1.66,0.95,1.26,0.51,0.77,1.18,1.32,0.77,0.3,1.18,0,0.85,2016-08-21
1.66,0.95,1.26,0.51,0.77,1.18,1.32,0.77,0.36,1.18,0,0.85,2016-08-22
0.29,0.31,0.06,0.11,0.77,0.32,0.33,0.03,0.36,0.36,0,0.07,2016-08-23
0,0,0,0,0.77,0.02,0,0,0,0,0,0,2016-08-24
0,0,0,0,0.77,0,0,0,0,0,0,0,2016-08-25
0,0,0,0,0.77,0,0,0,0,0,0,0,2016-08-26
0,0,0,0,0.77,0,0,0,0.03,0,0,0,2016-08-27
0,0,0,0,0.77,0,0,0,0.03,0,0,0,2016-08-28
0,0,0.12,0.01,0.77,0.53,0.2,0,0,0.08,0.05,0,2016-08-29
0,0,0.12,0.01,0.77,0.68,0.2,0,0.06,0.19,0.07,0,2016-08-30
0.1,0.01,0.04,0.13,0.77,0.08,0.53,0.18,0.33,0.34,0.27,0,2016-08-31
0,0.04,0.04,0.13,0.77,0,0.53,0.18,0.33,0.34,0,0,2016-09-01
0.17,0.04,0.21,0.49,0.77,0.83,2.19,0.49,0.2,0,0,0.16,2016-09-02
0.17,0,0.21,0.49,0.77,0.83,2.19,0.49,0.02,0.02,0,0.16,2016-09-03
0,0,0,0.4,0.77,0.03,0.04,0,0.02,0.02,0,0.02,2016-09-04
0.07,0.05,0,0.41,0.77,0.04,0.04,0,0,0.08,0,0,2016-09-05
0.07,0.05,0.11,0,0.77,0.01,0.01,0,0,0.08,0,0,2016-09-06
0,0,0.11,0,0.77,0.01,0,0,0,0.01,0,0,2016-09-07
0,0,0,0,0.77,0,0,0,0,0,0,0,2016-09-08
0,0,0,0,0.77,0,0,0,0,0,0,0,2016-09-09
0.22,0,0,0.02,0.77,0,0.25,0,0,0,0,0,2016-09-10
0.22,0,0,0.02,0.77,0,0.25,0,0,0,0,0,2016-09-11
0,0,0,0,0.77,0,0,0,0,0,0,0,2016-09-12
0,0,0.51,0.6,0.77,0,0,0,0,0,0,0,2016-09-13
0,0,0.51,0.6,0.77,0,0,0,0,0,0,0,2016-09-14
0,0,0,0.04,0.77,0,0,0,0,0,0,0,2016-09-15
0,0,0,0,0.77,0,0,0,0,0,0,0,2016-09-16
0,0,0,0,0.77,0,0,0,0,0,0,0,2016-09-17
0,0,0,0,0.77,0,0,0,0,0,0,0,2016-09-18
0,0,0,0,0.77,0,0,0,0,0,0,0,2016-09-19
0,0,0,0,0.77,0,0.51,0,0,0.55,0,0,2016-09-20
0,0,0,0,0.77,0,0.51,0,0,0.55,0,0,2016-09-21
0,0,0,0,0.77,0,0,0,0,0,0,0,2016-09-22
0,0,0,0,0.77,0,0,0,0.05,0,0,0,2016-09-23
0.48,0.55,0,0.04,0.77,0.04,0.19,0,0.05,0,0,0.02,2016-09-24
1.25,1.57,0.6,0.41,0.77,0.32,1.75,0.69,1.19,0.71,0.43,1.29,2016-09-25
1.25,1.57,2.14,0.75,0.77,1.58,1.75,1.08,1.19,1.78,1.78,1.29,2016-09-26
0.48,1.36,2.14,0.75,0.77,1.58,0.71,1.08,0.23,1.78,0.15,0.99,2016-09-27
0.49,0.55,0,0,0.77,0,0,0,0,0,0.06,0,2016-09-28
0.49,0.55,0,0,0.77,0,0,0,0,0,0.03,0,2016-09-29
0,0,0,0,0.77,0,0,0,0,0,0.03,0,2016-09-30
0,0,0,0,0.77,0,0,0,0,0,0.02,0,2016-10-01
0,0,0,0,0.77,0,0,0,0,0,0.01,0,2016-10-02
0,0,0,0,0.77,0,0,0,0,0,0.23,0,2016-10-03
0,0,0,0,0.77,0,0,0,0,0,0.23,0,2016-10-04
0,0,0,0,0.77,0,0,0,0,0,0,0,2016-10-05
0,0,0,0,0.77,0,0,0,0,0,0,0,2016-10-06
0,0.15,0,0,0.77,0,0,0,0.01,0,0,0,2016-10-07
0,0,0,0,0.77,0,0,0,0,0,0,0,2016-10-10
0,0,0,0,0.77,0.57,0,0,0,0,0,0,2016-10-11
0,0,0,0,0.77,0.57,0,0,0,0,0,0,2016-10-12
0,0,0,0,0.77,0,0,0,0,0,0,0,2016-10-13
0,0,0,0,0.77,0,0,0,0,0,0,0,2016-10-14
0,0,0,0,0.77,0,0,0,0,0,0,0,2016-10-15
0,0,0,0,0.77,0,0,0,0,0,0,0,2016-10-16
0,0,0,0,0.77,0,0,0,0,0,0,0,2016-10-17
0,0,0,0,0.77,0,0,0,0,0,0,0,2016-10-18
0,0,0,0,0.77,0,0,0,0,0,0,0.61,2016-10-19
0,0.01,0,0,0.77,0.02,0,0,0,0,0,0.61,2016-10-20
0,0.01,0,0,0.77,0.02,0,0,0,0,0,0,2016-10-21
0,0,0,0,0.77,0,0,0,0,0,0,0,2016-10-22
0,0,0,0,0.77,0,0,0,0,0,0,0,2016-10-23
0,0,0,0,0.77,0,0,0,0,0,0,0,2016-10-24
0,0,0,0,0.77,0,0,0,0.01,0,0,0,2016-10-25
0,0,0,0,0.77,0,0,0,0.01,0,0,0,2016-10-26
0,0,0,0,0.77,0,0,0,0,0,0,0,2016-10-27
0,0,0,0,0.77,0,0,0,0,0,0,0,2016-10-28
0,0,0,0,0.77,0,0,0,0,0,0,0,2016-10-29
0,0,0,0,0.77,0,0,0,0,0,0,0,2016-10-30
0,0,0,0,0.77,0,0,0,0,0,0,0,2016-10-31
0,0,40.96,0,0.77,0,0,0,0,0,0,0,2016-11-01
0,0.01,0,0,0.77,0,0,0.47,0,0.26,0.26,0,2016-11-02
0.04,0.32,0,0.04,0.77,0,0.09,0.47,0.04,0.26,0.05,0,2016-11-03
0,0.32,0.01,0.04,0.77,0,0.09,0.54,0.04,0.05,0,0,2016-11-04
0,0,0.01,0.04,0.77,0,0.01,0.54,0.01,0,0,0,2016-11-05
0.25,0.59,0.71,0.39,0.77,0.08,0.17,0.1,0.21,0.44,0.04,0.09,2016-11-06
0.25,0.59,0.71,0.39,0.77,0.69,0.17,0.1,0.21,0.44,0.07,0.09,2016-11-07
0.73,1.84,0.58,0.84,0.77,0.59,1.11,1.15,0.6,0.61,0.95,0.57,2016-11-08
0.91,1.84,1.29,1.08,0.77,0.59,1.11,1.15,0.61,1.05,0.95,0.74,2016-11-09
0.92,0.62,1.29,1.08,0.77,0.38,0.82,0.46,0.47,1.05,0.71,0.74,2016-11-10
0,0,0,0,0.77,0,0,0,0,0.01,0,0,2016-11-11
0,0,0,0,0.77,0,0,0,0,0.01,0,0,2016-11-12
0,0,0,0,0.77,0,0,0,0,0,0,0,2016-11-13
0,0,0,0,0.77,0,0,0,0,0,0,0,2016-11-14
0,0,0,0,0.77,0,0,0,0,0,0,0,2016-11-15
0,0,0,0,0.77,0,0,0,0,0,0,0,2016-11-16
0,0,0,0,0.77,0,0,0,0,0,0,0,2016-11-17
0,0,0,0,0.77,0,0,0,0,0,0,0,2016-11-18
0,0,0,0,0.77,0,0,0,0,0,0,0,2016-11-19
0,0,0,0,0.77,0,0,0,0,0,0,0,2016-11-20
0,0,0,0,0.77,0,0,0,0,0,0,0,2016-11-21
0,0,0,0,0.77,0,0,0,0,0,0,0,2016-11-22
0,0,0,0,0.77,0,0,0,0,0,0,0,2016-11-23
0,0,0,0,0.77,0,0,0,0,0,0,0,2016-11-24
0,0,0,0,0.77,0,0,0,0,0,0,0,2016-11-25
0,0,0,0,0.77,0,0,0,0,0,0,0,2016-11-26
0,0,0,0,0.77,0,0,0,0,0,0,0,2016-11-27
0,0,0,0,0.77,0,0,0,0,0,0,0,2016-11-28
0,0,0,0,0.77,0,0,0,0,0,0,0,2016-11-29
0,0,0,0,0.77,0,0,0,0,0,0,0,2016-11-30
0,0,0,0,0.77,0,0,0,0,0,0,0,2016-12-01
0.23,0.18,0.25,0.06,0.77,0.42,0.29,0.13,0.14,0.13,0.21,0.04,2016-12-02
1.38,2.71,2.96,2.21,0.77,2.38,1.43,0.93,0.48,2.04,2.37,0.71,2016-12-03
1.38,2.71,2.96,2.21,0.77,2.38,1.43,0.93,0.48,2.04,2.37,0.71,2016-12-04
0.46,0.96,1.07,0.79,0.77,0.64,0.57,0.36,0,0.69,0.92,0.29,2016-12-05
0.31,0.96,1.07,0.79,0.77,0.64,0.57,0.36,0,0.69,0.92,0.29,2016-12-06
0,0,0,0,0.77,0,0,0,0,0,0,0,2016-12-07
0,0,0,0,0.77,0,0,0,0,0,0,0,2016-12-08
0,0,0,0,0.77,0,0,0,0,0,0,0,2016-12-09
0,0,0,0,0.77,0,0,0,0,0,0,0,2016-12-10
0.02,0.05,0.01,0.02,0.77,0,0.03,0.04,0.02,0.02,0.02,0.02,2016-12-11
0.02,0.05,0.01,0.02,0.77,0,0.03,0.04,0.02,0.02,0,0.02,2016-12-12
0,0,0,0,0.77,0,0,0,0,0,0,0,2016-12-13
0,0,0,0,0.77,0,0,0,0,0,0,0,2016-12-14
0,0,0,0,0.77,0,0,0,0,0,0,0,2016-12-15
0,0,0,0,0.77,0,0,0,0,0,0,0,2016-12-16
0,0,0,0,0.77,0,0.01,0,0,0,0,0,2016-12-17
0,0,0,0,0.77,0,0,0,0,0,0,0,2016-12-19
0,0,0,0,0.77,0,0,0,0,0,0,0,2016-12-20
0,0,0,0,0.77,0,0,0,0,0,0,0,2016-12-21
0,0,0,0,0.77,0,0,0,0,0,0,0,2016-12-22
0,0,0,0,0.77,0,0,0,0,0,0,0,2016-12-23
0,0.01,0,0,0.77,0,0,0.08,0.05,0,0.01,0,2016-12-24
0,0.01,0,0,0.77,0,0,0.08,0.05,0,0.01,0,2016-12-25
0,0.01,0,0,0.77,0,0,0,0.04,0,0,0,2016-12-26
0,0.17,0.05,0.01,0.77,0,0.11,0,0.07,0,0.15,0.03,2016-12-27
0,0.17,0.05,0.01,0.77,0,0.11,0,0.07,0,0.15,0.03,2016-12-28
0,0,0,0,0.77,0,0,0,0,0,0,0,2017-01-05
0,0,0,0,0.77,0,0,0,0,0,0,0,2017-01-06
0,0,0,0,0.77,0,0,0,0,0,0,0,2017-01-07
0,0,0,0,0.77,0,0,0,0,0,0,0,2017-01-08
0,0,0,0,0.77,0,0,0,0,0,0,0,2017-01-09
0,0,0,0,0.77,0,0,0,0,0,0,0,2017-01-10
0,0,0,0,0.77,0,0,0,0,0,0,0,2017-01-11
0,0,0,0,0.77,0,0,0,0,0,0,0,2017-01-12
0.03,0,0,0,0.77,0,0,0,0.01,0,0,0,2017-01-13
0.13,0.01,0.08,0.16,0.77,0.06,0.01,0.09,0.15,0.09,0.12,0,2017-01-14
0.13,0.12,0.08,0.16,0.77,0.06,0.03,0.09,0.16,0.09,0.12,0.01,2017-01-15
0.94,1.29,1.63,1.25,0.77,0.9,1.68,0.89,0.24,0.54,1.28,1.13,2017-01-16
0.94,1.29,1.63,1.25,0.77,0.9,1.68,0.89,0.24,0.54,1.28,1.13,2017-01-17
0.51,0.39,0.32,0.26,0.77,0.55,0.33,0.31,0.71,0.7,0.37,0.37,2017-01-18
0.51,0.39,0.32,0.26,0.77,0.55,0.33,0.31,0.71,0.7,0.37,0.37,2017-01-19
0,0,0,0,0.77,0.57,0,0,0,0.31,0,0,2017-01-20
0,0,0,0,0.77,0.57,0,0,0,0.31,0,0,2017-01-21
0,0,0,0,0.77,0,0,0,0,0,0,0,2017-01-22
0,0,0,0,0.77,0,0,0,0,0,0,0,2017-01-23
0,0,0,0,0.77,0,0,0,0,0,0,0,2017-01-24
0,0,0,0,0.77,0,0,0,0,0,0,0,2017-01-25
0,0,0,0,0.77,0,0,0,0,0,0,0,2017-01-26
0,0,0,0,0.77,0,0,0,0,0,0,0,2017-01-27
0,0,0,0,0.77,0.01,0,0,0,0,0,0,2017-01-28
0,0,0,0,0.77,0.01,0,0,0,0,0,0,2017-01-29
0,0,0,0,0.77,0,0,0,0,0,0,0,2017-01-30
0,0,0,0,0.77,0,0,0,0,0,0,0,2017-01-31
0,0,0,0,0.77,0,0,0,0,0,0,0,2017-02-01
0,0,0,0,0.77,0,0,0,0,0,0,0,2017-02-02
0,0,0,0,0.77,0,0,0,0,0,0,0,2017-02-03
0,0,0,0,0.77,0,0,0,0,0,0,0,2017-02-04
0,0,0,0,0.77,0,0,0,0,0,0,0,2017-02-05
0,0,0,0,0.77,0,0,0,0,0,0,0,2017-02-06
0,0,0,0,0.77,0,0,0,0,0,0,0,2017-02-07
0,0,0,0,0.77,0,0,0,0,0,0,0,2017-02-08
0,0,0,0,0.77,0,0,0,0,0,0,0,2017-02-09
0,0,0,0,0.77,0,0,0,0,0,0,0,2017-02-10
0,0,0,0,0.77,0,0,0,0,0,0,0,2017-02-11
0,0,0,0,0.77,0,0,0,0,0,0,0,2017-02-12
0,0.01,0,0.6,0.77,0,0.54,0,0,0,0,0,2017-02-13
1.19,1.52,1.52,1.36,0.77,0.57,1.21,1.86,0.95,0.46,1.53,0.81,2017-02-14
1.19,1.52,1.52,1.36,0.77,0.57,1.21,1.86,0.95,0.46,1.53,0.81,2017-02-15
0,0,0,0,0.77,0,0,0,0,0,0,0,2017-02-16
0,0,0,0,0.77,0,0,0,0,0,0,0,2017-02-17
0,0,0,0,0.62,0,0,0,0,0,0,0,2017-02-21
0,0,0,0,0.62,0,0,0,0,0,0,0,2017-02-22
0,0,0,0,0.62,0,0,0,0,0,0,0,2017-02-23
0,0,0,0,0.62,0,0,0,0,0,0,0,2017-02-24
0,0,0,0,0.62,0,0,0,0,0,0,0,2017-02-25
0,0,0,0,0.62,0,0,0,0,0,0,0,2017-02-26
0,0,0,0,0.62,0,0,0,0,0,0,0,2017-02-27
0,0,0,0,0.62,0,0,0,0,0,0,0,2017-02-28
0,0,0,0,0.62,0,0,0,0.61,0,0.52,0,2017-03-01
0,0,0,0,0.62,0,0,0,0.61,0,0.52,0,2017-03-02
0,0,0,0,0.62,0,0,0,0,0,0.52,0,2017-03-03
0.68,0.66,0.79,0.92,0.62,1.15,0.81,0,0.47,0.46,0.52,0.47,2017-03-04
0.68,0.66,0.79,0.92,0.62,1.15,0.81,0.17,0.47,0.46,0.52,0.47,2017-03-05
0.18,0.11,0.11,0.22,0.62,0.1,0.16,0.17,0.11,0.13,0.52,0.15,2017-03-06
0,0,0,0,0.62,0,0,0,0,0,0.23,0,2017-03-07
0,0,0,0,0.62,0,0,0,0,0,0,0,2017-03-08
0,0,0,0,0.62,0,0.04,0,0,0,0,0,2017-03-09
0.43,0.2,0,0.06,0.62,0.02,0.04,0,0.23,0.15,0.38,0,2017-03-10
0.43,0.2,0,0.06,0.62,0.02,0.02,0,0.23,0.22,0.38,0.01,2017-03-11
0.04,0.04,0,0.02,0.62,0.01,0.02,0.02,0.2,0.22,0.09,0.12,2017-03-12
0.02,0.03,0,0,0.62,0,0,0.02,0.05,0.06,0.03,0.12,2017-03-13
0,0,0,0,0.62,0,0,0,0,0,0,0,2017-03-14
0,0,0,0,0.62,0,0,0,0,0,0,0,2017-03-15
0,0,0,0,0.62,0,0,0,0,0,0,0,2017-03-16
0,0,0,0,0.62,0,0,0,0,0,0,0,2017-03-17
0,0,0,0,0.62,0,0,0,0,0,0,0,2017-03-18
0,0,0,0,0.62,0,0,0,0,0,0,0,2017-03-19
0,0,0,0,0.62,0,0,0,0,0,0,0,2017-03-20
0,0,0,0,0.62,0,0,0,0,0,0,0,2017-03-21
0,0,0,0,0.62,0,0,0,0,0,0,0,2017-03-22
0,0,0,0,0.62,0,0,0,0,0,0,0,2017-03-23
0.02,0,0,0,0.62,0,0,0,0,0,0,0,2017-03-24
0.02,0,0,0,0.62,0,0,0,0,0,0,0,2017-03-25
0,0,0,0,0.62,0,0,0,0,0,0,0,2017-03-26
0,0,0.48,0,0.62,0,0,0.67,0,0,0,0.53,2017-03-27
0,0,0.48,0,0.62,0,0,0.67,0,0,0,0.53,2017-03-28
0.41,0.4,0.65,0.51,0.62,0.84,0.55,0.5,0.92,0.48,0.52,0.54,2017-03-29
0.41,0.4,0.65,0.51,0.62,0.84,0.55,0.5,0.92,0.48,0.48,0.54,2017-03-30
0,0,0,0,0.62,0,0,0,0,0,0,0,2017-03-31
0,0,0,0,0.62,0,0,0,0,0,0,0,2017-04-01
0.29,0.52,0.42,0.33,0.62,0.68,0.56,0.46,1.02,0.51,0.51,1.19,2017-04-02
0.29,0.52,0.42,0.33,0.62,0.68,0.56,0.46,1.02,0.51,0.3,1.19,2017-04-03
0,0,0,0,0.62,0,0,0,0,0,0,0,2017-04-04
0,0,0,0,0.62,0,0,0,0,0,0,0,2017-04-05
0,0,0,0,0.62,0,0,0,0,0,0,0,2017-04-06
0,0,0,0,0.62,0,0,0,0,0,0,0,2017-04-07
0,0,0,0,0.62,0,0,0,0,0,0,0,2017-04-08
0,0,0,0,0.62,0,0,0,0,0,0,0,2017-04-09
0,0,0,0,0.62,0,0.03,0,0.01,0,0,0,2017-04-10
0.74,0.82,0.09,0.14,0.62,1.05,0.86,0.12,0.8,0.46,1.16,0.69,2017-04-11
0,0,0.09,0.14,0.62,1.05,0.86,0.12,0.8,0.46,1.16,0.69,2017-04-12
0,0,0,0.12,0.62,0.01,0,0,0,0,0,0,2017-04-13
0,0,0,0.12,0.62,0.01,0,0,0,0,0,0.07,2017-04-14
0,0,0,0.03,0.62,0,0,0,0,0,0,0.07,2017-04-15
0,0,0,0.01,0.62,0,0,0,0,0,0,0,2017-04-16
0.48,0.02,0.02,0.09,0.62,0.07,0.17,0.19,0.85,0.22,0.09,0.36,2017-04-17
0,0,0.02,0,0.62,0,0.17,0.19,0.85,0.22,0.09,0.36,2017-04-18
0,0,0,0,0.62,0,0,0,0,0,0,0,2017-04-19
0,0,0,0,0.62,0,0,0,0,0,0,0,2017-04-20
0,0,0,0,0.62,0,0,0,0,0,0,0,2017-04-21
0,0,0,0,0.62,0,0,0,0,0,0,0,2017-04-22
0,0,0,0,0.62,0,0,0,0,0,0,0,2017-04-23
0,0,0,0,0.62,0,0,0,0,0,0,0,2017-04-24
0,0,0,0,0.62,0,0,0,0,0,0,0,2017-04-25
0,0,0,0,0.62,0,0,0,0,0,0,0,2017-04-26
0,0,0,0,0.62,0,0,0,0,0,0,0,2017-04-27
0,0,0,0,0.62,0,0,0,0,0,0,0,2017-04-28
0,0,0,0,0.62,0,0,0,0,0,0,0,2017-04-29
0,0.06,0.16,0.02,0.62,0.03,0.16,0.12,0.12,0.14,0.14,0.04,2017-04-30
0,0.06,0.16,0.02,0.02,0.03,0.16,0.12,0.12,0.14,0.08,0.04,2017-05-01
0,0,0,0,0.02,0,0,0,0,0,0.01,0,2017-05-02
0,0,0,0,0.02,0,0,0,0,0,0,0,2017-05-03
0,0,0,0,0.02,0,0,0,0,0,0,0,2017-05-04
0,0,0,0,0.02,0,0,0,0,0,0,0,2017-05-05
