max(BA061_AccDaily),max(BA062_AccDaily),max(BA073_AccDaily),max(ED063_AccDaily),max(ED064_AccDaily),max(ED065_AccDaily),max(ED066_AccDaily),max(ED075_AccDaily),max(ED076_AccDaily),max(KE068_AccDaily),max(RE070_AccDaily),max(RE071_AccDaily),max(RE072_AccDaily),max(RE074_AccDaily),the_date
0,0,0,0,0,0,0,0,0,0,0,0,0,0,2014-02-12
0,0,0,0,0,0,0,0,1.73,0,0,0,0,0,2014-02-13
0,0,0,0,0,0,0,0,1.73,0,0,0,0,0,2014-02-14
0,0,0,0,0,0,0,0,1.73,0,0,0,0,0,2014-02-15
0,0,0,0,0,0.03,0,0,1.73,0,0,0,0,0,2014-02-16
0,0,0,0,0,0.03,0,0,1.73,0,0,0,0,0,2014-02-17
0,0,0,0,0,0.01,0,0,1.73,0,0,0,0,0,2014-02-18
0,0,0,0,0,0,0,0,1.73,0,0,0,0,0,2014-02-19
0,0,0,0,0,0,0,0,1.73,0,0,0,0,0,2014-02-20
0,0,0,0,0,0,0,0,1.73,0,0,0,0,0,2014-02-21
0,0,0,0,0,0,0,0,1.73,0,0,0,0,0,2014-02-22
0,0,0,0,0,0,0,0,1.73,0,0,0,0,0,2014-02-23
0,0,0,0,0,0,0,0,1.73,0,0,0,0,0,2014-02-24
0,0,0,0,0,0,0,0,1.73,0,0,0,0,0,2014-02-25
0.19,0.21,0.21,0.59,0.3,0.38,0.21,0.19,1.73,0.11,0.39,0.41,0.21,0.17,2014-02-26
0.19,0.21,0.21,0.59,0.3,0.38,0.21,0.19,1.73,0.11,0.39,0.41,0.21,0.17,2014-02-27
0,0.01,0,0,0,0,0,0.02,1.73,0,0,0,0,0,2014-02-28
0,0,0,0,0,0,0,0,1.73,0,0,0,0,0,2014-03-01
0.06,0.05,0,0.02,0,0.02,0.07,0.01,1.73,0.07,0,0,0,0,2014-03-02
0.06,0.05,0,0.02,0,0.02,0.07,0.01,1.73,0.07,0,0.01,0,0,2014-03-03
0.03,0.01,0.05,0,0,0,0,0.1,1.73,0.01,0,0.01,0,0,2014-03-04
0.03,0,0.05,0,0,0,0,0.1,1.73,0.01,0,0,0,0,2014-03-05
0,0,0,0,0,0,0,0,1.73,0,0,0,0,0,2014-03-06
0,0,0,0,0,0,0,0,1.73,0,0,0,0,0,2014-03-07
0,0,0,0,0,0,0,0,1.73,0.01,0,0,0,0,2014-03-08
0,0,0,0,0,0,0,0,1.73,0.01,0,0,0,0,2014-03-09
0.03,0,0,0.08,0,0.03,0,0,1.73,0.03,0,0,0,0,2014-03-10
0.03,0,0,0.08,0,0.03,0,0,1.73,0.03,0,0,0,0,2014-03-11
0,0,0,0,0,0,0,0,1.73,0,0,0,0,0,2014-03-12
0,0,0,0,0,0,0,0,1.73,0,0,0,0,0,2014-03-13
0,0,0,0,0,0,0,0,1.73,0,0,0,0,0,2014-03-14
0,0,0,0,0,0.01,0,0,1.73,0.01,0,0,0,0.01,2014-03-15
0,0,0,0,0,0.01,0,0,1.73,0.01,0,0,0,0.01,2014-03-16
0,0,0,0,0,0,0,0,1.73,0,0,0,0,0.01,2014-03-17
0,0,0,0,0,0,0,0,1.73,0,0,0,0,0,2014-03-18
0,0,0,0,0,0,0,0,1.73,0,0,0,0,0,2014-03-19
0,0,0,0,0,0,0,0,1.73,0,0,0,0,0,2014-03-20
0,0,0,0,0,0,0,0,1.73,0,0,0,0,0,2014-03-21
0,0,0,0,0,0,0,0,1.73,0,0,0,0,0,2014-03-22
0,0,0,0,0.02,0.02,0.01,0,1.73,0,0,0,0,0.01,2014-03-23
0,0,0,0,0.02,0.02,0.01,0,1.73,0,0,0,0,0.01,2014-03-24
0,0,0,0,0,0,0,0,1.73,0,0,0,0,0,2014-03-25
0.03,0,0,0,0,0.01,0,0,1.73,0,0,0,0,0,2014-03-26
0.11,0.18,0.02,0.03,0,0.07,0,0,1.73,0,0,0,0,0,2014-03-27
0.11,0.18,0.02,0.03,0,0.07,0,0,1.73,0.59,0,0,0,0,2014-03-28
0,0.01,0,0,0,0,0,0,1.73,0.59,0,0,0,0,2014-03-29
0,0,0,0,0,0,0,0,1.73,0,0,0,0,0,2014-03-30
0,0,0,0,0,0,0,0,1.73,0,0,0,0,0,2014-03-31
0,0,0,0,0,0,0,0,0,0,0,0,0,0,2014-04-01
0,0,0.01,0,0,0.01,0,0,0,0,0,0,0,0,2014-04-02
0,0,0,0,0,0.01,0,0,0,0,0,0,0,0,2014-04-03
0,0,0,0,0.02,0,0.02,0,0,0,0,0,0,0.17,2014-04-04
0,0,0,0,0.01,0,0.02,0,0,0,0,0,0,0.17,2014-04-05
0,0,0,0,0,0,0,0,0,0.01,0,0,0,0.01,2014-04-06
0,0,0.52,0,0.03,0.02,0,0.05,0,0.01,0,0,0,0,2014-04-07
0,0,0.52,0,0.03,0.02,0,0.05,0,0,0,0,0,0,2014-04-08
0,0,0,0,0,0,0,0.02,0,0,0,0,0,0,2014-04-09
0,0,0,0,0,0,0,0.02,0,0,0,0,0,0,2014-04-10
0,0,0,0,0,0,0,0.02,0,0,0,0,0,0,2014-04-11
0,0,0,0,0,0,0,0.02,0,0,0,0,0,0,2014-04-12
0,0,0,0,0,0,0.01,0,0,0,0,0,0,0,2014-04-13
0.01,0,0.23,0,0,0,0.01,0,0,1.15,0,0,0,0,2014-04-14
0.01,0,0.23,0,0,0,0,0,0,1.15,0,0,0,0,2014-04-15
0,0,0,0,0,0,0,0,0,0,0,0,0,0,2014-04-16
0,0,0,0,0,0,0,0,0,0,0,0,0,0,2014-04-17
0,0,0,0,0,0,0,0,0,0,0,0,0,0,2014-04-18
0,0,0,0,0,0,0,0,0,0,0,0,0,0,2014-04-19
0.05,0,0.04,0.13,0.01,0.18,0.02,0,0,0,0,0,0,0,2014-04-20
0.05,0.01,0.04,0.13,0.01,0.18,0.02,0,0,0,0,0,0,0,2014-04-21
0.05,0.01,0.23,0,0.03,0.04,0,0.24,0,0.09,0,0,0.14,0.06,2014-04-22
0,0.02,0.23,0,0.03,0,0,0.24,0,0.09,0,0,0.14,0.06,2014-04-23
0,0.02,0,0,0,0,0,0,0,0,0,0,0,0.03,2014-04-24
0,0,0,0,0,0,0,0,0,0,0,0,0,0,2014-04-25
0,0,0,0,0,0,0,0,0,0,0,0,0,0,2014-04-26
0,0,0,0,0,0,0,0,0,0,0,0,0,0,2014-04-27
0,0,0,0,0,0,0,0,0,0,0.05,0,0,0,2014-04-28
0.55,0,0,0,0,0,0,0,0,0,0.3,0.26,0,0,2014-04-29
0.55,0,0,0,0,0,0,0,0,0,0.3,0.26,0,0,2014-04-30
0,0,0,0,0,0,0,0,0,0,0,0,0,0,2014-05-01
0,0,0,0,0,0,0,0,0,0,0,0,0,0,2014-05-02
0,0,0,0,0,0,0,0,0,0,0,0,0,0,2014-05-03
0,0,0,0,0,0,0,0,0,0,0,0,0,0,2014-05-04
0,0,0,0,0,0,0,0,0,0,0,0,0,0,2014-05-05
0,0,0,0,0,0,0,0,0,0,0,0,0,0,2014-05-06
0,0,0,0,0,0,0,0,0,0,0,0,0,0,2014-05-07
0,0,0,0,0.09,0.07,0,0,0,0,0,0,0,0.06,2014-05-08
1.17,0.62,0.93,0.96,0.09,0.14,0.57,0,0,0.17,1.27,0,0.39,0.06,2014-05-09
1.17,0.62,0.93,0.96,0,0.14,0.57,0,0,0.17,1.27,0,0.39,0.01,2014-05-10
0,0,0,0,0,0,0,0,0,0,0,0,0,0.01,2014-05-11
0,0.04,0,0,0.01,0.01,0,0,0,0,0,0,0.01,0,2014-05-12
0.97,1.5,0.23,0.19,0.32,0.03,0,0.02,0.01,2.78,0.51,0,0.21,0.45,2014-05-13
0.97,1.5,0.23,0.19,0.32,0.03,0.02,0,0.01,2.78,0.51,0,0.21,0.45,2014-05-14
0,0,0,0.19,0,0,0,0,0.01,0,0,0,0,0,2014-05-15
0,0,0,0.19,0.25,0,0,0.3,0.01,0,0.52,0,0,0.61,2014-05-16
0,0,0,0.19,0.25,0,0,0.3,0.01,0,0.52,0,0,0.61,2014-05-17
0,0,0,0,0.07,0,0,0,0.01,0,0,0,0,0,2014-05-18
0,0,0,0,0,0,0,0,0.01,0,0,0,0,0,2014-05-19
0,0,0,0,0,0,0,0,0.01,0,0,0,0,0,2014-05-20
0,0,0,0,0,0,0,0,0.01,0,0,0,0,0,2014-05-21
0.02,0,0,0,0,0.04,0,0,0.01,0,0,0,0,0,2014-05-22
0.09,0.03,0.03,0.08,0,0.04,0,0,0.01,0.03,0.01,0,0.02,0,2014-05-23
0.09,0.08,0.03,0.08,0,0.08,0,0,0.01,0.13,0.01,0,0.02,0,2014-05-24
0.98,1.16,0.74,0.55,0.94,0.42,0.22,0.23,0.01,1,2.05,0,0.95,0.97,2014-05-25
2.36,3.48,0.74,1.33,1.26,0.96,0.76,0.23,0.01,1,2.33,0,1.7,1.21,2014-05-26
2.36,3.48,0.7,1.05,1.26,0.96,0.76,0,0.01,1,2.33,0,1.7,1.21,2014-05-27
0.05,0.06,0.02,0.01,0,0.02,0,0,0.01,0.9,0.01,0,0,0.03,2014-05-28
0,0,0,0,0,0,0,0,0.01,0,0,0,0,0,2014-05-29
0,0,0,0,0,0,0.55,0.03,0.01,0,0,0.3,0,0,2014-05-30
0,0,0,0,0,0,0.55,0.03,0.01,0,0,0.3,0,0,2014-05-31
0,0,0,0,0,0,0,0.01,0.01,0,0,0,0,0,2014-06-01
0,0,0,0,0,0,0,0,0.01,0,0,0,0,0,2014-06-02
0,0,0,0,0,0,0,0,0.01,0,0,0,0,0,2014-06-03
0,0,0,0,0,0,0,0,0.01,0,0,0,0,0,2014-06-04
0,0,0,0,0,0,0,0,0.01,0,0,0,0,0,2014-06-05
0,0,0,0,0,0,0,0,0.01,0,0,0,0,0,2014-06-06
0,0,0,0,0,0,0,0,0.01,0,0,0,0,0,2014-06-07
0,0.05,0,0,0.09,0,0,0,0.01,0,0.01,0,0,0.03,2014-06-08
0.12,0.23,0.23,0,0.11,0.02,0.03,0.12,0.01,0.47,0.07,0.15,0.08,0.23,2014-06-09
0.12,0.23,0.23,0,0.11,0.02,0.03,0.12,0.01,0.47,0.07,0.15,0.08,0.23,2014-06-10
0,0,0,0,0,0,0,0.04,0.01,0,0,0,0,0,2014-06-11
0,0,0.02,0,0,0,0,0.03,0.01,0,0,0,0,0,2014-06-12
0.01,0.07,0.18,0.42,0.01,1.11,0.07,0.23,0.01,0.03,2.07,0.79,0.76,0.12,2014-06-13
0.5,0.39,0.18,0.42,0.26,1.11,0.18,0.23,0.01,0.03,2.07,0.79,0.76,0.16,2014-06-14
0.5,0.39,0,0.13,0.26,0.14,0.18,0.16,0.01,0.01,0.21,0.1,0.34,0.16,2014-06-15
0,0,0,0,0,0,0,0.16,0.01,0,0,0,0,0,2014-06-16
0,0,0.01,0,0,0.01,0,0.03,0.01,0,0,0.06,0,0,2014-06-17
0,0,0.01,0,0,0.01,0,0.03,0.01,0,0,0.06,0,0,2014-06-18
0.63,0,0.9,0,0,0.02,0,0.02,0.01,0.01,0,0,0,0,2014-06-19
0.63,0.03,0.9,0.37,0.6,0.66,0.81,0.23,0.01,0.01,0.38,0.2,0.37,0.39,2014-06-20
0,0.03,0.3,0.37,0.7,0.66,0.81,0.23,0.01,0,0.63,0.36,0.46,0.39,2014-06-21
0,0.02,0,0.27,0.7,0.61,0.71,0,0.01,0,0.63,0.36,0.46,0.27,2014-06-22
0.03,0.03,0,0,0,0,0,0,0.01,0,0,0,0,0,2014-06-23
0.03,0.03,0,0,0.08,0,0.38,0,0.01,0,0.01,0,0.01,0.34,2014-06-24
0,0.3,0,0.09,0.08,0.01,0.38,0,0.01,0,0.01,0,0.01,0.34,2014-06-25
0,0.29,0.06,0.03,0.01,0.52,0,0,0.01,0,1.37,0.43,0.18,0.17,2014-06-26
0,0.29,0.06,0.03,0.01,0.52,0,0,0.01,0,1.37,0.43,0.18,0.17,2014-06-27
0,0,0.01,0,0,0,0,0.03,0.01,0,0,0,0,0,2014-06-28
0,0,0.01,0,0,0,0,0.03,0.01,0,0,0,0,0,2014-06-29
0,0,0,0,0,0,0,0.02,0.01,0,0,0,0,0,2014-06-30
0,0,0,0,0,0,0,0.02,0.01,0,0,0,0,0,2014-07-01
0,0,0,0.57,0,0.57,0,0.01,0.01,0,0,0,0.54,0,2014-07-02
0,0,0,0.57,0,0.57,0,0.01,0.01,0,0,0,0.54,0,2014-07-03
0,0,0,0,0,0,0,0,0.01,0,0,0,0,0,2014-07-04
0,0,0,0,0,0,0,0,0.01,0,0,0,0,0,2014-07-05
0,0.04,0,0,0,0,0,0,0.01,0,0,0,0,0,2014-07-06
0,0.04,0,0,0,0,0,0,0.01,0,0,0,0,0,2014-07-07
0,0.01,0,0,0,0,0,0,0.01,0,0,0,0,0,2014-07-08
0,0,0,0,0,0,0,0,0.01,0,0,0.12,0.26,0,2014-07-09
0,0,0,0,0,0,0,0,0.01,0,0,0.12,0.26,0,2014-07-10
0.08,0.01,0,0.83,0.22,0.46,0.19,0.2,0.01,0,0.3,0.16,0.57,0.05,2014-07-11
0.08,0.01,0,0.83,0.22,0.46,0.19,0.2,0.01,0,0.3,0.16,0.57,0.05,2014-07-12
0,0.01,0,0,0,0,0,0.04,0.01,0,0,0,0,0,2014-07-13
0,0,0,0,0,0,0,0,0.01,0,0,0,0,0,2014-07-14
0.01,0.39,1,0.91,0,0.28,0.16,0.02,0.01,0.52,0,0.16,0.3,0.04,2014-07-15
0.01,0.39,1,0.91,0,0.28,0.16,0.02,0.01,0.52,0,0.16,0.3,0.04,2014-07-16
0.11,0.08,0.14,0.2,0.18,0.28,0.3,0.19,0.01,0,0.16,0.16,0.11,0.15,2014-07-17
0.11,0.08,0.14,0.2,0.18,0.28,1.21,0.19,0.01,0.16,0.17,0.26,0.11,0.15,2014-07-18
0,0,0.06,0,0.02,0.02,1.21,0.1,0.01,0.16,0.03,0.26,0,0.02,2014-07-19
0,0,0,0,0,0,0,0,0.01,0,0,0,0,0,2014-07-20
0,0,0,0,0,0,0,0,0.01,0,0,0,0,0,2014-07-21
0,0,0,0,0,0,0,0,0.01,0,0,0,0,0,2014-07-22
0,0,0,0,0,0,0,0,0.01,0,0,0,0,0,2014-07-23
0.21,0,0,0.02,0.02,0.07,0,0,0.01,0,0,0,0.05,0.14,2014-07-24
0.21,0,0,0.02,0.02,0.27,0.26,0,0,0,0,0,0.27,0.14,2014-07-25
0,0,0,0,0,0.27,0.26,0,0,0,0,0,0.27,0,2014-07-26
0,0,0,0,0,0,0,0,0,0,0,0,0,0,2014-07-27
0,0,0,0,0,0,0,0,0,0,0,0,0,0,2014-07-28
0,0,0,0,0,0,0,0,0,0,0,0,0,0,2014-07-29
0,0,0,0,0,0,0,0,0,0,0,0,0,0,2014-07-30
0,0,0,0.6,0,0,0,0,0,0,0,0,0,0,2014-07-31
0,0,0,0.6,0,0,0.03,0,0,0,0,0,0,0,2014-08-01
0,0,0,0,0,0,0.19,0,0,0,0,0,0,0,2014-08-02
0,0,0,0,0,0,0.19,0,0,0,0,0,0,0,2014-08-03
0,0,0,0,0,0,0,0,0,0,0,0,0,0,2014-08-04
0,0,0,0,0,0,0,0,0,0,0,0,0,0,2014-08-05
0,0,0,0,0,0,0,0,0,0,0,0,0,0,2014-08-06
0,0,0,0,0,0,0,0,0,0,0,0,0,0,2014-08-07
0,0,0,0,0,0,0,0,0,0,0,0,0,0,2014-08-08
0,0,0,0,0,0,0,0,0,0,0,0,0,0,2014-08-09
0,0,0,0,0,0,0,0,0,0,0,0,0,0,2014-08-10
0,0,0.04,0,0,0.04,0,0,0,0.05,0,0,0.06,0.08,2014-08-11
0.52,0.33,0.36,0,0.23,0.99,0.19,0.23,0,0.05,0.37,0.05,0.87,0.18,2014-08-12
0.52,0.33,0.36,0,0.23,0.99,0.19,0.23,0,0,0.37,0.05,0.87,0.18,2014-08-13
0,0,0,0,0,0,0.02,0.01,0,0,0.02,0.03,0,0,2014-08-14
0,0,0,0.51,0.25,0,0,0.01,0,0,0,0,0,0,2014-08-15
0,0,0,0.51,0.25,0,0,0,0,0,0,0,0,0,2014-08-16
0,0,0,0,0.6,0.33,0.4,0.23,0,0,0,0,0.06,0,2014-08-17
0,0,0,0,0.62,0.33,0.4,0.23,0,0,0.02,0,0.06,0.89,2014-08-18
2.17,1.5,2.1,1.26,1.99,1.08,0.31,0.23,0,1.86,1.26,0.87,1.29,1.31,2014-08-19
2.17,1.5,2.1,1.26,1.99,1.08,0.31,0.23,0,1.86,1.26,0.87,1.29,1.31,2014-08-20
0,0,0.55,0,0,0,0,0.31,0,0,0.01,0,0,0,2014-08-21
0,0,0,0,0,0,0,0.31,0,0.63,0.01,0,0,0,2014-08-22
0,0,0,0,0,0,0,0.01,0,0.63,0,0,0,0,2014-08-23
0,0,0,0,0,0,0,0,0,0.02,0,0,0,0,2014-08-24
0,0,0,0,0,0,0,0,0,0,0,0,0,0,2014-08-25
0,0,0,0,0,0,0,0,0,0,0,0,0,0,2014-08-26
0,0,0,0,0,0,0,0,0,0,0,0,0,0,2014-08-27
0,0,0,0,0,0,0,0,0,0,0,0,0,0,2014-08-28
0,0,0,0,0,0,0,0,0,0,0,0,0,0,2014-08-29
0,0,0,0,0.08,0.3,0,0,0,0,0,0.75,0,0,2014-08-30
0,0,0.01,0,0.08,0.3,0,0,0,0,0,0.75,0,0,2014-08-31
0,0,0.01,0,0,0,0,0,0,0,0,0.33,0,0,2014-09-01
0,0,0,0,0,0,0,0,0,0,0,0,0,0,2014-09-02
0.02,0.16,0.08,0.11,0,0,0,0,0,0.01,0,0,0.01,0,2014-09-03
0,0,0,0.54,0,0.11,0,0,0,0.02,0,0,0,0,2014-09-05
0,0,0,0.55,0,0.11,0,0,0,0.02,0,0,0,0,2014-09-06
1.52,0.79,0.02,1.11,0.05,0.69,0,0.07,0,0.16,0.45,0.21,1.4,0.17,2014-09-07
1.52,0.79,0.02,1.11,0.05,0.69,0,0.07,0,1.14,0.45,0.21,1.4,0.17,2014-09-08
0,0,0,0,0,0,0,0.04,0,1.14,0,0,0,0,2014-09-09
0,0,0,0,0,0,0,0.04,0,0,0,0,0,0,2014-09-10
0,0,0,0,0,0,0,0.02,0,0,0,0,0,0,2014-09-11
0.16,0,0,0.07,0,0,0,0.01,0,0,0.09,0.03,0.09,0,2014-09-12
0.69,0.41,0.25,0.22,0,0.04,0.02,0.03,0,0.28,0.16,0.12,0.09,0.05,2014-09-13
0.69,0.41,0.25,0.22,0,0.04,0.02,0.03,0,0.28,0.16,0.12,0.06,0.05,2014-09-14
0,0,0,0,0,0,0,0,0,0,0,0,0,0,2014-09-15
0,0,0,0,0,0,0.06,0,0,0,0,0,0,0,2014-09-16
0,0,0,0,0,0,0.06,0.19,0,0,0,0,0,0,2014-09-17
0,0,0,0,0,0,0,0.19,0,0,0,0,0,0,2014-09-18
0,0,0,0,0,0,0.05,0.02,0,0.55,0,0,0,0,2014-09-19
0.16,0,0,0,0,0.31,0.32,0.23,0,0.55,0,0,0.04,0.04,2014-09-20
0.16,0,0,0,0.3,0.42,0.21,0.23,0,0,0,0,0.06,0.04,2014-09-21
0,0,0,0,0.3,0.42,0,0.19,0,0,0,0,0.06,0,2014-09-22
0,0,0,0,0.01,0,0.17,0.19,0,0,1.88,1.19,0.13,0.25,2014-09-23
0,0,0,0,0.01,0,0.17,0,0,0,1.88,1.19,0.13,0.25,2014-09-24
0,0,0,0,0,0,0,0.03,0,0,0,0,0,0,2014-09-25
0.19,0,0.03,0.21,0.15,0.17,0.47,0.04,0,0,0.61,0.65,0.34,0.23,2014-09-26
0.18,0.25,0.69,0.43,0.62,0.22,0.47,0.23,0,0.66,0.61,0.65,0.34,0.33,2014-09-27
0.18,0.25,0.69,0.43,0.62,0.22,0.39,0.23,0,0.66,0.6,0.45,0.12,0.33,2014-09-28
0,0,0,0,0,0,0,0,0,0,0,0,0,0,2014-09-29
0,0,0,0,0,0,0,0.03,0,0,0,0,0,0,2014-09-30
0,0,0,0,0,0,0,0.03,0,0,0,0,0,0,2014-10-01
0,0,0,0,0,0,0,0,0,0,0,0,0,0,2014-10-02
0,0,0,0,0,0,0,0,0,0,0,0,0,0,2014-10-03
0,0,0,0,0,0,0,0,0,0,0,0,0,0,2014-10-04
0,0,0,0,0,0,0,0,0,0,0,0,0,0,2014-10-05
0,0,0,0,0,0,0,0,0,0,0,0,0,0,2014-10-06
0,0,0,0,0,0,0,0,0,0,0,0,0,0,2014-10-07
0,0,0,0,0,0,0,0,0,0,0,0,0,0,2014-10-08
0,0,0,0,0,0,0,0,0,0,0,0,0,0,2014-10-09
0,0,0,0,0,0,0,0,0,0,0,0,0,0,2014-10-10
0.17,0.47,0.53,0.95,0.16,0.38,0.25,0.24,0,0.48,0.32,0.4,0.64,1.23,2014-10-11
0.17,0.47,0.53,0.95,0.16,0.38,0.25,0.24,0,0.48,0.32,0.4,0.64,1.23,2014-10-12
0,0,0,0,0.05,0,0,0.04,0,0.01,0,0,0,0,2014-10-13
0,0,0,0,0,0,0,0,0,0,0,0,0,0,2014-10-14
0,0,0,0,0,0,0,0,0,0,0,0,0,0,2014-10-15
0,0,0,0,0,0,0,0,0,0,0,0,0,0,2014-10-16
0,0,0,0,0,0,0,0,0,0,0,0,0,0,2014-10-17
0,0,0,0,0,0,0,0,0,0,0,0,0,0,2014-10-18
0,0,0,0,0,0,0,0,0,0,0,0,0,0,2014-10-19
0,0,0,0,0,0,0,0,0,0,0,0,0,0,2014-10-20
0,0,0,0,0,0,0,0,0,0,0,0,0,0,2014-10-21
0,0,0,0,0.04,0,0.09,0.02,0,0,0,0,0.01,0,2014-10-22
0.05,0.01,0.05,0.01,0.2,0.07,0.18,0.21,0,0.06,0.07,0.04,0.05,0.19,2014-10-23
0.05,0.01,0.05,0.01,0.2,0.07,0.18,0.21,0,0.06,0.07,0.04,0.05,0.19,2014-10-24
0,0,0,0,0,0,0,0,0,0,0.05,0,0,0,2014-10-25
0,0,0,0,0,0,0,0,0,0,0,0,0,0,2014-10-26
0,0,0,0,0,0,0,0,0,0,0,0,0,0,2014-10-27
0,0,0,0,0,0,0,0,0,0,0,0,0,0,2014-10-28
0,0,0,0,0,0,0,0,0,0,0,0,0,0,2014-10-29
0,0,0,0,0,0,0,0,0,0,0,0,0.08,0,2014-10-30
0.21,0.05,0.38,0,0,0,0,0,0,0.69,0.03,0.04,0.08,0.13,2014-10-31
0.21,0.05,0.38,0,0,0,0,0,0,0.69,0.03,0.04,0.01,0.13,2014-11-01
0,0,0,0,0,0,0,0,0,0,0,0,0,0,2014-11-02
0,0,0,0,0,0,0,0,0,0,0,0,0,0,2014-11-03
0.01,0.05,0.03,0.02,0.1,0.08,0.13,0.13,0,0,0.02,0.05,0.03,0.12,2014-11-04
1.73,1.56,0.69,1.98,1.7,1.83,0.73,0.15,0,0.01,0.22,1.34,1.85,1.25,2014-11-05
1.73,1.56,0.69,1.98,1.7,1.83,0.85,0.19,0,0.19,0,1.34,1.85,1.25,2014-11-06
0,0.01,0.03,0.02,0,0,0.06,0.19,0,0.19,0,0.01,0,0,2014-11-07
0,0,0,0,0,0,0,0.03,0,0,0.07,0,0,0,2014-11-08
0,0,0,0,0,0,0,0.03,0,0,0.07,0,0,0,2014-11-09
0,0,0,0,0,0,0,0,0,0,0,0,0,0,2014-11-10
0,0,0,0,0,0,0,0,0,0,0,0,0,0,2014-11-11
0,0,0,0,0,0,0,0,0,0,0,0,0,0,2014-11-12
0,0,0,0,0,0,0,0,0,0,0,0,0,0,2014-11-13
0,0,0,0,0,0,0,0,0,0,0,0,0,0,2014-11-14
0,0,0,0,0,0,0,0,0,0,0,0,0,0,2014-11-15
0,0,0,0,0,0,0,0,0,0,0,0,0,0,2014-11-16
0,0,0,0,0,0,0,0,0,0,0,0,0,0,2014-11-17
0,0,0,0,0,0,0,0,0,0,0,0,0,0,2014-11-18
0,0,0,0,0,0,0,0,0,0,0,0,0,0,2014-11-19
0,0,0,0,0,0,0,0,0,0,0,0,0,0,2014-11-20
0,0,0,0,0,0,0,0,0,0,0,0,0,0,2014-11-21
0.3,0.71,0.05,0,0.05,0.14,0.06,0.04,0,0.45,0.12,0.11,0.09,0.03,2014-11-22
0.3,0.71,0.05,0.04,0.05,0.14,0.06,0.04,0,0.45,0.12,0.11,0.09,0.03,2014-11-23
0,0.07,0,0.04,0,0,0,0,0,0.09,0.04,0.02,0.01,0,2014-11-24
0,0,0,0,0,0,0,0,0,0,0,0,0,0,2014-11-25
0,0,0,0,0,0,0,0,0,0,0,0,0,0,2014-11-26
0,0,0,0,0,0,0,0,0,0,0,0,0,0,2014-11-27
0,0,0,0,0,0,0,0,0,0,0,0,0,0,2014-11-28
0,0,0,0,0,0,0,0,0,0,0,0,0,0,2014-11-29
0,0,0,0,0,0,0,0,0,0,0,0,0,0,2014-11-30
0,0,0,0,0,0,0,0,0,0,0,0,0,0,2014-12-01
0,0,0,0,0,0,0,0,0,0,0,0,0,0,2014-12-02
0,0,0,0,0,0.01,0,0,0,0,0,0,0,0,2014-12-03
0.01,0,0,0,0,0.04,0,0,0,0,0,0,0,0,2014-12-04
0.01,0,0,0,0,0.04,0,0,0,0,0,0,0,0,2014-12-05
0,0,0,0,0,0,0,0,0,0,0,0,0,0,2014-12-06
0,0,0,0,0,0,0,0,0,0,0,0,0,0,2014-12-07
0,0,0,0,0,0,0,0,0,0,0,0,0,0,2014-12-08
0,0,0,0,0,0,0,0,0,0,0,0,0,0,2014-12-09
0,0,0,0,0.01,0,0.02,0.01,0,0,0,0,0,0,2014-12-10
0.05,0.07,0.06,0.11,0.03,0.15,0.07,0.01,0,0,0.05,0,0.03,0.03,2014-12-11
0.05,0.07,0.06,0.11,0.03,0.15,0.07,0.01,0,0,0.05,0,0.03,0.03,2014-12-12
0,0,0,0,0,0,0,0,0,0,0,0,0,0,2014-12-13
0,0.01,0,0,0,0.05,0,0,0,0,0.05,0.01,0,0,2014-12-14
0,0.01,0,0,0,0.05,0,0,0,0,0.01,0.01,0,0,2014-12-15
0,0,0,0,0,0,0,0,0,0,0.01,0,0,0,2014-12-16
0.01,0.03,0.02,0.02,0,0.01,0,0,0,0,0.02,0.05,0.01,0.01,2014-12-17
0.01,0.03,0.02,0.02,0,0.01,0,0,0,0.01,0.04,0.05,0.01,0.01,2014-12-18
0.01,0.01,0.01,0.02,0,0.01,0.16,0.01,0,0.01,0.04,0.02,0,0,2014-12-19
0,0,0,0.02,0,0.01,0.16,0.01,0,0.01,0.03,0,0,0,2014-12-20
0,0,0,0,0,0,0,0,0,0,0,0,0,0,2014-12-21
0,0,0,0,0,0.01,0,0,0,0,0,0,0,0,2014-12-22
0,0,0.11,0,0.08,0.01,0,0.11,0,0,0.03,0.02,0,0.13,2014-12-23
0,0,0.11,0,0.08,0.01,0,0.11,0,0,0.03,0.02,0,0.13,2014-12-24
0,0,0,0,0,0,0,0,0,0,0,0,0,0,2014-12-25
0,0,0,0,0,0,0,0,0,0,0,0,0,0,2014-12-26
0,0,0,0,0,0,0,0,0,0,0,0,0,0,2014-12-27
0.06,0.02,0.01,0.2,0.02,0.06,0.02,0.02,0,0.09,0.15,0.15,0.13,0.07,2014-12-28
0.06,0.02,0.01,0.2,0.02,0.06,0.02,0.02,0,0.09,0.15,0.15,0.13,0.07,2014-12-29
0.54,0.55,0,0.03,0,0.64,0.61,0.61,0,0,0,0.02,0.56,0.54,2014-12-30
0.54,0.55,0.01,0.03,0.01,0.64,0.61,0.61,0,0,0.01,0.03,0.56,0.54,2014-12-31
0.15,0.03,0.08,0.05,0.09,0.07,0.04,0.11,0,0.47,0.03,0.04,0.03,0.09,2015-01-01
0.15,0.03,0.08,0.05,0.09,0.07,0.04,0.11,0,0.47,0.03,0.04,0.03,0.09,2015-01-02
0,0,0,0,0,0,0,0,0,0.01,0.03,0,0,0.03,2015-01-03
0,0,0,0,0,0,0,0,0,0.01,0.03,0,0,0.03,2015-01-04
0,0,0,0,0,0,0,0,0,0.01,0.03,0,0,0.03,2015-01-05
0,0,0,0,0,0,0,0,0,0.01,0.03,0,0,0.03,2015-01-06
0,0,0,0,0,0,0,0,0,0,0,0,0,0,2015-01-07
0,0,0,0,0,0,0,0,0,0,0,0,0,0,2015-01-08
0,0,0,0,0,0,0,0,0,0,0,0,0,0,2015-01-09
0.46,0.04,0.23,0.38,0.07,0.06,0.13,0.11,0,0.14,0.09,0.08,0.21,0.13,2015-01-10
0.46,0.2,0.23,0.39,0.07,0.06,0.13,0.11,0,0.14,0.09,2.71,0.21,0.13,2015-01-11
0.08,0.2,0.18,0.08,0,0,0,0,0,0.05,0,2.71,0.12,0,2015-01-12
0,0,0,0,0,0,0,0,0,0,0,0,0,0,2015-01-13
0,0,0,0,0,0,0,0,0,0,0,0,0,0,2015-01-14
0,0,0,0,0,0,0,0,0,0,0,0,0,0,2015-01-15
0,0,0,0,0,0,0,0,0,0,0,0,0,0,2015-01-16
0,0,0,0,0,0,0,0,0,0,0,0,0,0,2015-01-17
0,0,0,0,0,0,0,0,0,0,0,0,0,0,2015-01-18
0,0,0,0,0,0,0,0,0,0,0,0,0,0,2015-01-19
0,0,0,0,0,0,0,0,0,0,0,0,0,0,2015-01-20
0,0,0.02,0,0,0.01,0,0,0,0,0,0,0,0,2015-01-21
1.07,0.54,0.46,0.41,0.11,0.25,0.1,0.1,0,0.47,0.44,0,0.39,0.31,2015-01-22
1.07,0.54,0.46,0.41,0.23,0.25,0.14,0.23,0,0.47,0.44,0,0.39,0.31,2015-01-23
0.2,0.27,0.19,0.19,0.23,0.11,0.14,0.23,0,0.13,0.19,0,0.23,0.23,2015-01-24
0,0,0,0,0,0,0,0,0,0,0,0,0,0,2015-01-25
0,0,0,0,0,0,0,0,0,0,0,0,0,0,2015-01-26
0,0,0,0,0,0,0,0,0,0,0,0,0,0,2015-01-27
0,0,0,0,0,0,0,0,0,0,0,0,0,0,2015-01-28
0,0,0,0,0,0,0,0,0,0,0,0,0,0,2015-01-29
0,0,0,0,0,0,0,0,0,0,0,0,0,0,2015-01-30
0.63,0.55,0.46,0.35,0.17,0.5,0.33,0.15,0,0.18,0.17,0,0.22,0.11,2015-01-31
0.63,0.55,0.46,0.35,0.17,0.5,0.33,0.15,0,0.18,0.17,0,0.22,0.11,2015-02-01
0.02,0.02,0.02,0.01,0,0,0,0,0,0.01,0.02,0,0,0,2015-02-02
0.15,0.06,0.13,0.09,0,0,0,0,0,0,0.03,0,0.02,0,2015-02-03
0.15,0.06,0.13,0.09,0,0.01,0,0,0,0,0.03,0,0.02,0.01,2015-02-04
0.03,0.02,0,0.02,0,0.01,0,0,0,0,0.01,0,0.01,0.01,2015-02-05
0,0,0,0,0,0,0,0,0,0,0,0,0,0,2015-02-06
0,0,0,0,0,0,0,0,0,0,0,0,0,0,2015-02-07
0,0,0,0,0,0,0,0,0,0,0,0,0,0,2015-02-08
0,0,0,0,0,0,0,0,0,0,0,0,0,0,2015-02-09
0,0,0,0,0,0,0,0,0,0,0,0,0,0,2015-02-10
0,0,0,0,0,0,0,0,0,0,0,0,0,0,2015-02-11
0,0,0,0,0,0,0,0,0,0,0,0,0,0,2015-02-12
0,0,0,0,0,0,0,0,0,0,0,0.54,0,0,2015-02-13
0,0,0,0,0,0,0,0,0,0,0,0.54,0,0,2015-02-14
0,0,0,0,0,0,0,0,0,0,0,0,0,0,2015-02-15
0,0,0,0,0,0,0,0,0,0,0,0,0,0,2015-02-16
0.01,0,0,0,0,0,0,0,0,0,0,0,0,0,2015-02-17
0.01,0,0,0,0,0,0,0,0,0,0,0,0,0,2015-02-18
0,0,0,0,0,0,0,0,0,0,0,0,0,0,2015-02-19
0,0,0,0,0,0,0,0,0,0,0,0,0,0,2015-02-20
0,0,0,0,0,0,0,0,0,0,0,0,0,0,2015-02-21
0.02,0,0,0,0,0,0,0,0,0,0,0,0,0,2015-02-22
0.02,0.01,0,0,0,0,0,0,0,0.01,0,0,0,0,2015-02-23
0.01,0.01,0,0,0.04,0,0,0,0,0.03,0,0,0,0,2015-02-24
0,0,0,0,0.04,0,0,0,0,0.03,0,0,0,0,2015-02-25
0,0,0,0,0.04,0,0,0,0,0,0,0,0,0,2015-02-26
0.02,0,0,0,0,0,0,0,0,0,0,0,0,0,2015-02-27
0.12,0.03,0.16,0.1,0.1,0.05,0.05,0.07,0,0.19,0.06,0.04,0.03,0.1,2015-02-28
0.12,0.03,0.16,0.1,0.1,0.05,0.05,0.08,0,0.19,0.06,0.04,0.03,0.1,2015-03-01
0.04,0.02,0.02,0.02,0,0.01,0.02,0.02,0,0.09,0.01,0,0,0.01,2015-03-02
0.07,0.05,0,0.03,0.02,0.01,0.01,0.01,0,0.03,0.05,0.02,0.01,0.01,2015-03-03
0.07,0.05,0,0.03,0.02,0.01,0.01,0.01,0,0.01,0.06,0.02,0.01,0.01,2015-03-04
0.19,0.03,0.29,0.32,0.29,0.22,0.29,1.46,0,0.34,0.23,0.33,0.22,3.14,2015-03-05
0.19,0,0.29,0.32,0.29,0.22,0.29,1.46,0,0.34,0.23,0.33,0.22,3.14,2015-03-06
0,0,0,0,0,0,0,0,0,0,0,0,0,0,2015-03-07
0.03,0.09,0.1,0.07,0.05,0.03,0.04,0.04,0,0.07,0.02,0.01,0.02,0.04,2015-03-08
0.18,0.16,0.2,0.07,0.05,0.04,0.04,0.04,0,0.43,0.05,0.08,0.02,0.04,2015-03-09
0.18,0.16,0.2,0.03,0.02,0.04,0.01,0.01,0,0.43,0.05,0.08,0.02,0.03,2015-03-10
0,0,0,0,0,0,0,0,0,0,0.03,0,0,0.01,2015-03-11
0,0,0,0,0,0,0,0,0,0,0,0,0,0,2015-03-12
0,0,0,0,0,0,0,0,0,0,0,0,0,0,2015-03-13
0,0,0,0,0,0,0,0,0,0,0,0,0,0,2015-03-14
0,0,0,0,0,0,0,0,0,0,0,0,0,0,2015-03-15
0,0,0,0,0,0,0,0,0,0.24,0,0,0,0,2015-03-16
0.12,0.11,0.06,0.06,0.03,0.04,0.05,0.03,0,0.24,0.07,0.06,0.05,0.06,2015-03-17
0.12,0.11,0.06,0.06,0.03,0.04,0.06,0.03,0,0.03,0.07,0.06,0.05,0.06,2015-03-18
0.01,0,0,0,0,0,0.06,0,0,0,0.02,0,0.01,0.01,2015-03-19
0.03,0.15,0,0.17,0.19,0.23,0.32,0.34,0,0,0.05,0.07,0.13,0.08,2015-03-20
0.87,0.81,0,0.96,0.67,1,0.62,0.51,0,0.47,0.75,0.79,0.88,0.61,2015-03-21
0.87,0.81,0,0.96,0.67,1,0.62,0.51,0,0.47,0.75,0.79,0.88,0.61,2015-03-22
0.02,0,0,0.3,0.1,0.23,0.19,0.05,0,0,0.13,0.04,0.18,0.18,2015-03-23
0,0,0,0,0,0,0,0,0,0,0,0,0,0,2015-03-24
0,0,0,0,0,0,0,0,0,0,0,0,0,0,2015-03-25
0,0.07,0.09,0.06,0.01,0,0.05,0,0,0.03,0.07,0.02,0.02,0.03,2015-03-26
0,0.07,0.09,0.06,0.01,0,0.05,0,0,0.03,0.07,0.02,0.02,0.03,2015-03-27
0,0,0,0,0,0,0,0,0,0,0,0,0,0,2015-03-28
0,0,0,0,0,0,0,0,0,0,0,0,0,0,2015-03-29
0,0,0,0,0,0,0,0,0,0,0,0,0,0,2015-03-30
0,0,0,0,0,0,0,0,0,0,0,0,0,0,2015-03-31
0,0.01,0,0,0,0,0,0,0,0,0,0,0,0,2015-04-01
0,0.01,0,0,0,0,0,0,0,0,0,0,0,0,2015-04-02
0,0.01,0,0,0,0,0,0,0,0,0,0,0,0,2015-04-03
0,0,0,0,0.04,0.03,0,0,0,0,0,0,0,0.05,2015-04-04
0,0,0,0,0.04,0.03,0,0,0,0,0,0,0,0.05,2015-04-05
0.03,0.07,0,0,0,0.03,0,0,0,0,0.02,0,0,0,2015-04-06
0.03,0.07,0.54,0,0,0.03,0,0,0,0,0.02,0,0,0,2015-04-07
0,0,0.54,0,0,0.03,0,0,0,0,0,0,0,0,2015-04-08
0,0.01,0,0.06,0.03,0.01,0.03,0.04,0,0,0,0,0,0.01,2015-04-09
0.9,0.01,0.02,0.06,0.03,0.01,0.03,0.04,0,0.43,0,0,0,0.01,2015-04-10
0.9,0,0.02,0,0,0.03,0.02,0,0,0.43,0,0,0,0,2015-04-11
0.46,0.86,0.02,0.6,0.02,0.4,0.02,0.09,0,0,0.04,0.15,0.09,0,2015-04-12
0.46,0.86,0.66,0.6,0.26,0.4,0.19,0.21,0,0.19,0.26,0.34,0.34,0.29,2015-04-13
0.39,0.45,0.66,0.33,0.26,0.28,0.19,0.21,0,0.19,0.26,0.34,0.34,0.29,2015-04-14
0,0,0,0,0,0,0,0,0,0,0,0,0,0,2015-04-15
0.74,0.03,0.22,0.07,0.06,0.01,0,0.15,0,0.39,0,0,0,0,2015-04-16
1.19,1.38,1.16,2.18,1.46,1.34,1.61,0.75,0,0.72,1.78,1.19,1.25,1.83,2015-04-17
1.19,1.38,1.16,2.18,1.46,1.34,1.61,0.75,0,0.72,1.78,1.19,1.25,1.83,2015-04-18
0,0,0,0,0,0,0.05,0.01,0,0.1,0.02,0,0,0,2015-04-19
0,0,0,0,0,0,0,0,0,0,0.01,0,0,0,2015-04-20
0.53,0.49,0,0,0,0,0,0,0,0,0,0,0,0,2015-04-21
0.09,0.49,0,0,0,0.01,0,0,0,0,0,0,0,0,2015-04-22
0.09,0,0,0,0,0.01,0,0,0,0,0,0,0,0,2015-04-23
1.85,0.99,0.87,1.16,0,0.21,0.09,0.11,0,0.55,0.31,0.34,0.4,0.2,2015-04-24
1.85,0.99,0.87,1.16,0,0.21,0.09,0.11,0,0.55,0.31,0.34,0.4,0.2,2015-04-25
0.16,0,0,0.4,0,0,0,0,0,0,0,0,0,0,2015-04-26
0.55,0.28,0.48,0.54,0,0.42,0.13,0.52,0,0.62,0.47,0.34,0.62,0.38,2015-04-27
0.55,0.28,0.48,0.54,0,0.42,0.13,0.52,0,0.62,0.47,0.34,0.62,0.38,2015-04-28
0,0,0,0,0,0,0,0,0,0,0,0,0,0,2015-04-29
0,0,0,0,0,0,0,0,0,0,0,0,0,0,2015-04-30
0,0,0,0,0,0,0,0,0,0,0,0,0,0,2015-05-01
0,0,0,0,0,0,0,0,0,0,0,0,0,0,2015-05-02
0,0,0,0,0,0,0,0,0,0,0,0,0,0,2015-05-03
0,0.44,0,0,0.05,0.01,0,0.02,0,0,0.03,0.05,0,0,2015-05-04
0.22,0.44,0.09,0,0.05,0.14,0.01,0.02,0,0,0.03,0.05,0,0,2015-05-05
0.22,0.1,0.16,0.01,0.04,0.16,0.03,0.07,0,0.03,0.04,0.11,0,0.01,2015-05-06
0.03,0.1,0.16,0.01,0.02,0.16,0.03,0.07,0,0.03,0.04,0.11,0,0.01,2015-05-07
0,0,0.05,0,0,0.03,0,0,0,0.01,0.01,0.03,0,0,2015-05-08
0,0,0,0,0,0.03,0,0,0,0,0,0,0,0,2015-05-09
0,0.11,0,0,0.05,0.03,0.07,0.02,0,0,0.03,0,0.09,0,2015-05-10
1.23,0.15,0.05,1.76,0.07,0.43,1.7,0.17,0,0.02,0.31,0.16,0.85,0,2015-05-11
1.23,0.16,0.05,1.76,0.16,0.43,1.7,0.17,0,0.06,0.31,0.16,0.85,0.14,2015-05-12
1.43,1.77,0.24,1,0.47,0.87,0.7,0.47,0,1.22,1.05,0.88,0.87,0.54,2015-05-13
1.44,1.77,0.24,1,0.47,0.87,0.7,0.47,0,1.24,1.05,0.88,0.87,0.54,2015-05-14
1.16,0.76,0.23,0.61,0.6,0.25,0.36,0.47,0,0.71,0.46,0.42,0.34,0.37,2015-05-15
1.16,0.76,0.23,0.61,0.6,0.25,0.36,0.47,0,0.71,0.46,0.42,0.34,0.37,2015-05-16
1.26,1.35,0.71,0.74,1.19,1.7,2,0.95,0,0.96,1.35,0.89,1.27,1.21,2015-05-17
1.26,1.35,0.71,0.74,1.19,1.7,2,0.95,0,0.96,1.35,0.89,1.27,1.21,2015-05-18
0,0,0,0,0,0,0,0,0,0,0,0,0,0,2015-05-19
0,0,0,0,0.01,0.03,0,0.01,0,0,0,0,0,0,2015-05-20
0.96,0.19,0.15,0,2.05,0.8,0.95,1.44,0,0.86,0.23,0.09,0.56,1.35,2015-05-21
0.96,0.19,0.15,0,2.05,0.8,0.95,1.44,0,0.86,0.23,0.09,0.56,1.35,2015-05-22
1.15,0.51,0.69,2.02,0.69,0.98,0.56,0.48,0,1.2,2.1,0.96,1.77,0.69,2015-05-23
1.15,0.71,0.69,2.02,0.7,0.99,0.71,0.48,0,1.2,2.12,0.96,1.78,0.71,2015-05-24
0.69,0.71,0.28,0.47,0.8,0.73,0.71,0.47,0,0.71,0.83,0.23,1,0.52,2015-05-25
0.07,0.17,0.28,0,0.8,0.26,0.03,0.41,0,0.27,0.04,0.04,0.02,0.52,2015-05-26
0,0,0,0,0,0,0,0.07,0,0,0.04,0,0,0,2015-05-27
0,0,0,0,0,0,0,0,0,0,0.01,0,0,0,2015-05-28
1.57,1.18,0.46,1.33,0.78,0.95,1.09,0.99,0,1.22,1.03,0.89,0.87,1.8,2015-05-29
1.57,1.18,0.46,1.33,0.78,0.95,1.09,0.99,0,1.22,1.03,0.89,0.87,1.8,2015-05-30
0.02,0.07,0.46,0.11,0.21,0.22,0.13,0.35,0,0.62,0.11,0.1,0.14,0.36,2015-05-31
0,0,0,0,0,0,0,0,0,0,0,0,0,0,2015-06-01
0,0,0,0,0,0,0,0,0,0,0,0,0,0,2015-06-02
0,0,0,0,0,0,0,0,0,0,0,0,0,0,2015-06-03
0,0,0,0,0,0,0,0,0,0,0,0,0,0,2015-06-04
0,0,0,0,0,0,0,0,0,0,0,0,0,0,2015-06-05
0,0,0,0,0,0,0,0,0,0,0,0,0,0,2015-06-06
0,0,0,0,0,0,0,0,0,0,0,0,0,0,2015-06-07
0,0,0,0,0,0,0,0,0,0,0,0,0,0,2015-06-08
0,0,0,0,0,0,0,0,0,0,0,0,0,0,2015-06-09
0,0,0,0,0,0,0,0,0,0,0,0,0,0,2015-06-10
0,0,0,0,0,0,0,0,0,0,0,0,0,0,2015-06-11
0,0,0,0,0,0,0,0,0,0,0,0,0,0,2015-06-12
0,0,0,0,0,0,0.01,0,0,0,0,0,0,0,2015-06-13
0.22,0.35,0.24,0.26,0.36,0.58,0.21,0.23,0,0,0.22,0,0.6,0.95,2015-06-14
0.22,0.35,0.24,0.33,0.47,0.76,0.44,0.23,0,0,0.23,0,0.6,0.95,2015-06-15
0.08,0.18,0.35,0.38,0.47,0.76,0.44,0.18,0,0.56,0.5,0,0.57,0.24,2015-06-16
0,0.43,0.36,0.38,0.15,0.07,0,0.18,0,0.56,0.5,0,0.55,0.24,2015-06-17
0.83,0.47,0.23,0,0.11,0.03,0,0,0,0.07,0.81,0,0.04,0.17,2015-06-18
0.83,0.73,0.23,0.68,0.27,0.59,0.18,0,0,0.23,0.81,0,0.44,0.74,2015-06-19
0.54,0.73,0.46,0.68,0.27,0.59,0.18,0,0,0.27,0.45,0,0.44,0.74,2015-06-20
0.54,0.69,0.61,0.47,0.11,0.33,0.06,0,0,0.76,0.3,0,0.28,0.17,2015-06-21
0.18,0.36,0.61,0.47,0.11,0.19,0.04,0.04,0,0.76,0.3,0,0.05,0.03,2015-06-22
0.14,0.09,0.23,0.07,0,0,0,0.04,0,0.09,0,0,0,0,2015-06-23
0.19,0.26,0,0.65,0,0.09,0.01,0.17,0,0,0.51,0.2,0.03,0,2015-06-24
0,0.26,0,0.65,0,0.09,0.01,0.17,0,0,0.51,0,0.03,0,2015-06-25
0,0,0,0,0,0,0,0,0,0,0,0,0,0,2015-06-26
0.51,0,0.07,1.08,0.71,0.27,0.36,0.23,0,0.19,2.12,1.22,0.87,1.21,2015-06-27
0.51,0,0.07,1.08,0.71,0.55,0.36,0.23,0,0.19,2.12,1.22,0.87,1.21,2015-06-28
0.03,0,0,0.01,0,0.55,0,0,0,0.02,0,0,0.01,0.14,2015-06-29
0,0,0.02,0.23,0.23,0.13,0.15,0,0,0.01,0,0.43,0.11,0,2015-06-30
0,0.01,0.02,0.23,0.23,0.13,0.15,0,0,0,0,0.43,0.11,0,2015-07-01
0.1,0.01,0,0.13,0,0,0,0,0,0,0,0,0,0,2015-07-02
0.1,0,0,0,0,0,0,0,0,0,0,0,0,0,2015-07-03
0,0,0,0,0,0,0,0,0,0,0,0,0,0,2015-07-04
0,0,0,0,0,0,0,0,0,0,0,0,0,0,2015-07-05
0,0,0.01,0,0,0,0,0,0,0,0,0,0,0,2015-07-06
0,0,0.01,0,0,0,0,0,0,0,0,0,0,0,2015-07-07
0.37,0.57,0.12,0.29,0,0,0,0,0,0.2,0.23,0.85,0.32,0.27,2015-07-08
0.37,0.57,0.12,0.29,0,0,0,0,0,0.2,0.23,0.85,0.32,0.27,2015-07-09
0.58,0.5,0,0,0,0,0,0,0,0,0,0,0.02,0,2015-07-10
0.58,0.5,0,0,0,0,0,0,0,0,0,0,0,0,2015-07-11
0,0,0,0,0,0,0,0,0,0,0,0,0,0,2015-07-12
0,0,0,0,0,0,0,0,0,0,0,0,0,0,2015-07-13
0,0,0,0,0,0,0,0,0,0,0,0,0,0,2015-07-14
0,0,0,0,0,0,0,0,0,0,0,0,0,0,2015-07-15
0,0,0,0,0,0,0,0,0,0,0,0,0,0,2015-07-16
0,0,0,0,0,0,0,0,0,0,0,0,0,0,2015-07-17
0,0,0,0,0,0,0,0,0,0,0,0,0,0,2015-07-18
0,0,0,0,0,0,0,0,0,0,0,0,0,0,2015-07-19
0,0,0,0,0,0,0,0,0,0,0,0,0,0,2015-07-20
0,0,0,0,0,0,0,0,0,0,0,0,0,0,2015-07-21
0,0,0,0,0,0,0,0,0,0,0,0,0,0,2015-07-22
0,0,0,0,0,0,0,0,0,0,0,0,0,0,2015-07-23
0,0,0,0,0,0,0,0,0,0,0,0,0,0,2015-07-24
0,0,0,0,0,0,0,0,0,0,0,0,0,0,2015-07-25
0,0,0,0,0,0,0,0,0,0,0,0,0,0,2015-07-26
0,0,0,0,0,0,0,0,0,0,0,0,0,0,2015-07-27
0,0,0,0,0,0,0,0,0,0,0,0,0,0,2015-07-28
0,0,0,0,0.54,0.51,0.52,0.52,0,0,0,0,0,0.48,2015-07-29
0,0,0,0,0.54,0.51,0.52,0.52,0,0,0,0,0,0.48,2015-07-30
0,0,0.07,0.44,0,0.03,0.03,0,0,0.37,0,0,0,0.09,2015-07-31
0,0,0.07,0.44,0,0.03,0.03,0,0,0.37,0,0,0,0.09,2015-08-01
0,0,0,0,0,0,0,0,0,0,0,0,0,0,2015-08-02
0,0,0,0,0,0,0,0,0,0,0,0,0,0,2015-08-03
0,0,0,0,0,0,0,0,0,0,0,0,0,0,2015-08-04
0,0,0,0,0,0,0,0,0,0,0,0,0,0,2015-08-05
0,0,0,0,0,0,0,0,0,0,0,0,0,0,2015-08-06
0,0,0,0,0,0,0,0,0,0,0,0,0,0,2015-08-07
0,0,0,0,0,0,0,0,0,0,0,0,0,0,2015-08-08
0,0,0,0,0,0,0,0,0,0,0,0,0,0,2015-08-09
0,0,0,0,0,0,0,0,0,0,0,0,0,0,2015-08-10
0,0,0,0,0,0,0,0,0,0,0,0,0,0,2015-08-11
0.01,0,0,0.11,0.07,0,0.46,0.02,0,0,0.04,0,0.1,0,2015-08-12
0.18,0.09,0.05,0.11,0.12,0.4,0.46,0.02,0,0.25,0.27,0.07,0.1,0,2015-08-13
0.18,0.13,0.1,0.35,0.42,1.63,0.3,0.26,0,0.25,0.28,0.07,1.41,0,2015-08-14
0.24,0.13,0.1,0.35,0.42,1.63,0.09,0.26,0,0.03,0.15,0.09,1.41,0,2015-08-15
0.24,0,0.09,0.07,0,0,0.02,0,0,0.03,0.09,0.09,0.02,0,2015-08-16
0,0,0.01,0,0,0,0,0,0,0,0,0,0,0,2015-08-17
0,0,0,0,0,0,0,0,0,0,0,0,0,0,2015-08-18
0,0,0,0,0,0,0,0,0,0,0,0,0,0,2015-08-19
0.43,0,0.99,0.41,0,0.01,0,0,0,0,0.12,0.05,0.56,0.05,2015-08-20
0.43,0,0.99,0.41,0,0.01,0,0,0,0,0.12,0.05,0.56,0.05,2015-08-21
0,0,0,0,0,0,0,0,0,0,0,0,0,0,2015-08-22
0,0,0,0,0,0,0,0,0,0,0,0,0,0,2015-08-23
0,0,0,0,0,0,0,0,0,0,0,0,0,0,2015-08-24
0,0,0,0,0,0,0,0,0,0,0,0,0,0,2015-08-25
0,0,0,0.01,0.19,0.13,0.01,0.51,0,0,0.5,0.03,0.07,0.06,2015-08-26
0,0,0,0.01,0.19,0.13,0.01,0.51,0,0,0.5,0.03,0.07,0.06,2015-08-27
0,0,0,0,0,0,0,0,0,0,0,0,0,0,2015-08-28
0,0,0,0,0,0,0,0,0,0,0,0,0,0,2015-08-29
0,0,0,0.5,0.07,0.63,0,0.02,0,0,0.34,0.04,0.35,0,2015-08-30
0,0,0,0.58,0.08,0.63,0.03,0.04,0,0,0.36,0.26,0.35,0,2015-08-31
0,0,0,0.57,0.08,0.1,0.03,0.04,0,0,0.17,0.26,0.16,0,2015-09-01
0,0,0,0,0,0,0,0,0,0,0,0,0.02,0,2015-09-02
0,0,0,0,0,0,0,0,0,0,0,0,0,0,2015-09-03
0,0,0,0,0,0,0,0,0,0,0,0,0,0,2015-09-04
0,0,0,0,0,0,0,0,0,0,0,0,0,0,2015-09-05
0,0,0,0,0,0,0,0,0,0,0,0,0,0,2015-09-06
0,0,0,0,0,0,0,0,0,0,0,0,0,0,2015-09-07
0,0,0,0,0,0,0,0,0,0,0,0,0,0,2015-09-08
0,0,0,0.03,0,0,0.32,0,0,0,0,0.06,0,0,2015-09-09
0.07,0.6,0.1,0.03,0.05,0.31,0.32,0.36,0,0.72,0.07,0.06,0,0,2015-09-10
0.07,0.6,0.1,0.03,0.05,0.31,0.71,0.36,0,0.72,0.07,0.02,0.18,0,2015-09-11
0,0,0,0.03,0,0.09,0.71,0,0,0,0,0,0.18,0,2015-09-12
0,0,0,0,0,0,0,0,0,0,0,0,0,0,2015-09-13
0,0,0,0,0,0,0,0,0,0,0,0,0,0,2015-09-14
0,0,0,0,0,0,0,0,0,0,0,0,0,0,2015-09-15
0,0.01,0,0.01,0,0.01,0,0.03,0,0,0.02,0,0,0,2015-09-16
0,0.01,0,0.01,0,0.01,0,0.03,0,0,0.02,0,0,0,2015-09-17
0,0.01,0,0,0,0,0,0,0,0,0,0,0,0,2015-09-18
0,0,0,0,0,0.01,0,0,0,0,0,0,0,0,2015-09-19
0,0,0,0,0,0.01,0,0,0,0,0,0,0,0,2015-09-20
0,0,0,0,0,0,0,0,0,0,0,0,0,0,2015-09-21
0,0,0,0,0,0,0,0,0,0,0,0,0,0,2015-09-22
0,0,0,0,0,0,0,0,0,0,0,0,0,0,2015-09-23
0,0,0,0,0,0,0,0,0,0,0,0,0,0,2015-09-24
0,0.07,0,0,0,0,0,0,0,0,0,0,0,0,2015-09-25
0,0.07,0,0,0,0,0,0,0,0,0,0,0,0,2015-09-26
0,0,0.01,0.04,0,0.14,0,0.26,0,0,0,0,0.03,0.01,2015-09-27
0,0,0.01,0.04,0,0.14,0,0.26,0,0,0,0,0.03,0.01,2015-09-28
0,0,0,0,0,0,0,0,0,0,0,0,0.01,0,2015-09-29
0,0,0,0,0,0,0,0,0,0,0,0,0,0,2015-09-30
0,0,0,0,0,0,0,0,0,0,0,0,0,0,2015-10-01
0,0,0,0,0,0,0,0,0,0,0,0,0,0,2015-10-02
0,0,0,0,0,0,0,0,0,0,0,0,0,0,2015-10-03
0,0,0,0,0,0,0,0,0,0,0,0,0,0,2015-10-04
0,0,0,0,0,0,0,0,0,0,0,0,0,0,2015-10-05
0,0,0,0,0,0,0,0,0,0,0,0,0,0,2015-10-06
0,0,0,0,0,0,0,0,0,0,0,0,0,0,2015-10-07
0,0,0,0.01,0,0.01,0.26,0,0,0,0,0,0,0,2015-10-08
1.29,0.95,0.75,1.68,1.79,2.57,0.71,1.18,0,0.17,1.56,1.24,2.24,1.36,2015-10-09
0,0,0.75,0,1.79,2.57,0.71,1.18,0,0.17,1.56,1.24,2.24,1.36,2015-10-10
0,0,0,0,0,0,0,0,0,0,0,0,0,0,2015-10-11
0,0,0,0,0,0,0,0,0,0,0,0,0,0,2015-10-12
0,0,0,0,0,0,0,0,0,0,0,0,0,0,2015-10-13
0,0,0,0,0,0,0,0,0,0,0,0,0,0,2015-10-14
0,0,0,0,0,0,0,0,0,0,0,0,0,0,2015-10-15
0,0,0,0,0,0,0,0,0,0,0,0,0,0,2015-10-16
0,0,0,0,0,0,0,0,0,0,0,0,0,0,2015-10-17
0,0,0,0,0,0,0,0,0,0,0,0,0,0,2015-10-18
0,0,0,0,0,0,0,0,0,0,0,0,0,0,2015-10-19
0,0,0,0,0,0,0,0,0,0,0,0,0,0,2015-10-20
0.15,0.15,0,0,0.01,0,0,0.1,0,0.15,0.04,0,0,0,2015-10-21
0.35,0.3,0.23,0.09,0.02,0.08,0,0.1,0,0.15,0.31,0.03,0.05,0.07,2015-10-22
0.35,0.3,0.23,0.09,0.04,0.45,0.04,0.02,0,0.11,0.31,0.03,0.05,0.07,2015-10-23
1.15,1.43,0.69,1.3,2.23,1.76,1.42,0.47,0,0.95,3.24,1.44,3.91,0.48,2015-10-24
1.15,1.43,0.69,1.3,2.23,1.76,1.42,0.47,0,0.95,3.24,1.45,3.91,0.48,2015-10-25
0,0,0,0,0,0,0,0,0,0.08,0.01,0,0,0,2015-10-26
0,0,0,0,0,0,0,0,0,0,0,0,0,0,2015-10-27
0,0,0,0,0,0,0,0,0,0,0,0,0,0,2015-10-28
0,0,0,0,0,0,0,0,0,0,0,0,0,0,2015-10-29
0.88,0.55,0.82,0.45,0.01,0.09,0.07,0,0,1.03,0.36,0.23,0.65,0.31,2015-10-30
0.88,0.72,0.82,0.94,0.78,0.75,0.64,0.47,0,1.03,0.7,0.47,0.82,0.47,2015-10-31
0.73,0.72,0.46,0.94,0.78,0.75,0.64,0.47,0,0.47,0.7,0.47,0.82,0.47,2015-11-01
0,0,0,0,0,0,0,0,0,0,0.05,0,0,0,2015-11-02
0,0,0,0,0,0,0,0,0,0,0,0,0,0,2015-11-03
0.01,0.03,0,0.03,0.01,0.05,0,0,0,0,0.04,0.01,0.03,0.02,2015-11-04
0.38,0.59,0.31,0.15,0.01,0.05,0,0,0,0.12,0.04,0.01,0.03,0.02,2015-11-05
0.38,0.59,0.31,0.23,0,0.03,0,0,0,0.23,0.04,0.01,0.02,0.05,2015-11-06
0,0,0,0,0,0,0,0,0,0,0,0,0,0,2015-11-09
0,0,0,0,0,0,0,0,0,0,0,0,0,0,2015-11-10
0,0,0,0,0,0,0,0,0,0,0,0,0,0,2015-11-11
0,0,0,0,0,0,0,0,0,0,0,0,0,0,2015-11-12
0,0,0,0,0,0,0,0,0,0,0,0,0,0,2015-11-13
0,0,0,0,0,0,0.04,0.02,0,0,0,0,0,0,2015-11-14
0.03,0.02,0,0.04,0,0.04,0.04,0.02,0,0,0,0,0,0,2015-11-15
0.18,0.41,0.16,0.09,0.02,0.12,0.07,0.01,0,0.03,0.02,0.1,0.02,0,2015-11-16
0.19,0.41,0.37,0.09,0.04,0.13,0.07,0.16,0,0.08,0.13,0.1,0.22,0.13,2015-11-17
0.19,0.27,0.37,0.09,0.04,0.13,0.06,0.16,0,0.08,0.13,0.04,0.22,0.13,2015-11-18
0,0,0,0,0,0,0,0,0,0,0.01,0,0,0,2015-11-19
0,0,0,0,0,0,0,0,0,0,0,0,0,0,2015-11-20
0,0,0,0,0,0,0,0,0,0,0,0,0,0,2015-11-21
0,0,0,0,0,0,0,0,0,0,0,0,0,0,2015-11-22
0,0,0,0,0,0,0,0,0,0,0,0,0,0,2015-11-23
0,0,0,0,0,0,0,0,0,0,0,0,0,0,2015-11-24
0,0,0,0,0,0,0,0,0,0,0,0,0,0,2015-11-25
0.37,0.35,0.4,0.18,0.07,0.29,0.05,0.02,0,0.04,0.11,0.13,0.05,0.03,2015-11-26
0.55,0.55,0.4,0.18,0.29,0.59,0.5,0.16,0,0.07,0.46,0.47,0.37,0.42,2015-11-27
0.55,0.55,0.3,0.17,0.29,0.59,0.5,0.15,0,0.47,0.94,0.47,0.63,0.42,2015-11-28
0.46,0.35,0,0.05,0.03,0.1,0.02,0.04,0,0.47,0.94,0.06,0.63,0.04,2015-11-29
0.07,0.13,0,0.05,0.03,0.02,0.02,0.04,0,0.07,0.05,0.06,0.01,0.04,2015-11-30
0,0,0,0,0,0,0,0,0,0,0.01,0,0,0,2015-12-01
0,0,0,0,0,0,0,0,0,0,0,0,0,0,2015-12-02
0,0,0,0,0,0,0,0,0,0,0,0,0,0,2015-12-03
0,0,0,0,0,0,0,0,0,0,0,0,0,0,2015-12-04
0,0,0,0,0,0,0,0,0,0,0,0,0,0,2015-12-05
0,0,0,0,0,0,0,0,0,0,0,0,0,0,2015-12-06
0,0,0,0,0,0,0,0,0,0,0,0,0,0,2015-12-07
0,0,0.51,0,0,0,0,0,0,0,0,0,0,0,2015-12-08
0,0,0.51,0,0,0,0,0,0,0,0,0,0,0,2015-12-09
0,0,0,0,0,0,0,0,0,0,0,0,0,0,2015-12-10
0,0,0,0,0,0,0,0,0,0,0,0,0,0,2015-12-11
0,0,0,0,0,0,0,0,0,0,0,0,0,0,2015-12-12
1.55,0.95,0.5,0.86,0.71,0.65,0.41,0.49,0,0.76,0.86,0.8,1.03,0.58,2015-12-13
1.55,0.95,0.5,0.86,0.71,0.65,0.41,0.49,0,0.76,0.86,0.8,1.03,0.58,2015-12-14
0,0,0,0,0,0,0,0,0,0,0.05,0,0,0,2015-12-15
0,0,0,0,0,0,0,0,0,0,0,0,0,0,2015-12-16
0,0,0,0,0,0,0,0,0,0,0,0,0,0,2015-12-17
0,0,0,0,0,0,0,0,0,0,0,0,0,0,2015-12-18
0,0,0,0,0,0,0,0,0,0,0,0,0,0,2015-12-19
0,0,0,0,0,0,0,0,0,0,0,0,0,0,2015-12-20
0,0,0,0,0,0,0,0,0,0,0,0,0,0,2015-12-21
0,0,0,0,0,0,0,0,0,0,0,0,0,0,2015-12-22
0,0,0,0,0,0,0,0,0,0,0,0,0,0,2015-12-23
0,0,0,0,0,0,0,0,0,0,0,0,0,0,2015-12-24
0,0,0,0,0,0,0,0,0,0,0,0,0,0,2015-12-25
0,0.03,0,0,0,0.03,0,0,0,0,0,0,0,0,2015-12-26
0.62,0.66,0.75,0.59,0.87,0.7,0.64,1.36,0,0.21,0.94,0.71,0.84,0.93,2015-12-27
0.62,0.66,0.75,0.59,0.87,0.7,0.64,1.36,0,0.21,0.94,0.71,0.84,0.93,2015-12-28
0,0,0,0,0,0,0,0,0,0.05,0,0,0,0.01,2015-12-29
0,0,0,0,0,0,0,0,0,0,0,0,0,0,2015-12-30
0,0,0,0,0,0,0,0,0,0,0,0,0,0,2015-12-31
0,0,0,0,0,0,0,0,0,0,0,0,0,0,2016-01-01
0.56,0.43,0.23,0.38,0.23,0.38,0.16,0.19,0,0,0.33,0.35,0.26,0.23,2016-01-02
0.57,0.43,0.23,0.38,0.23,0.38,0.16,0.19,0,0,0.33,0.35,0.26,0.23,2016-01-03
0.16,0.13,0,0.09,0.11,0.1,0.01,0.05,0,0,0.14,0.16,0.1,0.15,2016-01-04
0,0,0,0,0,0,0,0.05,0,0,0,0,0,0,2016-01-05
0.08,0.09,0.02,0.07,0,0.06,0,0,0,0,0.03,0.01,0.02,0,2016-01-06
0,0.09,0.02,0.07,0,0.06,0,0,0,0,0.03,0.01,0.02,0,2016-01-07
0,0,0,0,0,0,0,0,0,0,0.01,0,0.01,0,2016-01-08
0,0,0,0,0,0,0,0,0,0,0,0,0,0,2016-01-09
0,0,0,0,0,0,0,0,0,0,0,0,0,0,2016-01-10
0,0,0,0,0,0,0,0,0,0,0,0,0,0,2016-01-11
0,0,0,0,0,0,0,0,0,0,0,0,0,0,2016-01-12
0,0,0,0,0,0,0,0,0,0,0,0,0,0,2016-01-13
0,0,0,0,0,0,0,0,0,0,0,0,0,0,2016-01-14
0,0,0,0,0,0,0,0,0,0,0,0,0,0,2016-01-15
0,0,0,0,0,0,0,0,0,0,0,0,0,0,2016-01-16
0,0,0,0,0,0,0,0,0,0,0,0,0,0,2016-01-17
0,0,0,0,0,0,0,0,0,0,0,0,0,0,2016-01-18
0,0,0,0,0,0,0,0,0,0,0,0,0,0,2016-01-19
0,0,0,0,0,0,0,0,0,0,0,0,0,0,2016-01-20
0,0,0,0,0,0,0,0,0,0,0,0,0,0,2016-01-21
0,0,0,0,0,0,0,0,0,0,0,0,0,0,2016-01-22
0,0,0,0,0,0,0,0,0,0,0,0,0,0,2016-01-23
0,0,0,0,0,0,0,0,0,0,0,0,0,0,2016-01-24
0,0,0,0,0,0,0,0,0,0,0,0,0,0,2016-01-25
0,0,0,0,0,0,0,0,0,0,0,0,0,0,2016-01-26
0,0,0,0,0,0,0,0,0,0,0,0,0,0,2016-01-27
0,0,0,0,0,0,0,0,0,0,0,0,0,0,2016-01-28
0,0,0,0,0,0,0,0,0,0,0,0,0,0,2016-01-29
0,0,0,0,0,0,0,0,0,0,0,0,0,0,2016-01-30
0,0,0,0,0,0,0,0,0,0,0,0,0,0,2016-01-31
0,0,0,0,0,0,0,0,0,0,0,0,0,0,2016-02-01
0,0,0,0,0,0,0,0,0,0,0,0,0,0,2016-02-02
0,0,0,0,0,0,0,0,0,0,0,0,0,0,2016-02-03
0,0,0,0.52,0,0,0,0.53,0,0,0,0,0.53,0,2016-02-04
0,0,0,0.52,0,0,0,0.53,0,0,0,0,0.53,0,2016-02-05
0,0,0,0,0,0,0,0,0,0,0,0,0,0,2016-02-06
0,0,0,0,0,0,0,0,0,0,0,0,0,0,2016-02-07
0,0,0,0,0,0,0,0,0,0,0,0,0,0,2016-02-08
0,0,0,0,0,0,0,0,0,0,0,0,0,0,2016-02-09
0,0,0,0,0,0,0,0,0,0,0,0,0,0,2016-02-10
0,0,0,0,0,0,0,0.01,0,0,0,0,0,0,2016-02-11
0,0,0,0,0,0,0,0.01,0,0,0,0,0,0,2016-02-12
0,0,0,0,0,0,0,0.01,0,0,0,0,0,0,2016-02-13
0,0,0,0,0,0,0,0.01,0,0,0,0,0,0,2016-02-14
0,0,0,0,0,0,0,0,0,0,0,0,0,0,2016-02-15
0,0,0,0,0,0,0,0,0,0,0,0,0,0,2016-02-16
0,0,0,0,0,0,0,0,0,0,0,0,0,0,2016-02-17
0,0,0,0,0,0,0,0.01,0,0,0,0,0,0,2016-02-18
0,0,0,0,0,0,0,0.01,0,0,0,0,0,0,2016-02-19
0,0,0,0,0,0,0,0.01,0,0,0,0,0,0,2016-02-20
0,0,0,0,0,0,0.01,0.01,0,0,0,0,0,0,2016-02-21
0,0,0,0.11,0.02,0.01,0.01,0,0,0,0.04,0.03,0.04,0.05,2016-02-22
1.19,1.03,0.81,1.01,0.02,0.47,0.4,0.96,0,0.77,0.86,0.77,1.14,0.93,2016-02-23
0,0,0,0,0,0,0,0.01,0,0,0,0,0,0,2016-02-25
0,0,0,0,0,0,0,0.02,0,0,0,0,0,0,2016-02-26
0,0,0,0,0,0,0,0.01,0,0,0,0,0,0,2016-02-27
0,0,0,0,0,0,0,0,0,0,0,0,0,0,2016-02-28
0,0,0,0,0,0,0,0.01,0,0,0,0,0,0,2016-02-29
0,0,0,0,0,0,0,0.01,0,0,0,0,0,0,2016-03-01
0,0,0,0,0,0,0,0.01,0,0,0,0,0,0,2016-03-02
0,0,0,0,0,0,0,0.01,0,0.24,0,0,0,0,2016-03-03
0,0,0,0,0,0,0,0.11,0,0.24,0,0,0,0,2016-03-04
0,0,0,0,0,0,0,0.11,0,0,0,0,0,0,2016-03-05
0,0.02,0,0,0,0.07,0,0,0,0,0,0,0,0,2016-03-06
0.02,0.12,0.05,0,0,0.07,0,0,0,0,0.01,0.03,0,0,2016-03-07
0.09,0.27,0.08,0,0.02,0.07,0.12,0.01,0,0.1,0.06,0.05,0,0.11,2016-03-08
0.59,0.67,0.48,0.26,0.02,0.69,0.12,0.6,0,0.32,1.56,0.9,0.63,1.01,2016-03-09
0.59,0.67,0.48,0.26,0.21,0.69,0.06,0.6,0,0.5,1.56,0.9,0.63,1.01,2016-03-10
0.4,0.77,0.46,0.63,1.09,0.76,1.64,1.03,0,0.5,0.98,0.95,0.88,0.71,2016-03-11
0.4,0.77,0.46,0.63,1.09,0.76,1.64,11.7,0,0.37,0.98,0.95,0.88,0.71,2016-03-12
0,0,0.04,0,0,0,0.23,11.7,0,0,0,0,0,0,2016-03-13
0,0,0,0,0,0,0.03,0,0,0,0,0,0,0,2016-03-14
0,0,0,0,0,0,0.03,0,0,0,0,0,0,0,2016-03-15
0,0,0,0,0,0,0,0,0,0,0,0,0,0,2016-03-16
0,0,0,0,0,0,0,0,0,0,0,0,0,0,2016-03-17
0,0.62,0.45,0,0,0,0,0,0,0.75,0.14,0,0.15,0.42,2016-03-18
0.46,0.65,0.45,0.56,0,0.04,0,0,0,0.76,0.45,0.07,0.42,0.42,2016-03-19
0.46,0.06,0,0.56,0,0.04,0,0,0,0.11,0.45,0.07,0.42,0,2016-03-20
0,0,0,0,0,0,0,0,0,0,0,0,0,0,2016-03-21
0,0,0,0,0.54,0.49,0.09,0,0,0,0.48,0.59,0,0,2016-03-22
0,0,0,0,0.54,0.49,0.09,0,0,0,0.48,0.59,0,0,2016-03-23
0.01,0.14,0.15,0.15,0,0.13,0.04,0,0,0.39,0.01,0.02,0.05,0.09,2016-03-24
0.01,0.14,0.15,0.15,0,0.13,0.04,0,0,0.39,0.01,0.02,0.05,0.09,2016-03-25
0,0,0,0,0,0,0,0,0,0,0,0,0,0,2016-03-26
0,0,0,0,0,0,0,0,0,0,0,0,0,0,2016-03-27
0,0,0,0,0,0,0,0,0,0,0,0,0,0,2016-03-28
0,0,0,0,0,0,0,0,0,0,0,0,0,0,2016-03-29
0,0,0,0,0,0,0,0,0,0.01,0,0,0,0,2016-03-30
0,0,0,0,0,0,0,0,0,0.01,0,0,0,0,2016-03-31
0.03,0.73,0.78,1.23,0,0.25,0,0,0,0.19,0.01,0.39,0.13,0.18,2016-04-01
0.03,0.73,0.78,1.23,0,0.25,0,0,0,0.19,0.03,0.39,0.13,0.18,2016-04-02
0,0,0,0,0,0,0,0,0,0,0.03,0,0,0,2016-04-03
0,0,0,0,0,0,0,0,0,0,0,0,0,0,2016-04-04
0,0,0,0,0,0,0,0,0,0,0,0,0,0,2016-04-05
0,0,0,0,0,0,0,0,0,0,0,0,0,0,2016-04-06
0,0,0,0,0,0,0,0,0,0,0,0,0,0,2016-04-07
0,0,0,0,0,0,0,0,0,0,0,0,0,0,2016-04-08
0,0,0,0,0,0,0,0,0,0,0,0,0,0,2016-04-09
0,0,0,0,0,0.01,0,0,0,0,0,0,0,0,2016-04-10
0.04,0.05,0.03,0,0,0.01,0,0,0,0.02,0.01,0,0,0,2016-04-11
0.04,0.05,0.03,0.03,0,0.1,0.52,0,0,0.02,0.03,0,0,0.02,2016-04-12
0.57,0.72,0.8,0.6,0.2,0.1,0.52,0,0,0.96,0.28,0.12,0.53,0.22,2016-04-13
0.57,0.72,0.8,0.6,0.2,0.1,0,0,0,0.96,0.28,0.12,0.53,0.22,2016-04-14
0,0,0,0,0,0,0,0,0,0,0.01,0,0,0,2016-04-15
0,0.03,0.02,0,0,0,0,0,0,0.04,0,0,0,0,2016-04-16
1.26,0.13,0.23,0.66,0.6,1.57,0.77,0.01,0,0.04,0.38,0.52,1.01,0.38,2016-04-17
1.59,2.03,1.97,2.21,0.6,1.57,0.77,0.01,0,1.82,0.38,0.52,1.01,0.38,2016-04-18
1.59,2.03,1.97,2.21,0.18,0.1,0,0,0,1.82,0.14,0.1,0.43,0.11,2016-04-19
0,0,0,0,0,0,0,0,0,0.1,0.01,0,0,0.01,2016-04-20
0.13,0.05,0.24,0,0,0.01,0,0,0,0.35,0.03,0.02,0,0.06,2016-04-21
0.13,0,0.24,0,0,0.01,0,0,0,0.35,0.03,0.02,0,0.06,2016-04-22
0,0,0,0,0,0,0,0,0,0,0,0,0,0,2016-04-23
0,0,0,0,0,0,0.1,0,0,0,0,0,0,0,2016-04-24
0,0,0.56,0,0,0,0.1,0,0,0,0,0,0,0,2016-04-25
0,0,0.56,0,0,0,0,0,0,0,0,0,0,0,2016-04-26
0.58,0.87,0.57,0.3,0.3,0.04,0,0,0,0.62,0.28,0.3,0.05,0.19,2016-04-27
0.58,0.87,0.57,0.3,0.3,0.04,0,0,0,0.62,0.28,0.22,0.05,0.19,2016-04-28
0,0,0,0.02,0,0.03,0,0,0,0,0,0,0,0,2016-04-29
0.59,0.09,0.7,0.02,0,0.03,0,0,0,0.94,0,0,0,0,2016-04-30
0.59,0.09,0.7,0,0,0,0,0,0,0.94,0,0,0,0,2016-05-01
0.01,0,0,0.05,0,0,0,0,0,0.03,0,0,0,0,2016-05-02
0.01,0,0,0.05,0,0,0,0,0,0.03,0,0,0,0,2016-05-03
0,0,0,0,0,0,0,0,0,0,0,0,0,0,2016-05-04
0,0,0,0,0,0,0,0,0,0,0,0,0,0,2016-05-05
0,0,0,0,0,0,0,0,0,0,0,0,0,0,2016-05-06
0,0,0,0,0,0,0,0,0,0,0,0,0,0,2016-05-07
0,0,0,0,0,0,0,0,0,0.02,0,0,0,0,2016-05-08
0,0,0,0,0,0,0,0,0,0.02,0,0,0,0,2016-05-09
0,0,0,0,0,0,0,0,0,0,0,0,0,0,2016-05-10
0.48,0.56,0.95,0,0.07,0,0,0,0,0.74,0,0.01,0.31,0,2016-05-11
0,0.56,0.95,0,0.07,0,1.19,0,0,0.74,0,0.01,0.31,0,2016-05-12
0,0.04,0,0,0,0,1.19,0,0,0,0,0,0,0,2016-05-13
0.27,0.95,0.36,1.48,0.92,1.48,0,0,0,0.16,1.54,1.62,3.59,0.18,2016-05-14
0.27,0.95,0.36,1.48,0.92,1.48,0.06,0,0,0.16,1.54,1.62,3.59,0.18,2016-05-15
0.07,0.04,0.45,0.02,0.12,0.04,0.06,0,0,0.18,0.02,0.02,0,0.01,2016-05-16
0.07,0.04,0.45,0,0,0,0.02,0,0,0.18,0.02,0.02,0,0.01,2016-05-17
0.37,0.22,0.06,0.01,1.47,0.82,0.08,0.07,0,0.48,0.84,0.62,0.51,0.96,2016-05-18
0.37,1.12,0.23,0.57,1.47,2.07,0.86,0.01,0,0.71,1.25,1.01,1.06,0.96,2016-05-19
0.31,1.12,0.23,0.57,0.92,2.07,0.86,0.01,0,0.71,1.25,1.01,1.06,0.95,2016-05-20
0.03,0,0,0,0,0,0,0,0,0,0.04,0,0,0,2016-05-21
0.03,0,0,0,0,0,0,0,0,0,0.01,0.01,0,0,2016-05-22
0,0.01,0,0,0,0.01,0,0,0,0,0,0.01,0,0,2016-05-23
0,0.01,0,0,0,0.01,0,0,0,0,0,0,0,0,2016-05-24
0,0.02,0,0,0,0.01,0,0,0,0,0,0,0,0,2016-05-25
0,0.02,0,0,0,0.01,0,0,0,0,0,0,0,0,2016-05-26
0,0.02,0,0,0.28,0.01,0.58,0,0,0,0.01,0.22,0.01,0.27,2016-05-27
0,0,0,0,0.28,0.01,0.58,0,0,0,0.01,0.22,0.01,0.27,2016-05-28
2.9,3.04,2.57,4.33,0.05,1.7,0,0,0,1.9,2.39,1.52,1.66,1.13,2016-05-29
2.9,3.04,2.57,4.33,0.21,1.7,0,0.03,0,1.9,2.39,1.52,1.66,1.13,2016-05-30
0.72,0.65,0.65,0.03,0.21,0.11,0.07,0.03,0,0.71,0.67,0.63,0.19,0.77,2016-05-31
0.72,0.65,0.23,0.01,0.03,1.29,2.94,0.03,0,0.71,0.59,0.47,0.19,0.43,2016-06-01
0.39,0.39,0.23,0.27,0.09,1.29,2.94,0,0,0.24,0.59,0.47,0.19,0.43,2016-06-02
0.39,0.39,0.23,0.27,0.76,0.34,0.19,0,0,0.24,0.63,0.34,0.86,0.43,2016-06-03
0.22,0.25,0,0.2,0.79,0.34,0.19,0,0,0.07,0.63,0.27,0.86,0.43,2016-06-04
0,0,0,0,0,0,0,0,0,0,0,0,0,0,2016-06-06
0,0,0,0,0,0,0,0,0,0,0,0,0,0,2016-06-07
0,0,0,0,0,0,0,0,0,0,0,0,0,0,2016-06-08
0,0,0,0,0,0,0,0.48,0,0,0,0,0,0,2016-06-17
0,0,0,0,0,0,0,0.49,0,0,0,0,0,0,2016-06-18
0.84,0.41,0.25,0,0,0.23,0,0.31,0,0,0,0,0,0,2016-06-19
0.84,0.41,0.25,0,0,0.23,0,0.31,0,0,0,0,0,0,2016-06-20
0,0,0,0,0,0,0,0.01,0,0,0,0,0,0,2016-06-21
0,0,0,0,0,0,0,0.01,0,0,0,0,0,0,2016-06-22
0,0,0,0,0,0,0,0.01,0,0,0,0,0,0,2016-06-23
0,0,0,0,0,0,0,0.01,0,0,0,0,0,0,2016-06-24
0.13,0.5,0.06,0,0,0.04,0,0.01,0,0,0.41,0.53,0.03,0.06,2016-06-25
0.13,0.5,0.07,0,0,0.04,0.09,0.06,0,0.03,0.48,0.55,0.03,0.13,2016-06-26
0,0,0,0,0,0.01,0.09,0.06,0,0.03,0.12,0,0,0.09,2016-06-27
0,0,0,0.25,1.42,0.85,0.03,0.01,0,0,1.05,0.18,0.55,0,2016-06-28
0,0,0,0.33,1.45,0.85,0,0.01,0,0,1.09,0.18,0.56,0,2016-06-29
0,0,0,0.33,0.18,0.29,0,0.01,0,0,0.03,0,0.43,0,2016-06-30
0,0,0,0,0,0,0,0.01,0,0,0,0,0.04,0,2016-07-01
0,0,0,0,0,0,0,0.08,0,0,0,0,0,0,2016-07-02
0,0,0,0,0,0,0,0.1,0,0,0,0,0,0,2016-07-03
0,0,0,0,0,0,0,1.47,0,0,0,0,0,0,2016-07-04
0,0,0,0,0,0,0,1.47,0,0,0,0,0,0,2016-07-05
0,0,0,0,0,0,0,0.06,0,0,0,0,0,0,2016-07-06
0,0,0,0,0,0,0,0.06,0,0,0,0,0,0,2016-07-07
0,0,0,0,0,0,0,0.03,0,0,0,0,0,0,2016-07-08
0,0,0,0,0,0,0,0.03,0,0,0,0,0,0,2016-07-09
0,0,0,0,0,0,0,0.02,0,0,0,0,0,0,2016-07-10
0,0,0,0,0,0,0,0.02,0,0,0,0,0,0,2016-07-11
0,0,0,0,0,0,0,0.83,0,0,0,0,0,0,2016-07-12
0,0,0,0,0,0,0,0.94,0,0,0,0,0,0,2016-07-13
0,0,0,0,0,0,0,0.94,0,0,0,0,0,0,2016-07-14
0,0,0,0,0,0,0,0.01,0,0,0,0,0,0,2016-07-15
0,0,0,0,0,0,0,0.16,0,0,0,0,0,0,2016-07-16
0,0,0,0,0,0,0,0.16,0,0,0,0,0,0,2016-07-17
0,0,0,0,0,0,0,0.08,0,0,0,0,0,0,2016-07-18
0,0,0,0,0,0,0,0.02,0,0,0,0,0,0,2016-07-19
0,0,0,0,0,0,0,0.02,0,0,0,0,0,0,2016-07-20
0,0,0,0,0,0,0,0.02,0,0,0,0,0,0,2016-07-21
0,0,0,0,0,0,0,0.02,0,0,0,0,0,0,2016-07-22
0,0,0,0,0,0,0,0.01,0,0,0,0,0,0,2016-07-23
0,0,0,0,0,0,0,0.01,0,0,0,0,0,0,2016-07-24
0,0,0,0,0,0,0,0.01,0,0,0,0,0,0,2016-07-25
0.63,0.74,0.44,0.95,0.15,0.34,0.16,0.61,0,0.03,0.43,0.33,0.63,0.66,2016-07-26
0.01,0.74,0.44,0.95,0.15,0.34,0.16,0.61,0,0.03,0.43,0.33,0.63,0.66,2016-07-27
0.01,0.05,0,0.03,0,0,0.03,0.04,0,0,0.03,0,0.02,0.02,2016-07-28
0,0,0,0,0,0,0,0.02,0,0,0,0,0,0,2016-07-29
0,0,0,0,0,0,0,0.12,0,0,0,0,0,0,2016-07-30
0,0,0,0,0,0,0,0.12,0,0,0,0,0,0,2016-07-31
0,0,0,0,0,0,0,0.01,0,0,0,0,0,0,2016-08-01
0,0,0,0,0,0,0,0.01,0,0,0,0,0,0,2016-08-02
0,0,0,0,0,0,0,0.47,0,0,0,0,0,0,2016-08-03
0,0,0,0,0,0,0,0.47,0,0,0,0,0,0,2016-08-04
0,0,0,0,0,0,0,0.19,0,0,0,0,0,0,2016-08-05
0,0,0,0,0,0,0,0.01,0,0,0,0,0,0,2016-08-06
0,0,0,0,0,0,0,0.01,0,0,0,0,0,0,2016-08-07
0,0,0,0,0,0,0,0.01,0,0,0,0,0,0,2016-08-08
0,0,0,0,0,0,0,0.01,0,0,0,0,0,0,2016-08-09
0,0,0,0,0,0,0,0.01,0,0,0,0,0,0,2016-08-10
0,0,0,0,0,0,0,0.01,0,0,0,0,0,0,2016-08-11
0,0,0,0,0,0,0,0.02,0,0,0.03,0.22,0.08,0,2016-08-12
0.42,0.43,0.2,1.69,0.15,0.15,0.87,0.47,0,0.12,0.41,0.8,0.43,0.99,2016-08-13
0.42,0.61,0.23,1.69,0.15,0.15,0.87,0.49,0,0.56,1.27,0.85,0.43,0.99,2016-08-14
0.44,0.62,0.23,0.07,0.02,0.09,0,0.3,0,1.14,1.27,0.85,0.22,0.02,2016-08-15
0.44,0.57,0.42,0.71,0.38,0.47,0,1.3,0,1.14,0.49,0.21,1.04,0.53,2016-08-16
0.31,0.51,0.46,0.71,0.38,0.47,0.16,2.12,0,0.49,0.49,0.21,1.04,0.53,2016-08-17
0.31,0.51,0.46,0,0.04,0,0.16,2.12,0,0.28,0.19,0,0,0.36,2016-08-18
0.24,0,0,0.01,0.07,0.13,0.08,0.04,0,0.28,0.04,0.03,0.03,0.05,2016-08-19
0.12,1.28,0.46,1.59,1.36,1.84,1.85,2.85,0,0.47,1.39,1.18,1.48,0.95,2016-08-20
0.08,1.28,0.46,1.59,1.36,1.84,1.85,2.85,0,0.47,1.39,1.18,1.48,0.95,2016-08-21
0.08,0.07,0.49,0,0.13,0,0.18,0.42,0,0.13,0.35,0.23,0.02,0.23,2016-08-22
0.11,0.07,0.49,0,0,0,0.18,1.87,0,0.13,0.35,0.17,0.02,0.2,2016-08-23
0.11,0,0,0,0,0,0,1.87,0,0,0,0,0,0,2016-08-24
0.11,0,0,0,0,0,0,0.36,0,0,0,0,0,0,2016-08-25
0.1,0,0,0,0,0,0,0.36,0,0,0,0,0,0,2016-08-26
0.1,0,0,0,0.02,0.01,0,0.11,0,0,0.01,0,0,0,2016-08-27
0.01,0,0,0,0,0,0,0.66,0,0,0.01,0,0.02,0,2016-08-28
0,0.04,0,0,0,0,0.13,0.66,0,0.05,0,0.11,0.02,0,2016-08-29
0.38,0,0,0,0.17,0.04,0.13,0.24,0,0.05,0.03,0.11,0,0.05,2016-08-30
0.38,0,0,0,0,1.68,0.12,1.59,0,0,0.03,0.03,0.22,0.05,2016-08-31
0.21,0,0,0.33,0,2.01,0,1.6,0,0,0,0,0.84,0.34,2016-09-01
0.04,0.3,1,0.03,0,0,0.23,0,0,0,0,0.59,0.66,0.01,2016-09-02
0.04,0.3,1,0.03,0,0,0.23,0.29,0,0,0.01,0.59,0.66,0.01,2016-09-03
0.05,0,0,0,0.05,0,0,0.29,0,0,0.01,0.45,0,0,2016-09-04
0.08,0,0,0,0.05,0,0,0.27,0,0,0,0,0,0,2016-09-05
0.08,0,0,0,0,0,0,0.27,0,0,0,0,0,0,2016-09-06
0,0,0,0,0,0,0,0.04,0,0,0,0,0,0,2016-09-07
0,0,0,0,0,0,0,0.06,0,0,0,0,0,0,2016-09-08
0,0,0,0,0,0,0,0.1,0,0,0,0,0,0,2016-09-09
0,0,0,0.12,0,0,0,0.1,0,0,0,0,0,0,2016-09-10
0,0,0,0.12,0,0,0,0.02,0,0,0,0,0,0,2016-09-11
0,0,0,0,0,0,0,0.02,0,0,0,0,0,0,2016-09-12
0.15,0.11,0.02,0.68,0,0.23,0.18,574.02,0,0.02,0.14,0.13,0.19,0.22,2016-09-13
0.21,0.11,0.02,0.68,0,0.23,0.18,446.83,0,0.02,0.14,0.13,0.19,0.22,2016-09-14
0.21,0,0,0.32,0,0,0.18,2.55,0,0,0.05,0,0,0,2016-09-15
0.52,0.49,0,0,0,0,0,1.92,0,0,0,0,0,0,2016-09-16
0.52,0.49,0,0,0,0,0,0.35,0,0,0,0,0,0,2016-09-17
0,0,0,0,0,0,0,0.05,0,0,0,0,0,0,2016-09-18
0,0,0,0,0,0,0,0.22,0,0,0,0,0,0,2016-09-19
0,0,0,0,0,0,0,0.22,0,0,0,0,0,0,2016-09-20
0,0,0,0,0,0,0,0.11,0,0,0,0,0,0,2016-09-21
0,0,0.56,0,0,0,0,0.5,0,0,0,0,0,0,2016-09-22
0,0,0.56,0,0,0,0,1.41,0,0,0,0,0,0,2016-09-23
0,0,0,0,0,0,0,1.41,0,0,0,0,0,0,2016-09-24
1.26,1.27,0.46,1.66,2.15,4.21,1.66,557.07,0,0.95,4.42,1.19,4.43,1.68,2016-09-25
1.26,1.27,0.46,1.66,2.15,4.21,1.66,98.36,0,0.95,4.42,1.19,4.43,1.68,2016-09-26
0.92,0.85,0,0.57,0.71,0.33,0.63,0.13,0,0.47,1.07,0.29,0.65,0.37,2016-09-27
0,0,0,0,0,0,0,0.14,0,0,0,0,0,0,2016-09-28
0,0,0,0,0,0,0,0,0,0,0,0,0,0,2016-09-29
0,0,0,0,0,0,0,0.16,0,0,0,0,0,0,2016-09-30
0,0,0,0,0,0,0,0.17,0,0,0,0,0,0,2016-10-01
0,0,0,0,0,0,0,1.59,0,0,0,0,0,0,2016-10-02
0,0,0,0,0,0,0,1.6,0,0,0,0,0,0,2016-10-03
0,0,0,0,0,0,0,0.68,0,0,0,0,0.58,0,2016-10-04
0,0,0,0,0,0,0,0.01,0,0,0,0,0.58,0,2016-10-05
0,0,0,0,0,0,0,0.03,0,0,0,0,0,0,2016-10-06
0,0,0,0,0,0,0,0.03,0,0.01,0,0,0,0,2016-10-07
0,0,0,0,0,0,0,0.03,0,0,0,0,0,0,2016-10-10
0,0,0,0,0,0,0,1.81,0,0,0,0,0,0,2016-10-11
0,0,0,0,0,0,0,1.81,0,0,0,0,0,0,2016-10-12
0.23,0.29,0.11,0,0,0,0,0.01,0,0,0,0.05,0,0.02,2016-10-13
0,0.29,0.11,0,0,0,0,0.01,0,0,0,0.05,0,0.02,2016-10-14
0,0,0,0,0,0,0,0.05,0,0,0,0,0,0,2016-10-15
0,0,0,0,0,0,0,0.05,0,0,0,0,0,0,2016-10-16
0,0,0,0,0,0,0,0.01,0,0,0,0,0,0,2016-10-17
0,0,0,0,0,0,0,0.01,0,0,0,0,0,0,2016-10-18
0,0,0,0,0,0,0,0.01,0,0.6,0,0,0,0,2016-10-19
0,0,0,0,0,0,0,0,0,0.6,0,0,0,0,2016-10-20
0,0,0,0,0,0,0,0,0,0,0,0,0,0,2016-10-21
0,0,0,0,0,0,0,0,0,0,0,0,0,0,2016-10-22
0,0,0,0,0,0,0.02,0,0,0,0,0,0,0,2016-10-23
0,0,0,0,0,0,0.02,0,0,0,0,0,0,0,2016-10-24
0,0,0,0,0,0,0,0,0,0,0,0,0,0,2016-10-25
0,0,0,0,0,0,0,0,0,0,0,0,0,0,2016-10-26
0,0,0,0,0,0,0,0,0,0,0,0,0,0,2016-10-27
0,0,0,0,0,0,0,0,0,0,0,0,0,0,2016-10-28
0,0,0,0,0,0,0,0,0,0,0,0,0,0,2016-10-29
0,0,0,0,0,0,0,0,0,0,0,0,0,0,2016-10-30
0,0,0,0,0,0,0,0,0,0,0,0,0,0,2016-10-31
0,0,0,0,0,0,0,0,0,0,0,0,0,0,2016-11-01
0,0,0,0,0,0,0,0,0,0,0,0,0,0,2016-11-02
0.04,0.06,0.46,0.21,0.32,0.31,0.32,0.19,0,0.01,0.33,0.27,0.29,0.15,2016-11-03
0.04,0.06,0.46,0.59,0.57,0.31,0.32,0.19,0,0.04,0.33,0.54,0.3,0.59,2016-11-04
0,0,0,0.59,0.57,0.02,0.01,0,0,0.04,0.28,0.54,0.03,0.59,2016-11-05
0,0.04,0.03,0,0.03,0,0.02,0,0,0.62,0.28,0,0.03,0.16,2016-11-06
0,0.04,0.03,0,0.03,0.01,0.02,0,0,0.62,0.28,0,0.03,0.16,2016-11-07
0,0,0.05,0.11,0.07,0.28,0,0,0,0.25,0.28,0,0.11,0,2016-11-08
0.17,0.28,0.46,0.32,0.47,0.5,0.05,0.18,0,0.25,0.28,0.23,0.56,0.23,2016-11-09
0.17,0.28,0.46,0.32,0.47,0.5,0.39,1.1,0,0.23,0.23,0.23,0.56,0.23,2016-11-10
0.05,0.06,0.18,0.19,0.09,0.14,0.39,1.1,0,0,0.07,0.06,0.07,0.11,2016-11-11
0,0.02,0,0,0,0,0,0.12,0,0,0,0,0,0,2016-11-12
0,0,0,0,0,0,0,0.12,0,0,0,0,0,0,2016-11-13
0,0,0,0,0,0,0,0.12,0,0,0,0,0,0,2016-11-14
0,0,0,0,0,0,0,0.1,0,0,0,0,0,0,2016-11-15
0,0,0,0,0,0.53,0.6,0.02,0,0,0,0,0,0,2016-11-16
0,0,0,0,0,0.53,0.6,0.02,0,0,0,0,0,0,2016-11-17
0,0.05,0,0,0,0,0,0.01,0,0,0,0,0,0.04,2016-11-18
0,0.05,0,0,0,0,0,0,0,0,0,0,0,0.04,2016-11-19
0,0,0,0,0,0,0,0.02,0,0,0,0,0,0,2016-11-20
0,0,0,0,0,0,0,0.03,0,0,0,0,0,0,2016-11-21
0,0,0,0,0,0,0,0.03,0,0,0,0,0,0,2016-11-22
0,0,0,0,0,0,0,0,0,0,0,0,0,0,2016-11-23
0,0,0,0,0,0,0,0.01,0,0,0,0,0,0,2016-11-24
0,0,0.01,0,0,0,0,0.01,0,0,0,0,0,0,2016-11-25
0,0,0.01,0.01,0.05,0.07,0.1,0,0,0,0,0,0.02,0,2016-11-26
0,0,0,0.01,0.05,0.07,0.1,0.01,0,0,0,0,0.02,0,2016-11-27
0,0,0,0,0,0,0,0.01,0,0,0,0,0,0,2016-11-28
0,0,0,0,0,0,0,0.01,0,0,0,0,0,0,2016-11-29
0,0,0,0,0,0,0,0.06,0,0,0,0,0,0,2016-11-30
0,0,0,0,0,0,0,0.06,0,0,0,0,0,0,2016-12-01
0.69,0.29,0.45,0.19,0.5,0.45,0.15,0.68,0,0.25,0.06,0.21,0.27,0.03,2016-12-02
1.08,1.22,1.11,0.9,0.71,1.37,0.95,0.68,0,0.26,0.89,0.71,1.15,0.23,2016-12-03
1.08,1.22,1.11,0.9,0.71,1.37,0.95,0.25,0,0.23,0.89,0.71,1.15,0.23,2016-12-04
0.46,0.54,0.69,0.41,0.41,0.72,0.23,0.23,0,0,0.69,0.37,0.77,0.11,2016-12-05
0.23,0.54,0.69,0.24,0.41,0.72,0,0.23,0,0,0.69,0.24,0.77,0,2016-12-06
0,0,0,0,0,0,0,0.06,0,0,0,0,0,0,2016-12-07
0,0,0,0,0,0,0,0.16,0,0,0,0,0,0,2016-12-08
0,0,0,0,0,0,0,0.6,0,0,0,0,0,0,2016-12-09
0,0,0,0,0,0,0,0.6,0,0,0,0,0,0,2016-12-10
0.08,0.05,0.04,0.04,0,0.08,0.01,0.33,0,0.02,0.01,0.01,0.01,0,2016-12-11
0.08,0.05,0.04,0.04,0,0.08,0.01,0.4,0,0.02,0.01,0.01,0.01,0,2016-12-12
0,0,0,0,0,0,0,0.4,0,0,0,0,0,0,2016-12-13
0,0,0,0,0,0,0,0.35,0,0,0,0,0,0,2016-12-14
0,0,0,0,0,0,0,0.73,0,0,0,0,0,0,2016-12-15
0,0,0,0.03,0,0.04,0,1.36,0,0,0,0,0,0,2016-12-16
0,0,0,0.03,0,0.05,0,1.36,0,0,0,0,0,0,2016-12-17
0,0,0,0,0,0,0,0.41,0,0,0,0,0,0,2016-12-19
0,0,0,0,0,0,0,0.41,0,0,0,0,0,0,2016-12-20
0,0,0,0,0,0,0,0.35,0,0,0,0,0,0,2016-12-21
0,0,0,0,0,0,0,0.35,0,0,0,0,0,0,2016-12-22
0,0,0,0,0,0,0,0.1,0,0,0,0,0,0,2016-12-23
0.02,0,0,0,0,0.03,0,1.41,0,0.02,0,0,0,0,2016-12-24
0.02,0,0.01,0.04,0.02,0.09,0,1.42,0,0.02,0.08,0.07,0,0.01,2016-12-25
0,0,0.01,0.04,0.02,0.09,0.02,0.44,0,0,0.08,0.07,0,0.01,2016-12-26
0,0,0,0,0,0,0.02,0.96,0,0,0,0,0,0.01,2016-12-27
0,0,0,0,0,0,0,0.96,0,0,0,0,0,0,2016-12-28
0,0,0,0,0,0,0,0.56,0,0,0,0,0,0,2017-01-05
0,0,0,0,0,0,0,0.71,0,0,0,0,0,0,2017-01-06
0,0,0,0,0,0,0,0.71,0,0,0,0,0,0,2017-01-07
0,0,0,0,0,0,0,0.68,0,0,0,0,0,0,2017-01-08
0,0,0,0,0,0,0,0.68,0,0,0,0,0,0,2017-01-09
0,0,0,0,0,0,0,0.52,0,0,0,0,0,0,2017-01-10
0,0,0,0,0,0,0,0.34,0,0,0,0,0,0,2017-01-11
0,0,0,0,0,0,0,0.28,0,0,0,0,0,0,2017-01-12
0,0,0.07,0,0,0,0,0.04,0,0.01,0,0,0,0,2017-01-13
0.01,0.03,0.07,0.17,0.01,0.14,0.08,0.12,0,0.17,0.08,0,0.02,0,2017-01-14
0.07,0.21,0.2,0.17,0.01,0.21,0.13,0.12,0,0.17,0.08,0.09,0.02,0,2017-01-15
0.46,1.43,1.03,0.85,0.12,0.44,0.3,0.44,0,1.44,0.57,0.53,0.76,0.62,2017-01-16
0.46,1.43,1.03,0.85,1.27,0.9,0.03,0.44,0,1.44,0.57,0.53,0.76,0.62,2017-01-17
0.01,0.11,0.06,0.03,0.08,0.06,0.19,0.57,0,0.96,0.05,0.1,0.02,0.08,2017-01-18
0.01,0.11,0.06,0.03,0.08,0.06,0.19,0.57,0,0.96,0.05,0.1,0.02,0.08,2017-01-19
0,0,0,0,0,0,0,0.09,0,0,0,0,0.01,0,2017-01-20
0,0,0,0,0,0,0,0.01,0,0,0,0,0,0,2017-01-21
0,0,0,0,0,0,0,0.04,0,0,0,0,0,0,2017-01-22
0,0,0,0,0,0,0,0.04,0,0,0,0,0,0,2017-01-23
0,0,0,0,0.52,0,0,0,0,0,0,0,0.6,0,2017-01-24
0,0,0,0,0.52,0,0,0.01,0,0,0,0,0.6,0,2017-01-25
0,0,0,0,0,0,0,0.01,0,0,0,0,0,0,2017-01-26
0,0,0,0,0,0,0,0.01,0,0,0,0,0,0,2017-01-27
0,0,0,0,0,0,0,0.03,0,0,0,0,0,0,2017-01-28
0,0,0,0,0,0,0,0.03,0,0,0,0,0,0,2017-01-29
0,0,0,0,0,0,0,0.06,0,0,0,0,0,0,2017-01-30
0,0,0,0,0,0,0,0.06,0,0,0,0,0,0,2017-01-31
0,0,0,0,0,0,0,0.05,0,0,0,0,0,0,2017-02-01
0,0,0,0,0,0,0,0.3,0,0,0,0,0,0,2017-02-02
0,0,0,0,0,0,0,0.6,0,0,0,0,0,0,2017-02-03
0.01,0,0,0,0,0,0,0.6,0,0,0,0,0,0,2017-02-04
0.01,0.01,0,0,0,0.01,0,0.06,0,0,0,0,0,0,2017-02-05
0.01,0.01,0,0,0,0.01,0,0.1,0,0,0,0,0,0,2017-02-06
0.01,0,0,0,0,0.01,0,0.1,0,0,0,0,0,0,2017-02-07
0,0,0,0,0,0,0,0.1,0,0,0,0,0,0,2017-02-08
0,0,0,0,0,0,0,0.29,0,0,0,0,0,0,2017-02-09
0,0,0,0,0,0,0,0.29,0,0,0,0,0,0,2017-02-10
0,0,0,0,0,0,0,0.21,0,0,0,0,0,0,2017-02-11
0,0,0,0,0,0,0,0.41,0,0,0,0,0,0,2017-02-12
0,0,0,0.11,0,0.01,0,0.42,0,0,0,0,0,0,2017-02-13
1.2,2.08,1.3,1.39,1.05,1.24,0.93,1.03,0,1.11,1.23,1.24,1.13,1.26,2017-02-14
1.2,2.08,1.3,1.39,1.05,1.24,0.93,1.03,0,1.11,1.23,1.24,1.13,1.26,2017-02-15
0,0,0,0,0,0,0,25.71,0,0,0,0,0,0,2017-02-16
0,0,0,0,0,0,0,25.71,0,0,0,0,0,0,2017-02-17
0,0,0,0,0,0,0,0.36,0,0,0,0,0,0,2017-02-21
0,0,0,0,0,0,0,0.36,0,0,0,0,0,0,2017-02-22
0,0,0,0,0,0,0,0.08,0,0,0,0,0,0,2017-02-23
0,0,0,0,0,0,0,0.91,0,0,0,0,0,0,2017-02-24
0,0,0,0,0,0,0,0.91,0,0,0,0,0,0,2017-02-25
0,0,0,0,0,0.01,0,0.65,0,0,0,0,0,0,2017-02-26
0,0,0,0,0,0.01,0,0.55,0,0,0,0,0,0,2017-02-27
0,0,0,0,0,0,0,0.35,0,0,0,0,0,0,2017-02-28
0,0,0,0,0,0,0,0.62,0,0,0,0,0,0,2017-03-01
0,0,0,0,0,0,0,0.62,0,0,0,0,0,0,2017-03-02
0,0,0,0,0,0,0,0.01,0,0,0,0,0,0,2017-03-03
0.57,0.36,0.32,0.47,0.17,0.55,0.17,0.14,0,0.39,0.33,0.25,0.45,0.21,2017-03-04
0.57,0.36,0.33,0.47,0.17,0.56,0.17,0.14,0,0.39,0.33,0.25,0.46,0.21,2017-03-05
0.29,0.2,0.17,0.23,0.13,0.16,0.06,0.13,0,0.19,0.2,0.18,0.14,0.11,2017-03-06
0,0.05,0,0,0,0,0,0,0,0,0,0,0,0,2017-03-07
0,0,0,0,0,0,0,0.01,0,0,0,0,0,0,2017-03-08
0,0,0,0,0,0,0,0.01,0,0,0,0,0,0,2017-03-09
0.61,0,0,0,0,0.39,0,0,0,0,0,0,0,0,2017-03-10
0,0,0,0,0,0.39,0,0.01,0,0,0,0,0,0,2017-03-11
0,0,0,0,0,0,0.01,0.24,0,0.03,0,0,0,0,2017-03-12
0,0,0,0,0,0,0.01,0.24,0,0.03,0,0,0,0,2017-03-13
0,0,0,0,0,0,0,0.01,0,0,0,0,0,0,2017-03-14
0,0,0,0,0,0,0,0.01,0,0,0,0,0,0,2017-03-15
0,0,0,0,0,0,0,0.01,0,0,0,0,0,0,2017-03-16
0,0,0,0,0,0,0,0.01,0,0,0,0,0,0,2017-03-17
0,0,0,0,0,0,0,0.01,0,0,0,0,0,0,2017-03-18
0,0,0,0,0,0,0,0.01,0,0,0,0,0,0,2017-03-19
0,0,0,0,0,0,0,0.01,0,0,0,0,0,0,2017-03-20
0,0,0,0,0,0,0,0.01,0,0,0,0,0,0,2017-03-21
0,0,0,0,0,0,0,0.01,0,0,0,0,0,0,2017-03-22
0,0,0,0,0,0,0,0.01,0,0,0,0,0,0,2017-03-23
0.03,0.12,0.07,0.03,0.02,0.01,0.1,0.15,0,0.03,0.05,0.07,0.05,0.13,2017-03-24
0.03,0.12,0.07,0.03,0.02,0.01,0.1,0.15,0,0.03,0.05,0.07,0.05,0.13,2017-03-25
0,0,0,0,0,0,0,0.02,0,0,0,0,0,0,2017-03-26
0,0,0,0,0,0,0,0.02,0,0.62,0,0,0,0,2017-03-27
0,0,0,0,0,0.01,0,0.02,0,0.01,0,0,0,0,2017-03-28
0.76,1.05,0.65,1.28,0.9,0.34,0.57,10.79,0,0.53,0.91,1.27,0.67,0.66,2017-03-29
0.76,1.05,0.65,1.28,0.9,0.34,0.57,10.79,0,0.53,0.91,1.27,0.67,0.66,2017-03-30
0,0,0,0,0,0,0,0.02,0,0,0,0,0,0,2017-03-31
0,0.01,0,0,0,0.03,0,0.02,0,0,0,0,0,0,2017-04-01
0.3,1.74,0.9,2.28,0.01,2.56,1.9,0.52,0,1.37,2.51,1.47,1.96,1.88,2017-04-02
0.3,1.74,0.9,2.28,0.01,2.56,1.9,0.87,0,1.37,2.51,1.47,1.96,1.88,2017-04-03
0,0,0,0,0,0,0,1.09,0,0,0,0,0,0,2017-04-04
0,0,0,0,0,0,0,1.1,0,0,0,0,0,0,2017-04-05
0,0,0,0,0,0,0,0.36,0,0,0,0,0,0,2017-04-06
0,0,0,0,0,0,0,0.36,0,0,0,0,0,0,2017-04-07
0,0,0,0,0,0,0,0.03,0,0,0,0,0,0,2017-04-08
0,0,0,0,0,0,0,0.01,0,0,0,0,0,0,2017-04-09
0,0.01,0,0,0,0.01,0,0.34,0,0,0,0.01,0,0,2017-04-10
0.43,0.01,0,0,0,0.01,0,0.59,0,0.55,0,0.01,0,0,2017-04-11
0.43,0.01,0,0,0,0,0,0.59,0,0.55,0,0,0,0,2017-04-12
0,0.01,0,0,0,0,0.01,0.23,0,0,0,0,0,0,2017-04-13
0,0,0,0,0,0,0.01,0.71,0,0.15,0,0,0,0,2017-04-14
0,0,0,0,0,0,0,0.71,0,0.15,0,0,0,0,2017-04-15
0,0,0,0,0,0,0,0.29,0,0,0,0,0,0,2017-04-16
0.85,0.43,1.07,0.75,1.13,1.53,0.1,1.37,0,0,0.4,0.71,0.98,0.41,2017-04-17
0,0,0,0.75,0,0,0,0,0,0,0,0,0,0,2017-04-18
0,0,0,0,0,0,0,0.02,0,0,0,0,0,0,2017-04-19
0,0,0,0,0,0,0,0.02,0,0,0,0,0,0,2017-04-20
0,0,0,0,0,0,0,0.01,0,0,0,0,0,0,2017-04-21
0,0,0,0,0,0,0,0.03,0,0,0,0,0,0,2017-04-22
0,0,0,0,0,0,0,0.03,0,0,0,0,0,0,2017-04-23
0,0,0,0,0,0,0,0.01,0,0,0,0,0,0,2017-04-24
0,0,0,0,0,0,0,0.01,0,0,0,0,0,0,2017-04-25
0,0,0,0,0,0,0,0.13,0,0,0,0,0,0,2017-04-26
0,0,0,0,0,0,0,0.13,0,0,0,0,0,0,2017-04-27
0,0,0,0,0,0,0,0.01,0,0,0,0,0,0,2017-04-28
0,0,0,0,0,0,0,0.72,0,0,0,0,0,0,2017-04-29
0.09,0.01,0.04,0,0,0,0,0.72,0,0.15,0.01,0.05,0.03,0,2017-04-30
0.09,0.01,0.04,0,0,0,0,0.49,0,0.15,0.01,0.05,0.03,0,2017-05-01
0,0,0,0,0,0,0,0.16,0,0,0,0,0.02,0,2017-05-02
0,0,0,0,0,0,0,0.16,0,0,0,0,0,0,2017-05-03
0,0,0,0,0,0,0,0.28,0,0,0,0,0,0,2017-05-04
0,0,0,0,0,0,0,0.28,0,0,0,0,0,0,2017-05-05
