max(KI040_AccDaily),max(KI041_AccDaily),max(KI043_AccDaily),max(UV031_AccDaily),max(UV032_AccDaily),max(UV033_AccDaily),max(UV034_AccDaily),max(UV035_AccDaily),max(UV036_AccDaily),max(UV037_AccDaily),max(UV039_AccDaily),max(UV042_AccDaily),max(UV044_AccDaily),the_date
0,0,0,0,0,0,0,0,0,0,0,0,0,2014-02-12
0,0,0,0,0,0,0,0,0,0,0,0,0,2014-02-13
0,0,0,0,0,0,0,0,0,0,0,0,0,2014-02-14
0,0,0,0,0,0,0,0,0,0,0,0,0,2014-02-15
0,0,0,0,0,0,0,0,0,0,0,0,0,2014-02-16
0,0,0,0,0,0,0,0,0,0,0,0,0,2014-02-17
0,0,0,0,0,0,0,0,0,0,0,0,0,2014-02-18
0,0,0,0,0,0,0,0,0,0,0,0,0,2014-02-19
0,0,0,0,0,0,0,0,0,0,0,0,0,2014-02-20
0,0,0,0,0,0,0,0,0,0,0,0,0,2014-02-21
0,0,0,0,0,0,0,0,0,0,0,0,0,2014-02-22
0,0,0,0,0,0,0,0,0,0,0,0,0,2014-02-23
0,0,0,0,0,0,0,0,0,0,0,0,0,2014-02-24
0,0,0,0,0,0,0,0,0,0,0,0,0,2014-02-25
0.21,0.92,0.45,0.45,0.3,0.3,0.33,0.64,0.25,0.31,1.3,0.62,0.49,2014-02-26
0.21,0.92,0.45,0.45,0.3,0.3,0.33,0.64,0.26,0.31,1.3,0.62,0.49,2014-02-27
0,0.01,0,0,0,0,0,0,0,0,0,0,0,2014-02-28
0,0,0,0,0,0,0,0,0,0,0,0,0,2014-03-01
0.02,0.03,0,0,0.03,0.02,0.04,0.02,0.08,0.09,0.02,0.01,0.04,2014-03-02
0.02,0.03,0,0,0.03,0.02,0.04,0.02,0.08,0.09,0.02,0.01,0.04,2014-03-03
0,0.03,0,0,0,0,0,0,0.01,0,0.01,0.01,0.01,2014-03-04
0,0,0,0,0,0,0,0,0.01,0,0,0,0.01,2014-03-05
0,0,0,0,0,0,0,0,0,0,0,0,0,2014-03-06
0,0,0,0,0,0,0,0,0,0,0,0,0,2014-03-07
0,0,0,0,0,0,0,0,0,0,0,0,0,2014-03-08
0.03,0.02,0,0.04,0.03,0.04,0.05,0.05,0.12,0.09,0.02,0.1,0.09,2014-03-09
0.04,0.11,0.07,0.22,0.1,0.13,0.06,0.06,0.12,0.09,0.04,0.1,0.09,2014-03-10
0.04,0.11,0.07,0.22,0.1,0.13,0.06,0.06,0.09,0,0.04,0.08,0.07,2014-03-11
0,0,0,0.03,0,0,0,0,0,0,0.01,0,0,2014-03-12
0,0,0,0,0,0,0,0,0,0,0,0,0,2014-03-13
0,0,0,0,0,0,0,0,0,0,0,0,0,2014-03-14
0,0,0,0,0,0,0,0,0,0,0,0,0,2014-03-15
0,0,0,0,0,0,0,0,0,0,0,0,0,2014-03-16
0,0,0,0,0,0,0,0,0,0,0,0,0,2014-03-17
0,0,0,0,0,0,0,0,0,0,0,0,0,2014-03-18
0,0,0,0,0,0,0,0,0,0,0,0,0,2014-03-19
0,0,0,0,0,0,0,0,0,0,0,0,0,2014-03-20
0,0,0,0,0,0,0,0,0,0,0,0,0,2014-03-21
0,0,0,0,0,0,0,0,0,0,0,0,0,2014-03-22
0,0,0,0,0,0,0,0,0,0,0,0,0,2014-03-23
0,0,0,0,0,0,0,0,0,0,0,0,0,2014-03-24
0,0,0,0,0,0,0,0,0,0,0,0,0,2014-03-25
0.08,0.05,0.01,0.22,0.14,0.18,0.14,0.02,0.09,0.12,0.03,0,0.05,2014-03-26
0.11,0.05,0.1,0.22,0.14,0.18,0.14,0.06,0.11,0.12,0.05,0.02,0.23,2014-03-27
0.11,0,0.1,0.08,0.12,0.12,0.06,0.06,0.11,0,0.05,0.02,0.23,2014-03-28
0,0.05,0,0.04,0,0,0.03,0,0,0,0.01,0.01,0,2014-03-29
0,0.05,0,0,0,0,0.03,0,0,0,0,0,0,2014-03-30
0,0,0,0,0,0,0.57,0,0,0,0,0,0,2014-03-31
0,0,0,0,0,0,0.57,0,0,0,0,0,0,2014-04-01
0.03,0.05,0.01,0,0,0,0,0,0,0,0,0,0,2014-04-02
0.03,0.05,0.01,0,0,0,0,0,0,0,0,0,0,2014-04-03
0.27,0.04,0.93,0.22,0.01,1.38,0.27,0,0.55,0.93,1.06,0,0,2014-04-04
0,0,0,0.22,0.01,1.38,0.27,0,0.55,0.93,0,0,0,2014-04-05
0,0,0,0.04,0,0,0,0,0.55,0,0,0,0,2014-04-06
0,0,0,0,0,0,0,0,0,0,0,0,0,2014-04-07
0,0,0,0,0,0,0,0,0,0,0,0,0,2014-04-08
0,0,0,0,0,0,0,0,0,0,0,0,0,2014-04-09
0,0,0,0,0,0,0,0,0,0,0,0,0,2014-04-10
0,0,0,0,0,0,0,0,0,0,0,0,0,2014-04-11
0,0,0,0,0,0,0,0,0,0,0,0,0,2014-04-12
0,0,0,0,0,0,0,0,0,0,0,0,0,2014-04-13
0,0,0,0.54,0.18,0.28,0.46,0.02,0,0.69,0,0,0.04,2014-04-14
0,0,0,0.54,0.18,0.28,0.46,0.02,0,0.69,0,0,0.04,2014-04-15
0,0,0,0.02,0,0,0,0,0,0,0,0,0,2014-04-16
0,0,0,0,0,0,0,0,0,0,0,0,0,2014-04-17
0,0,0,0,0,0,0,0,0,0,0,0,0,2014-04-18
0,0,0,0,0,0,0,0,0,0,0,0,0,2014-04-19
0.16,0.19,0.12,0,0.04,0,0.1,0.19,0.12,0.19,0.07,0.09,0.34,2014-04-20
0.16,0.19,0.12,0,0.04,0,0.1,0.19,0.12,0.19,0.07,0.09,0.34,2014-04-21
0,0.05,0.03,0,0,0,0.03,0,0.01,0,0.04,0.01,0,2014-04-22
0,0.05,0,0,0,0,0,0,0,0,0,0.01,0,2014-04-23
0,0,0,0.33,0,0,0,0,0,0,0,0,0,2014-04-24
0,0,0,0.33,0,0,0,0,0,0,0,0,0,2014-04-25
0,0,0,0,0,0,0,0,0,0,0,0,0,2014-04-26
0,0,0,0,0,0,0,0,0,0,0,0,0,2014-04-27
0,0,0,0,0,0,0,0,0,0,0,0,0,2014-04-28
0,0,0,0,0.25,0,0,0,0,0,0,0,0,2014-04-29
0,0,0,0,0.25,0,0,0,0,0,0,0,0,2014-04-30
0,0,0,0,0.05,0,0,0,0,0,0,0,0,2014-05-01
0,0,0,0,0,0,0,0,0,0,0,0,0,2014-05-02
0,0,0,0,0,0,0,0,0,0,0,0,0,2014-05-03
0,0,0,0,0,0,0,0,0,0,0,0,0,2014-05-04
0,0,0,0,0,0,0,0,0,0,0,0,0,2014-05-05
0,0,0,0,0,0,0,0,0,0,0,0,0,2014-05-06
0,0,0,0,0,0,0,0,0,0,0,0,0,2014-05-07
0,0,0,0,0,0,0,0,0,0,0,0,0,2014-05-08
0.02,0,0,0,0,0,0,0,0,0,0,0.09,0,2014-05-09
0.02,0,0,0.02,0,0,0.03,0,0.05,0,0,0.09,0,2014-05-10
0,0,0,0.02,0,0,0.03,0,0.03,0,0,0.01,0,2014-05-11
0,0,0,0,0,0,0,0,0,0,0,0,0,2014-05-12
0.55,0.08,0.1,1.76,0.23,2.03,0.17,0.36,0.14,0.27,0.09,0,0.31,2014-05-13
0.55,0.08,0.1,1.76,0.23,2.03,0.17,0.36,0.14,0.27,0.09,0,0.31,2014-05-14
0,0.04,0,0,0,0,0,0,0,0,0,0,0,2014-05-15
0,0.04,0,0,0,0,0,0,0,0,0,0,0,2014-05-16
0,0,0,0,0,0,0,0,0,0,0,0,0,2014-05-17
0,0,0,0,0,0,0,0,0,0,0,0,0,2014-05-18
0,0,0,0,0,0,0,0,0,0,0,0,0,2014-05-19
0,0,0,0,0,0,0,0,0,0,0,0,0,2014-05-20
0,0,0,0,0,0,0,0,0,0,0,0,0,2014-05-21
0,0,0,0,0,0,0,0.02,0,0,0,0,0,2014-05-22
0.43,0.18,0.21,0.34,0.13,0.41,0.42,0.19,0.47,0.54,0.24,0.15,0.29,2014-05-23
0.43,0.18,0.21,0.34,0.13,0.41,0.42,0.19,0.47,0.54,0.24,0.15,0.02,2014-05-24
0.07,0.19,0.03,0.04,0,0,0.03,0.25,0.01,0,0.06,0.89,0.16,2014-05-25
0.27,0.19,1.51,2.53,0.24,3.31,1.98,2.94,1.38,1.67,1.84,1.91,0.25,2014-05-26
0.27,0,1.51,2.53,0.24,3.31,1.98,2.94,1.38,0.24,1.84,1.91,0.25,2014-05-27
0,0,0,0,0.06,0,0.01,0.02,0.04,0,0,0.01,0,2014-05-28
0,0,0,0,0,0,0,0,0.02,0,0,0,0,2014-05-29
0,0,0,0,0,0,0,0,0,0,0,0,0,2014-05-30
0,0,0,0,0,0,0,0,0,0,0,0,0,2014-05-31
0,0,0,0,0,0,0,0,0,0,0,0,0,2014-06-01
0,0,0,0,0,0,0,0,0,0,0,0,0,2014-06-02
0,0,0,0,0,0,0,0,0,0,0,0,0,2014-06-03
0,0,0,0,0,0,0,0,0,0,0,0,0,2014-06-04
0,0,0,0,0,0,0,0,0,0,0,0,0,2014-06-05
0,0,0,0,0,0,0,0,0,0,0,0,0,2014-06-06
0,0,0,0,0,0,0,0,0,0,0,0,0,2014-06-07
0,0,0,0,0,0,0,0,0,0,0,0,0,2014-06-08
0,0.04,0.01,0,0,0.01,0,0.03,0,0,0.05,0.01,0.08,2014-06-09
0,0.04,0.01,0,0,0.01,0,0.03,0,0,0.05,0.01,0.08,2014-06-10
4.02,0.04,0,0,0,0.59,0,0,0.57,0.57,0,0.01,0.03,2014-06-11
4.02,0.04,0,0,0,0.59,0,0,0.57,0.57,0,0,0,2014-06-12
4.02,0.43,0.31,0.89,0.63,1.86,0.34,0.32,0.28,0.03,0.19,0.13,0.24,2014-06-13
0.83,0.43,0.31,0.89,0.63,1.86,0.34,0.32,0.28,0.03,0.19,0.13,0.04,2014-06-14
0.01,0.03,0.01,0.04,0.05,0,0.03,0,0,0,0,0.06,0,2014-06-15
0.01,0.03,0,0,0,0,0,0,0,0,0,0,0,2014-06-16
0.01,0,0,0,0,0,0,0,0,0,0,0,0,2014-06-17
0.01,0,0,0,0,0,0,0,0,0,0,0,0,2014-06-18
0.01,0.02,0.04,1.16,0.03,0.34,0.03,0,0.26,0.07,0,0,1.29,2014-06-19
0.01,0.56,1.92,1.16,0.03,0.34,0.06,0.02,1.65,0.35,0.28,0,1.29,2014-06-20
0.01,0.86,1.92,0.07,0,0.02,0.06,0.43,1.65,0.35,0.28,0.06,0.23,2014-06-21
0.01,0.86,1.2,0.04,0,0.02,0.06,0.43,0.18,0.35,0.16,0,0.23,2014-06-22
0.01,0,0,0,0,0,0.04,0,0,0,0,0,0.01,2014-06-23
0.01,0.02,0,0,0,0,0,0.6,0,0,0.11,0.67,0.02,2014-06-24
0.01,0.02,0,1.76,0,0,0.86,0.6,0,0.04,0.19,0.01,0.02,2014-06-25
0.01,0,0,1.76,0.39,0.5,0.86,0.17,0,0.04,0.19,0,0.39,2014-06-26
0.56,0,0,0,0.39,0.5,0.03,0.17,0,0.02,0,0,0,2014-06-27
0.56,0,0,0,0.03,0,0,0,0,0,0,0,0,2014-06-28
0,0,0,0,0,0,0,0,0,0,0,0,0,2014-06-29
0,0,0,0,0,0,0,0,0,0,0,0,0,2014-06-30
0,0,0,0,0,0,0,0,0,0,0,0,0,2014-07-01
0,0,0,0,0,0,0,0,0,0,0,0.63,0,2014-07-02
0,0,0,0,0,0,0,0,0,0,0,0.63,0,2014-07-03
0,0,0,0,0,0,0,0,0,0,0,0.03,0,2014-07-04
0,0,0,0,0.03,0,0,0,0,0,0,0,0,2014-07-05
0,0,0,0,0.03,0,0,0.01,0,0,0,0,0.08,2014-07-06
0,0,0,0,0,0,0,0.01,0,0,0,0,0.08,2014-07-07
0,0,0,0,0,0,0.04,0,0,0.06,0,0,0.04,2014-07-08
0,0,0,0,0,0,0.04,0,0,0.06,0,0,0,2014-07-09
0,0,0,0,0,0,0,0,0,0,0,0,0,2014-07-10
0,0.93,0.65,0.28,0.67,1.46,1.77,0.69,1.12,1.54,0.94,0.83,0.23,2014-07-11
0,0.93,0.65,0.28,0.67,1.46,1.77,0.69,1.12,1.54,0.94,0.83,0.23,2014-07-12
0,0.01,0,0.02,0.05,0,0,0,0,0,0,0,0.04,2014-07-13
0.3,0,0,0,0,0,0,0,0,0,0,0,0,2014-07-14
0.3,0.11,0.04,0.28,0,0,0,0.27,0,0,0,0.89,0,2014-07-15
0.15,0.11,0.04,0.28,0,0,0,0.27,0,0,0,0.89,0,2014-07-16
0.03,0.17,0.13,0,0,0,0,0.08,0.09,0.01,0.09,0.13,0.11,2014-07-17
1.32,1.78,2.04,1.26,1.16,1.36,2.11,0.83,1.48,0.97,2.22,1.73,0.05,2014-07-18
0.28,1.78,2.04,1.26,1.13,1.36,2.11,0,1.48,0.97,2.22,0.21,0.04,2014-07-19
0,0,0,0,0.06,0,0,0,0,0,0,0,0,2014-07-20
0,0,0,0,0,0,0,0,0,0,0,0,0,2014-07-21
0,0,0,0,0,0,0,0,0,0,0,0,0,2014-07-22
0,0,0,0,0,0,0,0,0,0,0,0,0,2014-07-23
0,0.25,0,0,0,0,0,0,0,0,0,0.02,0,2014-07-24
0,0.25,0,0,0,0,0,0,0,0,0,0.02,0,2014-07-25
0,0,0,0,0,0,0,0,0,0,0,0,0,2014-07-26
0,0,0,0,0,0,0,0,0,0,0,0,0,2014-07-27
0,0,0,0,0,0,0,0,0,0,0,0,0,2014-07-28
0,0,0,0,0,0,0,0,0,0,0,0,0,2014-07-29
0,0,0,0,0,0,0,0,0,0,0,0,0,2014-07-30
0,0,0,0,0,0,0,0.02,0,0,0,0.14,0.5,2014-07-31
0,0,0,0,0,0,0,0.03,1.43,0.49,0,0.14,0.5,2014-08-01
0.05,0.43,0.91,0,0,0,0,0.03,1.43,0.49,0.02,0.01,0.01,2014-08-02
0.05,0.43,0.91,0,0,0,0,0,0.02,0,0.02,0.01,0,2014-08-03
0,0,0,0,0,0,0,0,0,0,0,0.01,0,2014-08-04
0,0,0,0,0,0,0,0,0,0,0,0,0,2014-08-05
0,0,0,0,0,0,0,0,0,0,0,0,0,2014-08-06
0,0,0,0,0,0,0,0,0,0,0,0,0,2014-08-07
0,0,0,0,0,0,0,0,0,0,0,0,0,2014-08-08
0,0,0,0,0,0,0,0,0,0,0,0,0,2014-08-09
0,0,0,0,0,0,0,0,0,0,0,0,0,2014-08-10
0.16,0,0,0,0,0,0,0,0.09,0,0,0.06,0,2014-08-11
0.19,0.79,0.32,0.08,0.1,0.19,1.24,0.07,0.09,0.75,0,0.12,0.53,2014-08-12
0.08,0.79,0.32,0.08,0.1,0.19,1.24,0.07,0.03,0.75,0,0.12,0.53,2014-08-13
0,0,0,0,0.04,0,0,0,0,0,0,0,0,2014-08-14
0,0,0,0,0,0,0,0,0,0,0,0,0,2014-08-15
0,0,0,0,0,0,0,0,0,0,0,0,0,2014-08-16
0,0,0,0,0,0,0,0,0,0,0,0,0,2014-08-17
0,0,0,0,0,0,0,0,0,0,0,0,0,2014-08-18
0.49,1.55,1.25,0.58,0.23,0.9,1.66,2.79,1.4,1.33,1.71,1.81,3.66,2014-08-19
0.49,1.55,1.25,0.58,0.23,0.9,1.66,2.79,1.4,1.33,1.71,1.81,3.66,2014-08-20
0,0.07,0,0,0.06,0.17,0.1,0,0,0,0,0,0,2014-08-21
0,0,0,0,0,0.17,0,0,0,0,0,0,0,2014-08-22
0,0,0,0,0,0,0,0,0,0,0,0,0,2014-08-23
0,0,0,0,0,0,0,0,0,0,0,0,0,2014-08-24
0,0,0,0,0,0,0,0,0,0,0,0,0,2014-08-25
0,0,0,0,0,0,0,0,0,0,0,0,0,2014-08-26
0,0,0,0,0,0,0,0,0,0,0,0,0,2014-08-27
0,0,0,0,0,0,0,0,0,0,0,0,0,2014-08-28
0,0,0,0,0,0,0,0,0,0,0,0,0,2014-08-29
0,0,0,0,0,0,0,0,0,0,0,0,0,2014-08-30
0,0,0,0,0,0,0,0,0,0,0,0,0,2014-08-31
0,0,0,0,0,0,0,0,0,0,0,0,0,2014-09-01
0,0,0,0,0,0,0,0,0,0,0,0,0,2014-09-02
0.02,0.51,0,0.25,0.11,0.42,0.49,0.06,0.1,0.09,0.07,0.02,0.01,2014-09-03
0.02,0.51,0.04,0.25,0.11,0.42,0.49,0.06,0.1,0.09,0.07,0.02,0.14,2014-09-04
0.1,0.2,0.06,0.03,0.69,0.36,0,0.02,0.6,0.25,0.03,0.31,0.14,2014-09-05
0.21,0.14,0.14,0,0.69,0.36,0,0.03,0.6,0.25,0.03,0.38,0.01,2014-09-06
0.21,0.16,0.14,0.18,0.03,0,0,1.35,0,0.03,0,1.11,0.85,2014-09-07
0,0.16,0.1,0.18,0,0,0,1.35,0,0,0,1.11,0.85,2014-09-08
0,0.01,0,0,0,0,0,0,0,0,0,0,0,2014-09-09
0,0,0,0,0,0,0,0,0,0,0,0,0,2014-09-10
0,0,0,0,0,0,0,0,0,0,0,0,0,2014-09-11
0,0.01,0,0.1,0,0,0,0.03,0.02,0,0.01,0,0,2014-09-12
0.83,0.19,0.91,0.1,0,0.2,0.09,0.09,0.26,0.22,0.08,0,0,2014-09-13
0.83,0.19,0.91,0.02,0,0.2,0.09,0.09,0.26,0.22,0.08,0,0,2014-09-14
0,0.01,0,0,0,0,0,0,0,0,0,0,0,2014-09-15
0,0,0,0.07,0,0,0,0,0,0,0,0,0,2014-09-16
0,0,0,0.07,0,0,0.02,0.01,0,0.01,0,0,0.05,2014-09-17
0,0,0,0.06,0,0,0.02,0.01,0,0.01,0,0,0.05,2014-09-18
0,1,0.01,2.08,0,3.13,0.15,0.26,0,0.12,0.03,0.02,0.13,2014-09-19
0,1,0.01,2.08,0,3.13,0,0.26,0,0.12,0.03,0.02,0.44,2014-09-20
0.31,0,0.01,0.07,0,0,0,0.08,0,0,0.03,0.01,0.47,2014-09-21
0.31,0,0.01,0,0,0,0,0,0,0,0,0.01,0.03,2014-09-22
0,0,0,0,0,0,0,0,0,0,0,0,0,2014-09-23
0,0,0,0,0,0,0,0,0,0,0,0,0,2014-09-24
0,0,0,0,0,0,0,0,0,0,0,0,0,2014-09-25
0.48,0.11,0.01,0.07,0.13,0,0,0.19,1.03,0,0.05,0.11,0.4,2014-09-26
0.71,0.37,0.71,0.84,0.57,1.06,0,0.4,1.29,1.57,0.63,0.9,0.44,2014-09-27
0.71,0.37,0.71,0.84,0.57,1.06,0,0.4,1.29,1.57,0.63,0.9,0.44,2014-09-28
0,0,0.05,0.02,0.05,0,0,0,0,0,0.01,0,0,2014-09-29
0,0,0.01,0,0,0,0,0,0,0,0,0,0,2014-09-30
0,0,0,0,0,0,0,0,0,0,0,0,0,2014-10-01
0,0,0,0,0,0,0,0,0,0,0,0,0,2014-10-02
0,0,0,0,0,0,0,0,0,0,0,0,0,2014-10-03
0,0,0,0,0,0,0,0,0,0,0,0,0,2014-10-04
0,0,0,0,0,0,0,0,0,0,0,0,0,2014-10-05
0,0,0,0,0,0,0,0,0,0,0,0,0,2014-10-06
0,0,0,0,0,0,0,0,0,0,0,0,0,2014-10-07
0,0,0,0,0,0,0,0,0,0,0,0,0,2014-10-08
0,0,0,0,0,0,0,0,0,0,0,0,0,2014-10-09
0,0,0,0,0,0,0,0,0,0,0,0,0,2014-10-10
0.1,0.29,0.39,0,0,0,0,0.43,0,0,0.24,0.69,0.47,2014-10-11
0.1,0.29,0.39,0,0,0,0,0.43,0,0,0.24,0.69,0.47,2014-10-12
0,0.02,0.03,0,0,0,0,0,0,0,0,0,0,2014-10-13
0,0,0,0,0,0,0,0,0,0,0,0,0,2014-10-14
0,0,0,0,0,0,0,0,0,0,0,0,0,2014-10-15
0,0,0,0,0,0,0,0,0,0,0,0,0,2014-10-16
0,0,0,0,0,0,0,0,0,0,0,0,0,2014-10-17
0,0,0,0,0,0,0,0,0,0,0,0,0,2014-10-18
0,0,0,0,0,0,0,0,0,0,0,0,0,2014-10-19
0,0,0,0,0,0,0,0,0,0,0,0,0,2014-10-20
0,0,0,0,0,0,0,0,0,0,0,0,0,2014-10-21
0,0,0.01,0,0,0,0,0,0,0,0,0.02,0,2014-10-22
0.14,0.15,0.23,0.03,0,0.05,0.1,0.05,0.16,0.11,0.09,0.09,0.06,2014-10-23
0.14,0.15,0.23,0.03,0,0.05,0.1,0.05,0.16,0.11,0.09,0.09,0.06,2014-10-24
0,0.09,0.01,0.03,0,0.02,0.02,0,0,0,0,0,0,2014-10-25
0,0,0.01,0,0,0,0,0,0,0,0,0,0,2014-10-26
0,0,0,0,0,0,0,0,0,0,0,0,0,2014-10-27
0,0,0,0,0,0,0,0,0,0,0,0,0,2014-10-28
0,0,0,0,0,0,0,0,0,0,0,0,0,2014-10-29
0,0,0,0,0,0,0,0,0,0,0,0,0,2014-10-30
0,0,0,0.23,0.07,0.37,0.27,0.06,0,0.08,0.15,0,0.26,2014-10-31
0,0,0,0.23,0.07,0.37,0.27,0.06,0,0.08,0.15,0,0.26,2014-11-01
0,0,0,0.04,0.01,0,0,0,0,0,0.04,0,0,2014-11-02
0,0,0,0,0,0,0,0,0,0,0.01,0,0,2014-11-03
0.02,0.01,0,0,0,0,0,0,0,0,0.03,0.02,0,2014-11-04
1.8,1.59,1.89,1.34,1.07,1.4,0,1.69,1.84,0,1.49,1.91,1.9,2014-11-05
1.8,1.59,1.89,1.34,1.07,1.4,0,1.69,1.84,0,1.49,1.91,1.9,2014-11-06
0.17,0.12,0.2,0.52,0.21,0.34,0,0.12,0.19,0.04,0.13,0.07,0.13,2014-11-07
0.02,0.01,0.03,0.07,0.06,0.09,0.01,0,0.04,0.04,0.03,0,0,2014-11-08
0.02,0.01,0.03,0.07,0,0.09,0.03,0,0.04,0,0.03,0,0,2014-11-09
0,0,0.02,0,0,0,0.03,0,0,0,0.02,0,0,2014-11-10
0,0,0,0,0,0,0.03,0,0,0,0,0,0,2014-11-11
0,0,0,0,0,0,0.03,0,0,0,0,0,0,2014-11-12
0,0,0,0,0,0,0,0,0,0,0,0,0,2014-11-13
0,0,0,0,0,0,0,0,0,0,0,0,0,2014-11-14
0,0,0,0,0,0,0,0,0,0,0,0,0,2014-11-15
0,0,0,0,0,0,0,0,0,0,0,0,0,2014-11-16
0,0,0,0,0,0,0,0,0,0,0,0,0,2014-11-17
0,0,0,0,0,0,0,0,0,0,0,0,0,2014-11-18
0,0,0,0,0.53,0.56,0.58,0,0,0,0,0,0,2014-11-19
0,0,0,0,0.53,0.56,0.58,0,0,0,0,0,0,2014-11-20
0,0,0,0,0,0,0.01,0,0,0,0,0,0,2014-11-21
0.13,0.05,0.08,0,0,0,0.1,0.05,0.02,0,0.14,0.04,0.1,2014-11-22
0.13,0.07,0.12,0.17,0,0,0.1,0.05,0.03,0,0.14,0.09,0.1,2014-11-23
0,0.07,0.1,0.17,0,0,0,0,0,0,0.02,0.09,0,2014-11-24
0,0.02,0.04,0.04,0,0,0,0,0,0,0,0,0,2014-11-25
0,0,0,0,0,0,0,0,0,0,0,0,0,2014-11-26
0,0,0,0,0,0,0,0,0,0,0,0,0,2014-11-27
0,0,0,0,0,0,0,0,0,0,0,0,0,2014-11-28
0,0,0,0,0,0,0,0,0,0,0,0,0,2014-11-29
0,0,0,0,0,0,0,0,0,0,0,0,0,2014-11-30
0,0,0,0,0,0,0,0,0,0,0,0,0,2014-12-01
0.54,0,0,0.5,0,0,0,0,0.56,0.51,0,0,0,2014-12-02
0.54,0,0,0.5,0,0,0,0,0.56,0.51,0,0,0,2014-12-03
0,0,0,0.03,0,0,0,0,0,0,0,0,0,2014-12-04
0,0,0,0.03,0,0,0,0,0,0,0,0,0,2014-12-05
0,0,0,0.02,0,0,0,0,0,0,0,0,0,2014-12-06
0,0,0,0,0,0,0,0,0,0,0,0,0,2014-12-07
0,0,0,0,0,0,0,0,0,0,0,0,0,2014-12-08
0,0,0,0,0,0,0,0,0,0,0,0,0,2014-12-09
0,0,0,0,0,0,0,0,0,0,0,0,0,2014-12-10
0.06,0.1,0.04,0.07,0.02,0.05,0.06,0.1,0.09,0.15,0.06,0.03,0.08,2014-12-11
0.06,0.1,0.04,0.07,0.02,0.05,0.06,0.1,0.09,0.15,0.06,0.03,0.08,2014-12-12
0,0.05,0.04,0.04,0,0,0,0,0,0,0.03,0,0,2014-12-13
0,0,0.03,0,0,0,0,0,0,0,0,0,0,2014-12-14
0,0,0.01,0,0,0,0,0,0,0,0,0,0.01,2014-12-15
0,0,0,0,0,0,0,0,0,0,0,0,0.01,2014-12-16
0,0,0,0.02,0,0,0,0.46,0,0,0,0,0.01,2014-12-17
0,0,0.01,0.02,0,0,0,0.46,0,0,0,0,0.01,2014-12-18
0,0.04,0.01,0.02,0,0,0,0.06,0.18,0,0,0,0.01,2014-12-19
0,0.04,0.01,0.02,0,0,0,0,0.18,0,0,0,0,2014-12-20
0,0.03,0.01,0,0,0,0,0,0,0,0,0,0,2014-12-21
0,0,0.01,0,0,0,0,0,0,0,0,0,0,2014-12-22
0,0,0.01,0,0,0,0,0,0,0,0,0,0,2014-12-23
0,0,0.01,0,0,0,0,0,0,0,0,0,0,2014-12-24
0,0,0,0,0,0,0,0,0,0,0,0,0,2014-12-25
0,0,0,0,0,0,0,0,0,0,0,0,0,2014-12-26
0,0,0,0,0,0,0,0,0,0,0,0,0,2014-12-27
0.01,0.01,0.09,0.1,0,0.02,0,0.02,0.01,0.01,0,0.01,0.05,2014-12-28
0.01,0.51,0.62,0.1,0,0.02,0,0.02,0.01,0.01,0.55,0.01,0.05,2014-12-29
0.03,0.51,0.62,0.02,0,0.01,0.03,0.03,0.04,0.05,0.55,0.61,0.03,2014-12-30
0.07,0.05,0.03,0.04,0.02,0.05,0.06,0.05,0.1,0.1,0.05,0.61,0.04,2014-12-31
0.2,0.06,0.05,0.06,0.59,0.33,0.59,0.27,0.4,0.71,0.16,0.05,0.36,2015-01-01
0.2,0.06,0.05,0.06,0.59,0.33,0.59,0.27,0.4,0.71,0.16,0.05,0.36,2015-01-02
0.06,0.08,0.13,0.38,0.03,0.08,0.02,0.03,0.03,0.03,0.05,0.05,0.03,2015-01-03
0.06,0.08,0.13,0.38,0,0.08,0.02,0.03,0.03,0.03,0.05,0.05,0.03,2015-01-04
0,0,0.08,0.02,0,0,0,0,0,0,0.01,0,0,2015-01-05
0,0,0,0,0,0,0,0,0,0,0,0,0,2015-01-06
0,0,0,0,0,0,0,0,0,0,0,0,0,2015-01-07
0,0,0,0,0,0,0,0,0,0,0,0,0,2015-01-08
0,0,0.01,0,0,0,0,0.01,0,0,0,0.01,0,2015-01-09
0.42,0.44,0.09,0.06,0.27,0.11,0.33,0.46,0.45,0.37,0.42,0.4,0.36,2015-01-10
0.42,0.44,0.09,0.06,0.27,0.11,0.35,0.46,0.45,0.37,0.44,0.4,0.36,2015-01-11
0,0.07,0.05,0.02,0.05,0,0.04,0.05,0.01,0.03,0.04,0.05,0.07,2015-01-12
0,0.05,0.02,0,0,0,0,0,0,0,0,0,0,2015-01-13
0,0,0,0,0,0,0,0,0,0,0,0,0,2015-01-14
0,0,0,0,0,0,0,0,0,0,0,0,0,2015-01-15
0,0,0,0,0,0,0,0,0,0,0,0,0,2015-01-16
0,0,0,0,0,0,0,0,0,0,0,0,0,2015-01-17
0,0,0,0,0,0,0,0,0,0,0,0,0,2015-01-18
0,0,0,0,0,0,0,0,0,0,0,0,0,2015-01-19
0,0,0,0,0,0,0,0,0,0,0,0,0,2015-01-20
0.01,0,0,0.01,0,0,0,0,0,0,0,0,0,2015-01-21
0.68,0.35,0.61,0.8,1.07,1.15,0.95,1.48,0.84,0.85,1.06,0.52,0.95,2015-01-22
0.68,0.35,0.61,0.8,1.07,1.15,0.95,1.48,0.84,0.85,1.06,0.52,0.95,2015-01-23
0.13,0.14,0.17,0.1,0.09,0.15,0.12,0.17,0.09,0.12,0.19,0.13,0.14,2015-01-24
0,0.05,0.05,0.02,0,0,0,0,0,0,0,0,0,2015-01-25
0,0,0,0,0,0,0,0,0,0,0,0,0,2015-01-26
0,0,0,0,0,0,0,0,0,0,0,0,0,2015-01-27
0,0,0,0,0,0,0,0,0,0,0,0,0,2015-01-28
0,0,0,0,0,0,0,0,0,0,0,0,0,2015-01-29
0,0,0,0,0,0,0,0,0,0,0,0,0,2015-01-30
0.12,0.34,0.16,0.09,0.13,0.07,0.11,0.26,0.18,0.13,0.14,0.18,0.4,2015-01-31
0.13,0.34,0.16,0.09,0.13,0.07,0.11,0.26,0.18,0.13,0.14,0.18,0.4,2015-02-01
0,0.05,0.05,0.04,0,0,0,0,0,0.01,0,0,0,2015-02-02
0.25,0.2,0.16,0.21,0.19,0.28,0.22,0.23,0.25,0.23,0.21,0.17,0.28,2015-02-03
0.25,0.2,0.16,0.21,0.19,0.28,0.22,0.23,0.25,0.23,0.21,0.17,0.28,2015-02-04
0,0.05,0.04,0.02,0.01,0,0,0.01,0,0,0.02,0.02,0.02,2015-02-05
0,0.03,0.01,0,0,0,0,0,0,0,0,0,0,2015-02-06
0,0,0.01,0,0,0,0,0,0,0,0,0,0,2015-02-07
0,0,0.01,0,0,0,0,0,0,0,0,0,0,2015-02-08
0,0,0,0,0,0,0,0,0,0,0,0,0,2015-02-09
0,0,0,0,0,0,0,0,0,0,0,0,0,2015-02-10
0,0,0,0,0,0,0,0,0,0,0,0,0,2015-02-11
0,0,0,0,0,0,0,0,0,0,0,0,0,2015-02-12
0,0,0,0,0,0,0,0,0,0,0,0,0,2015-02-13
0,0,0,0,0,0,0,0,0,0,0,0,0,2015-02-14
0,0,0,0.02,0,0,0,0,0,0,0,0,0,2015-02-15
0,0,0,0.02,0,0,0,0,0,0,0,0,0,2015-02-16
0.06,0.06,0.03,0.06,0.09,0.05,0.08,0.07,0.11,0.07,0.05,0,0.05,2015-02-17
0.06,0.06,0.03,0.06,0.09,0.05,0.08,0.07,0.11,0.07,0.05,0,0.05,2015-02-18
0,0.02,0.03,0.02,0,0,0,0,0,0,0,0,0,2015-02-19
0,0,0.01,0,0,0,0,0,0,0,0,0,0,2015-02-20
0,0,0,0,0,0,0,0,0,0,0,0,0,2015-02-21
0,0,0,0,0,0,0,0,0,0,0,0,0,2015-02-22
0,0,0,0.01,0,0,0,0.01,0.02,0,0.02,0,0,2015-02-23
0,0,0,0.01,0,0,0,0.01,0.02,0,0.02,0,0,2015-02-24
0,0,0,0,0,0,0,0,0,0,0,0,0,2015-02-25
0,0,0,0,0,0,0,0,0,0,0,0,0,2015-02-26
0,0,0,0,0,0,0,0,0,0,0,0,0.01,2015-02-27
0.11,0.07,0.09,0.06,0.03,0.08,0.1,0.16,0.12,0.09,0.11,0.07,0.13,2015-02-28
0.11,0.07,0.09,0.06,0.03,0.08,0.1,0.16,0.12,0.09,0.11,0.07,0.13,2015-03-01
0.01,0.03,0.04,0.02,0.02,0.02,0.03,0.02,0.06,0.01,0.01,0.01,0.03,2015-03-02
0.01,0.03,0.04,0.04,0.03,0.05,0.04,0.04,0.06,0.03,0.03,0.02,0.06,2015-03-03
0.01,0.03,0.04,0.04,0.03,0.05,0.04,0.04,0.03,0.03,0.03,0.02,0.06,2015-03-04
0.15,0.03,0.04,0.02,0.03,0,0.05,0.11,0.06,0.06,0.06,0.05,0.27,2015-03-05
0.15,0,0,0.02,0.03,0,0.05,0.11,0.06,0.06,0.06,0.05,0.27,2015-03-06
0,0,0,0,0,0,0,0,0,0,0,0,0,2015-03-07
0.02,0.04,0.05,0.18,0.06,0.15,0.08,0.04,0.05,0.06,0.01,0.08,0.07,2015-03-08
0.03,0.04,0.05,0.18,0.11,0.15,0.09,0.11,0.07,0.1,0.06,0.08,0.16,2015-03-09
0.03,0.04,0.03,0.18,0.11,0.1,0.09,0.11,0.07,0.1,0.06,0.07,0.16,2015-03-10
0,0.02,0.03,0.04,0,0,0,0,0,0,0,0,0,2015-03-11
0,0,0,0,0,0,0,0,0,0,0,0,0,2015-03-12
0,0,0,0,0,0,0,0,0,0,0,0,0,2015-03-13
0,0,0,0,0,0,0,0,0,0,0,0,0,2015-03-14
0,0,0,0,0,0,0,0,0,0,0,0,0,2015-03-15
0,0,0,0,0,0,0,0,0,0,0,0,0,2015-03-16
0.08,0.05,0.09,0.12,0.06,0.09,0.13,0.09,0.08,0.11,0.05,0.06,0.12,2015-03-17
0.08,0.05,0.09,0.12,0.06,0.09,0.13,0.1,0.08,0.11,0.05,0.06,0.12,2015-03-18
0.05,0.02,0.03,0.02,0,0,0.04,0.1,0,0,0,0.02,0,2015-03-19
0.23,0.07,0.25,0.12,0,0,0.03,0,0,0,0.04,0.21,0.01,2015-03-20
1.43,1.04,0.94,1.46,1.24,1.49,1.27,1.12,1.17,1.42,1.13,0.98,1.41,2015-03-21
1.43,1.04,0.94,1.46,1.24,1.49,1.27,1.12,1.17,1.42,1.13,0.98,1.41,2015-03-22
0.04,0.06,0.03,0,0,0,0,0.1,0,0,0.29,0.37,0.08,2015-03-23
0,0.03,0.01,0,0,0,0,0,0,0,0,0,0,2015-03-24
0,0,0,0,0.39,0,0,0,0,0,0,0,0,2015-03-25
0,0,0,0.02,0.39,0,0,0.03,0,0,0.03,0.21,0.01,2015-03-26
0,0,0,0.02,0,0,0,0.03,0,0,0.03,0.21,0.01,2015-03-27
0,0,0,0.01,0,0,0,0,0,0,0,0,0,2015-03-28
0,0,0,0,0,0,0,0,0,0,0,0,0,2015-03-29
0,0,0,0,0,0,0,0,0,0,0,0,0,2015-03-30
0,0,0,0,0,0,0,0,0,0,0,0,0,2015-03-31
0,0,0,0,0,0,0,0,0,0,0,0,0,2015-04-01
0,0,0,0,0,0.53,0,0,0,0,0,0,0,2015-04-02
0,0,0,0,0,0.53,0,0,0,0,0,0,0,2015-04-03
0,0,0,0,0,0,0,0,0,0,0,0.14,0,2015-04-04
0,0,0,0,0,0,0,0,0,0,0,0.14,0,2015-04-05
0,0,0,0,0,0,0,0.01,0,0,0,0,0,2015-04-06
0,0,0,0,0,0,0,0.01,0,0,0,0,0,2015-04-07
0,0,0,0,0,0,0,0,0,0,0,0,0,2015-04-08
0,0.02,0,0,0,0,0,0.01,0.01,0,0.02,0,0,2015-04-09
0.61,0.55,0,1.84,0.69,0.77,1.24,0.25,0.92,0.88,0.66,0.42,0.23,2015-04-10
0.61,0.55,0,1.84,0.69,0.77,1.24,0.25,0.92,0.88,0.66,0.42,0.23,2015-04-11
0,0.05,0,0.52,0,0.01,0.03,0.14,0.03,0.07,0.58,0.3,0.06,2015-04-12
0.46,0.55,0.81,0.62,0.42,0.74,0.66,0.74,0.64,0.39,0.64,0.54,1.11,2015-04-13
0.46,0.55,0.81,0.62,0.11,0.74,0.66,0.74,0.64,0.39,0.64,0.54,1.11,2015-04-14
0,0,0.03,0,0,0,0,0,0,0,0,0,0,2015-04-15
0,0.04,0.05,0,0,0,0.27,0.36,0,0.11,0,0.04,0.47,2015-04-16
0.55,1.65,3.14,0.08,0,0,0.27,0.71,0.18,0.11,0.24,0.99,0.47,2015-04-17
0.55,1.65,3.14,0.08,0,0,0.13,0.71,0.18,0.06,0.24,0.99,0.46,2015-04-18
0,0,0.01,0,0,0,0,0,0,0,0,0,0,2015-04-19
0,0,0,0,0,0,0,0,0,0,0,0,0,2015-04-20
0,0,0,0,0,0,0,0,0,0,0,0,0,2015-04-21
0.23,0.43,0.31,0.24,0.71,0.23,0.87,0.99,0.18,0.57,0.57,0.26,0.3,2015-04-22
0.23,0.43,0.31,0.24,0.71,0.23,0.87,0.99,0.18,0.57,0.57,0.26,0.3,2015-04-23
0.86,1.3,0.78,0.04,0.03,0.04,0.09,1.46,0.4,0.03,2.68,1.66,0.27,2015-04-24
0.87,1.3,0.78,1.1,0.83,0.73,0.61,1.46,1.26,1.46,2.68,1.66,0.27,2015-04-25
0.67,0.12,0.11,1.1,0.83,0.73,0.61,0.07,1.26,1.46,0.16,0.08,0,2015-04-26
0,0.12,0.06,0.2,0.04,0.01,0.03,0.33,0,0,0.16,0.1,0.6,2015-04-27
0,0.12,0.01,0.2,0.04,0.01,0.03,0.33,0,0,0.16,0.1,0.6,2015-04-28
0,0,0,0.02,0,0,0,0,0,0,0,0,0,2015-04-29
0,0,0,0,0,0,0,0,0,0,0,0,0,2015-04-30
0,0,0,0,0,0,0,0,0,0,0,0,0,2015-05-01
0,0,0,0,0,0,0,0,0,0,0,0,0,2015-05-02
0,0,0,0,0,0,0,0,0,0,0,0,0,2015-05-03
0.15,0,0,0,0.03,0,0,0.12,0,0,0.11,0,0.2,2015-05-04
0.15,0.04,0,0.04,0.03,0,0,0.13,0.01,0,0.11,0,0.2,2015-05-05
0.04,0.04,0.03,0.04,0.03,0,0,0.13,0.01,0,0.07,0.06,0.08,2015-05-06
0.03,0.04,0.03,0.02,0.03,0,0,0.08,0,0,0.06,0.06,0.08,2015-05-07
0.03,0.03,0.03,0.05,0,0,0,0.01,0,0,0,0.03,0.02,2015-05-08
0.02,0.03,0.03,0.05,0,0,0,0.01,0,0,0,0,0.02,2015-05-09
0,0.03,0.01,0.04,0,0,0,0,0,0,0,0,0.02,2015-05-10
0.04,0.1,1.54,0,0,0,0,0.33,0.01,0,0.07,0.54,0.25,2015-05-11
0.65,0.32,1.54,1.25,0.78,0.92,1.51,1.22,1.18,0.41,0.07,0.54,0.87,2015-05-12
0.65,0.32,0.37,1.25,0.78,1.04,1.51,1.28,1.18,1.07,0.64,1.28,0.87,2015-05-13
0.22,0.27,0.14,1,0.38,1.04,1.04,1.28,0.7,1.07,0.64,1.28,0.64,2015-05-14
2.36,0.34,0.19,2.53,2.11,3.18,4.34,2.36,2.59,2.06,2.3,0.67,0.59,2015-05-15
2.36,0.34,0.19,2.53,2.11,3.18,4.34,2.36,2.59,2.06,2.3,0.67,0.59,2015-05-16
1.07,1.99,2.12,0.84,1.27,0.98,1.03,1.71,0.92,0.95,1.57,1.58,0.16,2015-05-17
1.07,1.99,2.12,0.84,0,0.98,0.31,1.71,0.92,0.95,1.57,1.58,0.16,2015-05-18
0,0,0,0,0,0,0,0,0,0,0.01,0,0.08,2015-05-19
0,0,0,0,0,0,0,0,0,0,0,0,0.05,2015-05-20
0.63,0.7,0.38,0.05,0.63,0.71,0.23,0.38,0.59,0.72,0.12,0.23,0.58,2015-05-21
0.18,0,0,0.05,0.63,0.71,0,0.38,0.59,0.72,0.12,0,0.03,2015-05-22
0.75,2.03,0.87,1.17,5.66,1.52,0.3,1.91,1.41,1.3,2.71,3.1,0.02,2015-05-23
0.75,2.03,1.66,2.06,5.67,1.53,11.94,1.91,1.42,1.31,2.71,3.1,0.04,2015-05-24
0.72,1.41,1.66,2.06,1.45,1.43,11.94,0.71,0.69,0.47,1.74,1.24,0.05,2015-05-25
0.04,0.03,0,0.02,0.06,0.01,0,0.01,0.03,0,0.05,0,0.05,2015-05-26
0,0,0,0,0,0,0,0,0,0,0.01,0,0.03,2015-05-27
0,0,0.53,0.05,0,0,0,0,0,0,0,0,0.03,2015-05-28
1.49,2.07,1.52,1.49,0.48,1.31,1.47,1.9,1.65,0.87,1.92,1.46,0.07,2015-05-29
1.49,2.07,1.52,1.49,0.48,1.31,1.47,1.9,1.65,0.87,1.92,1.46,0.07,2015-05-30
0.78,0.46,1.49,0.28,0,0.31,0.68,0.13,0.4,0.29,0.32,0.04,0.03,2015-05-31
0,0,0,0,0.04,0,0,0,0.06,0,0,0,0.03,2015-06-01
0,0,0,0,0.04,0,0,0,0,0,0,0,0.02,2015-06-02
0,0.54,0,0,0,0,0,0,0,0,0,0,1.65,2015-06-03
0,0.54,0,0,0,0,0,0,0,0,0,0,1.65,2015-06-04
0,0,0,0,0,0,0,0,0,0,0,0,0,2015-06-05
0,0,0,0,0,0,0,0,0,0,0,0,0,2015-06-06
0,0,0,0,0,0,0,0,0,0,0,0,0,2015-06-07
0,0,0,0,0,0,0,0,0,0,0,0,0,2015-06-08
0,0,0,0,0,0,0,0,0,0,0,0,0,2015-06-09
0,0,0,0,0,0,0,0,0,0,0,0,0,2015-06-10
0,0,0,0,0,0,0,0,0,0,0,0,0,2015-06-11
3.54,0,0,0.64,0,0,0.47,0,0.58,0.58,0,0,0,2015-06-12
3.54,0,0,0.64,0,0,0.47,0,0.58,0.58,0,0,0,2015-06-13
1.23,1.57,1.58,0,0.47,1.64,2.69,0.78,1.93,1.22,1.17,0.79,0.61,2015-06-14
1.23,1.57,1.58,0,0.47,1.64,2.69,0.78,1.93,1.22,1.17,0.79,0.61,2015-06-15
0,0.01,0,0,0.04,0,0,0,0,0,0,0,0,2015-06-16
0.06,0.01,0.17,0,0.04,0.01,0.05,0,0,0.07,0,0,0,2015-06-17
0.06,0,0.17,0,0.04,0.01,0.05,0,0,0.07,0,0,0,2015-06-18
0.71,0.49,0.17,0.87,0.04,0,0.03,0,0,0.38,0.43,0,0,2015-06-19
0.71,0.49,0.17,0.87,0.04,0.22,0.03,0,0,0.38,0.43,0,0,2015-06-20
0.64,0.08,0,0.5,0.04,0.23,0,0,0,0.09,0.02,0,0,2015-06-21
0.64,0.08,0,0.5,0.08,0.23,0,0,0,0.09,0.03,0,0,2015-06-22
0,0,0,0.5,0.08,0.05,0,0,0,0.09,0.03,0,0,2015-06-23
0.25,0,0,0,0,0,0,0,0,0,0,0,0,2015-06-24
0.25,0,0,0,0,0,0,0,0,0,0,0,0,2015-06-25
0.1,0,0,0,0,0,0,0,0,0,0,0,0,2015-06-26
0.7,0.88,0.46,0,0.24,0.82,0.04,0.15,0.21,0.15,0.88,1.67,0.1,2015-06-27
0.7,0.88,0.46,0,0.24,0.82,0.04,0.15,0.21,0.15,0.88,1.67,0.1,2015-06-28
0,0,0,0,0.04,0,0,0,0,0.03,0,0,0,2015-06-29
0,0,0,0,0.04,0.1,0.17,0.15,0.25,0.08,0.53,0.82,0,2015-06-30
0,0,0,0,0.03,0.1,0.17,0.15,0.25,0.08,0.53,0.82,0,2015-07-01
0,0,0,0,0.02,0,0,0,0.01,0.03,0,0,0,2015-07-02
0,0,0,0,0.04,0,0,0,0,0,0,0,0,2015-07-03
0,0,0,0,0.04,0,0,0,0,0,0,0,0,2015-07-04
0,0,0,0,0.01,0,0,0,0,0,0,0,0,2015-07-05
0,0,0,0,0.52,0,0,0.49,0,0,0,0,0,2015-07-06
0,0,0,0,0.52,0,0,0.49,0,0,0,0,0,2015-07-07
0,0.66,0.08,0,0,0,0.6,0,0.81,1.05,0.96,0.87,0,2015-07-08
0,0.66,0.08,0,0,0,0.6,0,0.81,1.05,0.96,0.87,0,2015-07-09
0,0.02,0,0,0,0,0,0,0,0,0,0,0,2015-07-10
0,0,0,0,0,0,0,0,0,0,0,0,0,2015-07-11
0,0,0,0,0,0,0,0,0,0,0,0,0,2015-07-12
0,0,0,0,0,0,0,0,0,0,0,0,0,2015-07-13
0,0,0,0,0,0,0,0,0,0,0,0,0,2015-07-14
0,0,0,0,0,0,0,0,0,0,0,0,0,2015-07-15
0,0,0,0,0,0,0,0,0,0,0,0,0,2015-07-16
0,0,0,0,0,0,0,0,0,0,0,0,0,2015-07-17
0,0,0,0,0,0,0,0,0,0,0,0,0,2015-07-18
0,0,0,0,0,0,0,0,0,0,0,0,0,2015-07-19
0,0,0,0,0,0,0,0,0,0,0,0,0,2015-07-20
0,0,0,0,0,0,0,0,0,0,0,0,0,2015-07-21
0,0,0,0,0,0,0,0,0,0,0,0,0,2015-07-22
0,0,0,0,0,0,0,0,0,0,0,0,0,2015-07-23
0,0,0,0,0,0,0,0,0,0,0,0,0,2015-07-24
0,0,0,0,0,0,0,0,0,0,0,0,0,2015-07-25
0,0,0,0,0,0,0,0,0,0,0,0,0,2015-07-26
0,0,0,0,0,0,0,0,0,0,0,0,0,2015-07-27
0,0,0,0,0,0,0,0,0,0,0,0,0,2015-07-28
0,0,0,0,0,0,0,0,0,0,0,0,0,2015-07-29
0,0,0,0,0,0,0,0,0,0,0,0,0,2015-07-30
0,0,0.07,0.01,0,0.04,0,0,0,0.09,0.9,0.94,0,2015-07-31
0,0,0.07,0.01,0,0.04,0,0,0,0.09,0.9,0.94,0,2015-08-01
0,0,0.01,0,0,0,0,0,0,0,0,0,0,2015-08-02
0,0,0,0,0,0,0,0,0,0,0,0,0,2015-08-03
0,0,0,0,0,0,0,0,0,0,0,0,0,2015-08-04
0,0,0,0,0,0,0,0,0,0,0,0,0,2015-08-05
0,0,0,0,0,0,0,0,0,0,0,0,0,2015-08-06
0,0,0,0,0,0,0,0,0,0,0,0,0,2015-08-07
0,0,0,0,0,0,0,0,0,0,0,0,0,2015-08-08
0,0,0,0,0,0,0,0,0,0,0,0,0,2015-08-09
0,0,0,0,0,0,0,0,0,0,0,0,0,2015-08-10
0,0,0,0,0,0,0,0,0,0,0,0,0,2015-08-11
0.12,0.18,0,0,0,0,0,0.25,0,0,0.85,0.45,0,2015-08-12
0.12,0.18,0,0.02,0,0.1,0.06,0.25,0.09,0.04,0.85,0.45,0.21,2015-08-13
0.01,0.15,0,0.02,0,0.1,0.06,0.64,0.09,0.04,0.08,0.19,1.26,2015-08-14
0,0.02,0,0.01,0,0.01,0,0.92,0.99,0,0.06,0.19,1.28,2015-08-15
0,0,0,0,0,0,0,0.5,0.99,0,0.06,0.01,0.34,2015-08-16
0,0,0,0,0,0,0,0,0,0,0.01,0,0,2015-08-17
0,0,0,0,0,0,0,0,0,0,0,0,0,2015-08-18
0,0,0,0,0,0,0,0,0,0,0,0,0,2015-08-19
0,0.12,0.01,0.01,0,0.07,0,0.26,0.01,0,0.05,0.08,0.65,2015-08-20
0,0.12,0.01,0.01,0,0.07,0,0.26,0.01,0,0.05,0.08,0.65,2015-08-21
0,0,0.01,0.01,0,0,0,0,0,0,0,0,0,2015-08-22
0,0,0,0,0,0,0,0,0,0,0,0,0,2015-08-23
0,0,0,0,0,0,0,0,0,0,0,0,0,2015-08-24
0,0,0,0,0,0,0,0,0,0,0,0,0,2015-08-25
0,0,0,0,0,0,0,0,0,0,0,0,0,2015-08-26
0,0,0,0,0,0,0,0,0,0,0,0,0,2015-08-27
0,0,0,0,0,0,0,0,0,0,0,0,0,2015-08-28
0,0,0,0,0,0,0,0,0,0,0,0,0,2015-08-29
0,0,0,0,0,0,0,0,0,0,0,0,0,2015-08-30
0,0,0,0,0,0,0,0,0,0,0,0,0,2015-08-31
0,0,0,0,0,0,0,0,0,0,0,0,0,2015-09-01
0,0,0,0,0,0,0,0,0,0,0,0,0,2015-09-02
0,0,0,0,0,0,0,0,0,0,0,0,0,2015-09-03
0,0,0,0,0,0,0,0,0,0,0,0,0,2015-09-04
0,0,0,0,0,0,0,0,0,0,0,0,0,2015-09-05
0,0,0,0,0,0,0,0,0,0,0,0,0,2015-09-06
0,0,0,0,0,0,0,0,0,0,0,0,0,2015-09-07
0,0,0,0,0,0,0,0,0,0,0,0,0,2015-09-08
0.02,0.21,0.11,0,0,0,0,0.02,0.13,0,0.03,0.28,0,2015-09-09
0.04,0.22,0.38,0.23,0.18,0.06,0,0.02,0.13,0,0.04,0.28,0.43,2015-09-10
0.04,0.16,0.38,0.23,0.05,0.06,0,0,0.01,0,0.08,0.01,0.43,2015-09-11
0.03,0.16,0.09,0.06,0.05,0.04,0,0,0,0,0.08,0,0,2015-09-12
0,0,0,0.06,0,0.04,0,0,0,0,0,0,0,2015-09-13
0,0,0,0,0,0,0,0,0,0,0,0,0,2015-09-14
0,0,0,0,0,0,0,0,0,0,0,0,0,2015-09-15
0,0,0,0,0,0,0.02,0,0,0,0,0,0,2015-09-16
0,0,0,0,0,0,0.02,0,0,0,0,0,0,2015-09-17
0,0,0,0,0,0,0,0,0,0,0,0,0,2015-09-18
0,0,0,0,0,0,0,0,0,0,0,0,0,2015-09-19
0,0,0,0,0,0,0,0,0,0,0,0,0,2015-09-20
0,0,0,0,0,0,0,0,0,0,0,0,0,2015-09-21
0,0,0,0,0,0,0,0,0,0,0,0,0,2015-09-22
0,0,0,0,0,0,0,0,0,0,0,0,0,2015-09-23
0,0,0,0,0,0,0,0,0,0,0,0,0,2015-09-24
0,0,0,0.15,0,0,0,0,0,0,0,0,0.06,2015-09-25
0,0,0,0.15,0,0,0,0,0,0,0,0,0.06,2015-09-26
0,0,0,0.02,0,0,0,0,0,0,0,0,0,2015-09-27
0,0,0,0,0,0,0,0,0,0,0,0,0,2015-09-28
0,0,0,0,0,0,0,0,0,0,0,0,0,2015-09-29
0,0,0,0,0,0,0,0,0,0,0,0,0,2015-09-30
0,0,0,0,0,0,0,0,0,0,0,0,0,2015-10-01
0,0,0,0,0,0,0,0,0,0,0,0,0,2015-10-02
0,0,0,0,0,0,0,0,0,0,0,0,0,2015-10-03
0,0,0,0,0,0,0,0,0,0,0,0,0,2015-10-04
0,0,0,0,0,0,0,0,0,0,0,0,0,2015-10-05
0,0,0,0,0,0,0,0,0,0,0,0,0,2015-10-06
0,0,0,0,0,0,0,0,0,0,0,0,0,2015-10-07
0,0,0,0,0,0,0,0.17,0,0,0,0,0.1,2015-10-08
4.74,0.23,7.99,2.84,0.23,7.19,4.89,2.25,3.42,0,5.25,3.57,2.01,2015-10-09
4.74,0.23,7.99,0.02,0,7.19,4.89,2.25,3.42,0,5.25,3.57,2.01,2015-10-10
0.01,0,0,0.02,0,0.09,0,0,0,0,0,0,0,2015-10-11
0.01,0,0,0,0.05,0.06,0,0,0,0,0,0,0,2015-10-12
0,0,0,0,0,0.04,0,0,0,0,0,0,0,2015-10-13
0,0,0,0,0,0.03,0,0,0,0,0,0,0,2015-10-14
0,0,0,0,0,0,0,0,0,0,0,0,0,2015-10-15
0,0,0,0,0,0,0,0,0,0,0,0,0,2015-10-16
0,0,0,0,0,0,0,0,0,0,0,0,0,2015-10-17
0,0,0,0,0,0,0,0,0,0,0,0,0,2015-10-18
0,0,0,0,0,0,0,0,0,0,0,0,0,2015-10-19
0,0,0,0,0,0,0,0,0,0.57,0,0,0,2015-10-20
0,0,0,0,0.02,0,0,0,0,0.57,0,0,0,2015-10-21
0,0.04,0,0.18,0.08,0.05,0.1,0.26,0,0.02,0.05,0,0.43,2015-10-22
0,0.04,0,0.18,0.08,0.05,0.1,0.26,0,0.02,0.05,0,0.43,2015-10-23
1.83,1.45,1.98,1.6,0.23,0.38,1.81,2,2.18,2.09,2.11,2.41,0.71,2015-10-24
1.83,1.45,1.98,1.6,0.23,0.38,1.81,2,2.18,2.09,2.11,2.41,0.71,2015-10-25
0,0,0,0.02,0,0.15,0,0,0,0,0,0,0,2015-10-26
0,0,0,0,0,0.06,0,0,0,0,0,0,0,2015-10-27
0,0,0,0,0,0.02,0,0,0,0,0,0,0,2015-10-28
0,0,0,0,0,0.02,0,0,0,0,0,0,0,2015-10-29
0.07,0.05,0.09,1.52,0,0.02,0.1,0.36,0,0.01,0.17,0.15,0.38,2015-10-30
0.07,0.19,0.09,1.52,0.37,0.02,0.1,0.36,0,0.01,0.49,0.42,0.59,2015-10-31
0.03,0.19,0,1.03,0.37,0.02,0.1,0.12,0,0,0.49,0.42,0.59,2015-11-01
0.03,0,0,0.03,0,0.02,0,0,0,0,0,0,0,2015-11-02
0,0,0,0,0,0.02,0,0,0,0,0,0,0,2015-11-03
0,0,0.01,0,0.12,0.01,0.03,0.02,0,0.01,0,0,0,2015-11-04
0.03,0.03,0.01,0.02,0.12,0.04,0.03,0.08,0,0.01,0.05,0.05,0.06,2015-11-05
0.03,0.03,0.18,1.59,0,0.57,0.12,0.14,0.05,0.15,0.05,0.05,0.06,2015-11-06
0,0,0,0.02,0,0,0,0,0,0,0,0,0,2015-11-09
0,0,0,0.02,0,0,0,0,0,0,0,0,0,2015-11-10
0,0,0,0,0,0,0,0,0,0,0,0,0,2015-11-11
0,0,0,0,0,0,0,0,0,0,0,0,0,2015-11-12
0,0,0,0,0,0,0,0,0,0,0,0,0,2015-11-13
0,0,0,0,0,0,0,0,0,0,0,0,0,2015-11-14
0,0.01,0,0,0,0,0,0.02,0.01,0,0,0.01,0.01,2015-11-15
0.05,0.08,0.05,0,0.23,0,0.03,0.14,0.01,0.01,0.03,0.02,0.16,2015-11-16
0.05,0.08,0.05,0.06,0.21,0,0.03,0.14,0.01,0.02,0.03,0.02,0.17,2015-11-17
0.57,0.31,0.49,0.06,0.04,0,0.59,0.01,0.54,0.02,0.56,0.01,0.17,2015-11-18
0.57,0.31,0.49,0.02,0,0,0.59,0,0.54,0.02,0.56,0,0,2015-11-19
0,0.12,0.02,0,0,0,0,0,0,0,0,0,0,2015-11-20
0,0.02,0,0,0,0,0,0,0,0,0,0,0,2015-11-21
0,0,0,0,0,0,0,0,0,0,0,0,0,2015-11-22
0,0,0,0,0,0,0,0,0,0,0,0,0,2015-11-23
0,0,0,0,0,0,0,0,0,0,0,0,0,2015-11-24
0,0,0,0,0,0,0,0,0,0,0,0,0,2015-11-25
0.11,0.33,0.14,0.09,0.19,0.1,0.3,0.17,0.16,0.29,0.2,0.17,0.4,2015-11-26
0.71,0.82,0.94,0.09,0.31,0.13,0.41,1.18,0.46,0.46,1.37,0.61,1.1,2015-11-27
0.71,0.85,0.94,1.52,0.51,0.46,0.47,1.23,0.46,0.47,1.38,0.67,1.13,2015-11-28
0.1,0.15,0.06,1.52,0.51,0.46,0.47,0.47,0.2,0.36,0.42,0.3,0.49,2015-11-29
0.03,0.05,0.06,0.03,0,0,0,0.03,0,0.01,0.08,0.05,0.02,2015-11-30
0,0,0,0,0,0,0,0,0,0,0.02,0,0,2015-12-01
0,0,0,0,0,0,0,0,0,0,0,0,0,2015-12-02
0,0,0,0,0,0,0,0,0,0,0,0,0,2015-12-03
0,0,0,0,0,0,0,0,0,0,0,0,0,2015-12-04
0,0,0,0,0,0,0,0,0,0,0,0,0,2015-12-05
0,0,0,0,0,0,0,0,0,0,0,0,0,2015-12-06
0,0,0,0,0,0,0,0,0,0,0,0,0,2015-12-07
0,0,0,0,0,0,0,0,0,0,0,0,0,2015-12-08
0,0,0,0,0,0,0,0,0,0,0,0,0,2015-12-09
0,0,0,0,0,0,0,0,0,0,0,0,0,2015-12-10
0,0,0,0,0,0,0,0,0,0,0,0,0,2015-12-11
0,0,0,0,0,0,0,0,0,0,0,0,0,2015-12-12
0.82,0.66,0.58,0.67,0.84,0.69,0.62,0.93,1.38,0.39,1.25,1.04,1.05,2015-12-13
0.82,0.66,0.58,0.67,0.84,0.69,0.62,0.93,1.38,0.39,1.25,1.04,1.05,2015-12-14
0.82,0,0,0.01,0.04,0,0,0,0,0,0,0,0,2015-12-15
0.82,0,0,0.56,0.01,0,0,0,0,0,0,0,0,2015-12-16
0,0,0,0.56,0,0,0,0,0,0,0,0,0,2015-12-17
0,0,0,0,0,0,0,0,0,0,0,0,0,2015-12-18
0,0,0,0,0,0,0,0,0,0,0,0,0,2015-12-19
0,0,0,0,0,0,0,0,0,0,0,0,0,2015-12-20
0,0,0,0,0,0,0,0,0,0,0,0,0,2015-12-21
0,0,0,0,0,0,0,0,0,0,0,0,0,2015-12-22
0,0,0,0,0,0,0,0,0,0,0,0,0,2015-12-23
0,0,0,0,0,0,0,0,0,0,0,0,0,2015-12-24
0,0,0,0,0,0,0,0,0,0,0,0,0,2015-12-25
0,0,0.01,0,0,0,0,0,0,0,0,0,0.01,2015-12-26
0.04,0.03,0.08,0.19,0.03,0.03,0.03,0.3,0.03,0.04,0.16,0.36,0.15,2015-12-27
0.04,0.03,0.08,0.19,0.03,0.03,0.03,0.3,0.03,0.04,0.16,0.36,0.15,2015-12-28
0,0,0.08,0,0,0,0,0,0,0,0,0,0,2015-12-29
0,0,0,0,0,0,0,0,0,0,0,0,0,2015-12-30
0,0,0,0,0,0,0,0,0,0,0,0,0,2015-12-31
0,0,0,0,0,0,0,0,0,0,0,0,0,2016-01-01
0.61,0.58,0,0.83,0.57,0.69,0.53,0.54,0.69,0.61,0.6,0.47,0.53,2016-01-02
0.62,0.58,0.11,0.83,0.57,0.69,0.54,0.54,0.69,0.61,0.6,0.51,0.53,2016-01-03
0.24,0.11,0.11,0.15,0.11,0.13,0.01,0.14,0.14,0.12,0.1,0.08,0.16,2016-01-04
0,0,0,0,0,0.56,0,0,0,0,0,0,0,2016-01-05
0.03,0.04,0.02,0.03,0,0.04,0.04,0.05,0.07,0.08,0.02,0.04,0.1,2016-01-06
0.03,0.04,0.02,0.03,0,0.04,0.04,0.05,0.07,0.08,0.02,0.04,0.1,2016-01-07
0,0,0,0,0,0,0,0,0,0,0,0,0,2016-01-08
0,0,0,0,0,0,0,0,0,0,0,0,0,2016-01-09
0,0,0,0,0,0,0,0,0,0,0,0,0,2016-01-10
0,0,0,0,0,0,0,0,0,0,0,0,0,2016-01-11
0,0,0,0,0,0,0,0,0,0,0,0,0,2016-01-12
0,0,0,0,0,0,0,0,0,0,0,0,0,2016-01-13
0,0,0,0,0,0,0,0,0,0,0,0,0,2016-01-14
0,0,0,0,0,0,0,0,0,0,0,0,0,2016-01-15
0,0,0,0,0,0,0,0,0,0,0,0,0,2016-01-16
0,0,0,0,0,0,0,0,0,0,0,0,0,2016-01-17
0,0,0,0,0,0,0,0,0,0,0,0,0,2016-01-18
0,0,0,0,0,0,0,0,0,0,0,0,0,2016-01-19
0,0,0,0,0,0,0,0,0,0,0,0,0,2016-01-20
0,0,0,0,0,0,0,0,0,0,0,0,0,2016-01-21
0,0,0,0,0,0,0,0,0,0,0,0,0,2016-01-22
0,0,0,0,0,0,0,0,0,0,0,0,0,2016-01-23
0,0,0,0,0,0,0,0,0,0,0,0,0,2016-01-24
0,0,0,0,0,0,0,0,0,0,0,0,0,2016-01-25
0.01,0,0.04,0.12,0.1,0,0.05,0.05,0.05,0.02,0.22,0.02,0.01,2016-01-26
0,0,0,0,0,0,0,0,0,0,0,0,0,2016-01-27
0,0,0,0,0,0,0,0,0,0,0,0,0,2016-01-28
0,0,0,0,0,0,0,0,0,0,0,0,0,2016-01-29
0,0,0,0,0,0,0,0,0,0,0,0,0,2016-01-30
0,0,0,0,0,0,0,0,0,0,0,0,0,2016-01-31
0,0,0,0,0,0,0,0,0,0,0,0,0,2016-02-01
0,0,0,0,0,0,0,0,0,0,0,0,0,2016-02-02
0,0,0,0,0,0,0,0,0,0,0,0,0,2016-02-03
0,0,0,0,0,0,0,0,0,0,0,0,0,2016-02-04
0,0,0,0,0,0,0,0,0,0,0,0,0,2016-02-05
0,0,0,0,0,0,0,0,0,0,0,0,0,2016-02-06
0,0,0,0,0,0,0,0,0,0,0,0,0,2016-02-07
0,0,0,0,0,0,0,0,0,0,0,0,0,2016-02-08
0,0,0,0,0.49,0,0,0,0,0,0,0,0,2016-02-09
0,0,0,0,0.49,0,0,0,0,0,0,0,0,2016-02-10
0,0,0,0,0,0,0,0,0,0,0,0,0,2016-02-11
0,0,0,0,0,0,0,0,0,0,0,0,0,2016-02-12
0,0,0,0,0,0,0,0,0,0,0,0,0,2016-02-13
0,0,0,0,0,0,0,0,0,0,0,0,0,2016-02-14
0,0,0,0,0,0,0,0,0,0,0,0,0,2016-02-15
0,0,0,0,0,0,0,0,0,0,0,0,0,2016-02-16
0,0,0,0,0,0,0,0,0,0,0,0,0,2016-02-17
0,0.53,0,0,0,0,0,0,0,0,0,0,0,2016-02-18
0,0.53,0,0,0,0,0,0,0,0,0,0,0,2016-02-19
0,0,0,0,0,0,0,0,0,0,0,0,0,2016-02-20
0,0,0,0,0,0,0,0,0,0,0,0,0,2016-02-21
0,0,0.16,0.1,0,0,0.06,0,0,0.02,0,0,0,2016-02-22
1.83,0.77,1.13,1.47,1.17,1.6,1.04,1.79,1.68,1.52,1.02,1.66,1.92,2016-02-23
0,0,0,0,0,0,0,0,0,0,0,0,0,2016-02-25
0,0,0,0,0,0,0,0,0,0,0,0,0,2016-02-26
0,0,0,0,0,0,0,0,0,0,0,0,0,2016-02-27
0,0,0,0,0,0,0,0,0,0,0,0,0,2016-02-28
0,0,0,0,0,0,0,0,0,0,0,0,0,2016-02-29
0,0,0,0,0,0,0,0,0,0,0,0,0,2016-03-01
0,0,0,0,0,0,0,0,0,0,0,0,0,2016-03-02
0,0,0,0,0,0,0,0,0,0,0,0,0,2016-03-03
0,0,0,0,0,0,0,0,0,0,0,0,0,2016-03-04
0,0,0,0,0,0,0,0,0,0,0,0,0,2016-03-05
0,0,0,0,0,0,0,0,0,0,0,0,0,2016-03-06
0,0,0,0,0,0,0,0.03,0,0,0,0,0.09,2016-03-07
0,0,0,0,0,0,0,0.03,0,0,0,0,0.09,2016-03-08
0.25,0.22,0.28,0.99,1.24,0.38,1.3,0.55,0.33,0.27,0.34,0.35,1.92,2016-03-09
0.71,0.37,0.82,0.99,1.24,0.38,1.3,0.55,0.65,0.32,0.34,0.39,1.92,2016-03-10
0.71,0.37,0.85,0.21,0.59,0.12,0.49,0.21,0.65,0.32,0.29,0.46,0.22,2016-03-11
0,0,0,0.21,0.64,0.12,0.01,0,0,0,0.01,0.01,0,2016-03-12
0,0,0,0.02,0.02,0,0,0,0,0,0.01,0,0,2016-03-13
0,0,0.52,0,0.02,0,0,0,0,0,0,0,0,2016-03-14
0,0,0.52,0,0,0,0,0,0,0,0,0,0,2016-03-15
0,0,0,0,0,0,0,0,0,0,0,0,0,2016-03-16
0,0,0,0,0,0,0,0,0,0,0,0,0,2016-03-17
0,0,0,0,0,0,0,0,0,0,0,0,0,2016-03-18
0.57,0.52,0.04,0.16,0.11,0.1,0.3,0.74,0.11,0.67,0.35,0.59,0.32,2016-03-19
0.57,0.52,0.04,0.16,0.11,0.1,0.3,0.74,0.11,0.67,0.35,0.59,0.32,2016-03-20
0,0,0,0,0,0.01,0,0,0,0,0.01,0,0,2016-03-21
0,0,0,0,0,0,0,0,0,0,0,0,0,2016-03-22
0,0,0,0,0,0,0,0,0,0,0,0,0,2016-03-23
0,0,0,0.45,0,0.04,0,0.05,0.09,0,0,0.02,0.01,2016-03-24
0,0,0,0.45,0,0.04,0,0.05,0.09,0,0,0.02,0.01,2016-03-25
0,0,0,0,0,0,0,0,0,0,0,0,0,2016-03-26
0,0,0,0,0,0,0,0,0,0,0,0,0,2016-03-27
0,0,0,0,0,0,0,0,0,0,0,0,0,2016-03-28
0,0,0,0,0,0,0,0,0,0.52,0,0,0,2016-03-29
0,0.01,0,0,0,0,0,0,0,0.52,0,0,0.03,2016-03-30
0,0.01,0,0,0,0,0,0,0,0.02,0,0,0.03,2016-03-31
0.04,0.38,0.2,0.06,0,0,0,0.63,0,0,0.5,0.43,0.08,2016-04-01
0.04,0.38,0.2,0.06,0,0,0,0.63,0,0,0.5,0.43,0.08,2016-04-02
0,0.07,0,0,0,0,0,0,0,0,0.03,0,0,2016-04-03
0,0,0,0,0,0,0,0,0,0,0,0,0,2016-04-04
0,0,0,0,0,0,0,0,0,0,0,0,0,2016-04-05
0,0,0,0,0,0,0,0,0,0,0,0,0,2016-04-06
0,0,0,0,0,0,0,0,0,0,0,0,0,2016-04-07
0,0,0,0,0,0,0,0,0,0,0,0,0,2016-04-08
0,0,0,0,0,0,0,0,0,0,0,0,0,2016-04-09
0,0,0,0,0,0.02,0,0,0,0,0,0,0,2016-04-10
1.2,0.04,0.09,0.28,0.02,0.29,0.2,0.02,0.56,0.81,0.05,0,0.02,2016-04-11
1.2,0.04,0.09,0.28,0.02,0.29,0.2,0.02,0.56,0.81,0.05,0.02,0.02,2016-04-12
1.09,0.36,0.34,1.18,0.88,1.42,1.27,1.81,1.4,1.1,0.35,2.39,1.65,2016-04-13
1.09,0.36,0.34,1.18,0.88,1.42,1.27,1.81,1.4,1.1,0.35,2.39,1.65,2016-04-14
0,0.07,0,0.59,0,0.01,0,0,0,0,0.04,0,0,2016-04-15
0,0,0,0,0,0.01,0,0,0,0.01,0,0,0.01,2016-04-16
1.06,0.69,0.91,0.15,0,0,0,0.5,0,0.01,1.02,0.64,0.81,2016-04-17
1.06,0.84,1.97,0.15,0.59,0,0.54,1.04,0.3,0.02,1.37,1.63,0.81,2016-04-18
0.25,0.84,1.97,0.06,0.59,0,0.54,1.04,0.3,0.02,1.37,1.63,0.77,2016-04-19
0,0.03,0,0.01,0,0,0,0,0,0,0.01,0,0,2016-04-20
0,0,0,0,0,0,0,0.01,0,0,0,0,0,2016-04-21
0,0,0,0,0,0,0,0.01,0,0,0,0,0,2016-04-22
0,0,0,0,0,0,0,0,0,0,0,0,0,2016-04-23
0.28,0.11,0.11,0,0.03,0.08,0.12,0,0.15,0.13,0.05,0.02,0,2016-04-24
0.28,0.11,0.11,0,0.03,0.08,0.12,0,0.15,0.13,0.05,0.02,0,2016-04-25
0,0,0,0,0,0.03,0,0,0,0,0.02,0,0,2016-04-26
0,0,0,0.09,0.19,0,0,0.63,0,0,0.18,0.13,0.35,2016-04-27
0,0,0,0.09,0.19,0,0,0.63,0,0,0.18,0.13,0.35,2016-04-28
0,0,0,0,0,0,0,0,0,0,0.01,0,0,2016-04-29
0.57,0.58,0.69,0.04,0.08,0.16,0.3,0.15,0.38,0.23,1.05,0.01,0.53,2016-04-30
0.57,0.58,0.69,0.04,0.08,0.16,0.3,0.15,0.38,0.23,1.05,0.01,0.53,2016-05-01
0,0.02,0,0.01,0,0.01,0,0,0.03,0,0,0.04,0,2016-05-02
0,0,0,0,0,0.01,0,0,0.03,0,0,0.04,0,2016-05-03
0,0,0,0,0,0,0,0,0,0,0,0,0,2016-05-04
0,0,0,0,0,0,0,0,0,0,0,0,0,2016-05-05
0,0,0,0,0,0,0,0,0,0,0,0,0,2016-05-06
0,0,0,0,0,0,0,0,0,0,0,0,0,2016-05-07
0,0,0,0,0,0.03,0,0,0,0,0,0,0,2016-05-08
0,0,0,0,0,0.03,0,0,0,0,0,0,0,2016-05-09
0,0,0,0,0,0.03,0,0,0,0,0,0,0,2016-05-10
4.63,0,0,0,0,0,0,0,0.56,0,0,0.54,0,2016-05-11
4.63,0,0,0,0,0,0,0,0.56,0,0,0.54,0,2016-05-12
4.63,0,0,0,0,0,0,0,0,0,0,0,0,2016-05-13
4.63,1.61,0.12,1.42,3.63,1.85,1.59,1.38,1.52,2.72,2.09,0.71,0.28,2016-05-14
4.63,1.61,0.12,1.42,3.63,1.85,1.59,1.38,1.52,2.72,2.09,0.71,0.28,2016-05-15
4.63,0.04,0,0.22,0,0.33,0.09,0.05,0.11,0.31,0,0,0.16,2016-05-16
0.73,0.04,0,0.06,0,0.04,0.02,0.05,0.03,0,0,0,0.1,2016-05-17
0.27,0.03,0.55,0.03,0,0.14,0.09,0.07,0,0.57,0,0,0.11,2016-05-18
0.95,0.71,0.69,2.3,1.26,2.33,0.95,1.11,0.93,0.74,0.91,1.03,0.99,2016-05-19
0.95,0.71,0.69,2.3,1.26,2.33,0.95,1.11,0.93,0.74,0.91,1.03,0.99,2016-05-20
0,0,0,0,0,0,0,0,0,0.06,0,0,0,2016-05-21
0,0,0,0,0,0,0,0,0,0.06,0,0,0,2016-05-22
0,0,0,0,0,0,0,0,0,0,0,0,0,2016-05-23
0,0,0,0,0,0,0,0,0,0,0,0,0,2016-05-24
0,0,0,0,0,0,0,0,0,0,0,0,0,2016-05-25
0,0,0,0,0,0,0,0,0,0,0,0,0,2016-05-26
0,0,0,0,0,0,0,0,0,0,0,0,0,2016-05-27
0,0,0,0,0,0,0,0,0,0,0,0,0,2016-05-28
0.07,1.22,2.21,1.42,1.34,2.36,1.02,1.56,0.56,0.61,1.95,5.87,3.04,2016-05-29
0.12,1.22,2.21,1.42,1.34,2.36,1.02,1.56,0.56,0.61,1.95,5.87,3.04,2016-05-30
0.12,0.27,0.04,0.29,0.29,0.05,0.16,1.4,0.31,0.22,0.02,0.87,1.24,2016-05-31
0,0.27,0,0.29,0.29,0.05,0.16,1.41,0,0.16,0.02,0.87,1.24,2016-06-01
1.98,1.01,1,2.02,1.35,2.43,1.73,0.43,1.43,0.1,1.23,0.41,1.03,2016-06-02
1.98,1.01,1,2.06,1.35,2.43,1.73,0.44,1.43,0.23,1.23,0.41,1.03,2016-06-03
0.06,0.04,0.08,0.3,0.05,0.08,0.03,0.33,0.22,0.23,0.03,0,0.21,2016-06-04
0,0,0,0,0,0,0,0.04,0,0,0,0,0,2016-06-06
0,0,0,0,0,0,0,0.04,0,0,0,0,0,2016-06-07
0,0,0,0,0,0,0,0.03,0,0,0,0,0,2016-06-08
0,0,0,0,0,0,0,0,0,0,0,0,0,2016-06-17
0,0,0,0,0,0,0,0,0,0,0,0,0,2016-06-18
0,0,0,0,0,0,0,0,0,0,0.02,0.06,0,2016-06-19
0,0,0,0,0,0,0,0,0,0,0.02,0.06,0,2016-06-20
0,0,0,0,0,0,0,0,0,0,0,0,0,2016-06-21
0,0,0,0,0,0,0,0,0,0,0,0,0,2016-06-22
0,0,0,0,0,0,0,0,0,0,0,0,0,2016-06-23
0,0,0,0,0,0,0,0,0,0,0,0,0,2016-06-24
0,0.07,0,0.23,0.31,0.37,0.09,0.1,0,0,0.01,0.03,0.03,2016-06-25
0,0.14,0,0.23,0.31,0.37,0.09,0.1,0,0,0.01,0.03,0.03,2016-06-26
0,0,0,0.04,0.03,0.04,0.6,0.42,0,0,0,0,0.49,2016-06-27
0,0,0,0,0,0,0.6,0.16,0,0,0,0,0.49,2016-06-28
0.02,0.86,0.82,0,0.23,0,0.04,1.23,0.02,0,0.94,0.39,0.28,2016-06-29
0.02,0.86,0.82,0,0.23,0,0.04,1.23,0.02,0,0.94,0.39,0,2016-06-30
0,0,0.03,0,0.05,0,0,0,0,0,0,0,0,2016-07-01
0,0,0,0,0.04,0,0,0,0,0,0,0,0,2016-07-02
0,0,0,0,0,0,0,0,0,0,0,0,0,2016-07-03
0,0,0,0,0,0,0,0,0,0,0,0,0,2016-07-04
0,0,0,0,0,0,0,0,0,0,0,0,0,2016-07-05
0,0,0,0,0,0,0,0,0,0,0,0,0,2016-07-06
0,0,0,0,0,0,0,0,0,0,0,0,0,2016-07-07
0,0,0,0,0,0,0,0,0,0,0,0,0,2016-07-08
0,0,0,0,0,0,0,0,0,0,0,0,0,2016-07-09
0,0,0,0,0,0,0,0,0,0,0,0,0,2016-07-10
0,0,0,0,0,0,0,0,0,0,0,0,0,2016-07-11
0,0,0,0,0,0,0,0,0,0,0,0,0,2016-07-12
0,0,0,0,0,0,0,0,0,0,0.55,0,0,2016-07-13
0,0,0,0,0,0,0,0,0,0,0.55,0,0,2016-07-14
0,0,0,0,0,0,0,0,0,0,0.01,0,0,2016-07-15
0,0,0,0,0,0,0,0,0,0,0,0,0,2016-07-16
0,0,0,0,0,0,0,0,0,0,0,0,0,2016-07-17
0,0,0,0,0,0,0,0,0,0,0,0,0,2016-07-18
0,0,0,0,0,0,0,0,0,0,0,0,0,2016-07-19
0,0,0,0,0,0,0,0,0,0,0,0,0,2016-07-20
0,0,0,0,0,0,0,0,0,0,0,0,0,2016-07-21
0,0,0,0,0,0,0,0,0,0,0,0,0,2016-07-22
0,0,0,0,0,0,0,0,0,0,0,0,0,2016-07-23
0,0,0,0,0,0,0,0,0,0,0,0,0,2016-07-24
0,0,0,0,0,0,0,0,0,0,0,0,0,2016-07-25
0.02,0.07,0.08,0.02,0.41,0.18,0.07,0.94,0.01,0.04,2.13,0.7,0.2,2016-07-26
0.26,0.28,0.21,0.19,0.93,1.05,0.07,0.94,0.07,0.85,2.13,0.7,0.2,2016-07-27
0.26,0.28,0.21,0.19,0.93,1.05,0.29,0.19,0.07,0.85,0.03,0,0,2016-07-28
0.18,0,0.03,0,0.08,0.22,0.29,0.2,0.05,0.77,0.01,0,0.05,2016-07-29
0.01,0,0,0,0.04,0.03,0,0.03,0,0,0,0,0.05,2016-07-30
0,0,0,0,0,0,0,0,0,0,0,0,0,2016-07-31
0,0,0,0,0,0,0,0,0,0,0,0,0,2016-08-01
0,0,0,0,0,0,0,0,0,0,0,0,0,2016-08-02
0,0,0,0,0,0,0,0,0,0,0,0,0,2016-08-03
0,0,0,0,0,0,0,0,0,0,0,0,0,2016-08-04
0,0,0,0,0,0,0,0,0,0,0,0,0,2016-08-05
0,0,0,0,0,0,0,0,0,0,0,0,0,2016-08-06
0,0,0,0,0,0,0,0,0,0,0,0,0,2016-08-07
0,0,0,0,0,0,0,0,0,0,0,0,0,2016-08-08
0,0,0,0,0,0,0,0,0,0,0,0,0,2016-08-09
0,0,0,0,0,0,0,0,0,0,0,0,0,2016-08-10
0,0,0,0,0,0,0,0,0,0,0,0,0,2016-08-11
0,0,0,0,0,0,0,0,0,0,0,0,0,2016-08-12
0.79,0.88,0.88,0.03,0.07,0.08,0.05,0.15,0.21,0.05,0.49,2.22,0.06,2016-08-13
0.79,0.88,0.88,0.03,0.63,0.08,1.78,1.3,1.17,0.79,2.37,2.22,0.06,2016-08-14
0.71,0.51,0.1,0.24,0.64,0.4,1.79,1.31,1.17,0.82,2.38,0.59,0.92,2016-08-15
0.28,2.18,0.12,0.39,0.47,1.72,1.23,0.72,0.23,0.81,1.95,0.71,0.92,2016-08-16
0.27,2.18,0.2,0.39,0.47,1.72,1.23,0.37,0.47,0.81,1.95,0.71,0.16,2016-08-17
0.05,0,0.2,0.04,0.34,1.11,0.52,0,0.47,0.36,0.12,0,0,2016-08-18
0,0,0.01,0.04,0,0.04,0,0,0,0,0,0,0,2016-08-19
0.71,3.22,3.13,1.06,1.2,1.56,1.02,0.95,1.4,0.97,2.92,1.23,1.26,2016-08-20
0.71,3.22,3.13,1.06,1.2,1.78,1.02,0.95,1.4,0.97,2.92,1.23,1.26,2016-08-21
0,0,0.16,1.02,0.06,1.78,0.03,0.12,0,0.09,0,0.01,0.08,2016-08-22
0,0,0.16,0.04,0,0.04,0,0.12,0,0.05,0,0.01,0.08,2016-08-23
0,0,0,0,0,0,0,0,0,0,0,0,0,2016-08-24
0,0,0,0,0,0,0,0,0,0,0,0,0,2016-08-25
0,0,0,0,0,0,0,0,0,0,0,0,0,2016-08-26
0,0,0,0,0,0,0,0,0,0,0,0,0,2016-08-27
0,0.09,0,0,0,0,0,0,0,0,1.23,0,0,2016-08-28
0.66,0.29,0.22,0.06,0,0.04,0,0,0.01,0.43,1.23,0.21,0.01,2016-08-29
0.66,0.15,0.35,0.23,0.07,0.51,0.03,0.06,0.11,0.43,0.02,0.21,0.19,2016-08-30
0,0.34,1,0.23,0,0.05,0,0.06,0.11,0.13,0.37,0.47,0.19,2016-08-31
0,0.34,1,0.04,0,0.15,0.03,0.04,0,0.13,0.37,0.47,0.38,2016-09-01
1.05,0,2.51,0.11,0,0.05,0.18,0.31,0.06,0.07,0.03,0.03,0.38,2016-09-02
1.05,0,2.51,0.11,0,0.05,0.18,0.31,0.06,0.07,0.02,0.03,0.02,2016-09-03
0.08,0,0,0.02,0,0.05,0.16,0,0,0,0,0,0.28,2016-09-04
0.12,0,0,0.05,0,0.1,0,0.09,0,0,0,0,0.28,2016-09-05
0.12,0.03,0,0.05,0,0.1,0,0.09,0,0,0,0,0.14,2016-09-06
0.04,0.03,0,0.04,0,0,0,0,0,0,0,0,0,2016-09-07
0,0,0,0,0,0,0,0,0,0,0,0,0,2016-09-08
0,0,0,0,0,0,0,0,0,0,0,0,0,2016-09-09
0,0.1,0,0,0,0,0,0,0,0.01,0,0,0,2016-09-10
0,0.1,0,0,0,0,0,0,0,0.01,0,0,0,2016-09-11
0,0.01,0,0,0.51,0,0,0,0,0,0,0,0,2016-09-12
1.84,1.91,2.32,0,0.51,0.6,0.64,1.19,0.63,0.92,1.9,1.18,1.38,2016-09-13
1.84,1.91,2.32,0.03,0.41,0.6,0.76,1.19,0.63,0.92,1.94,1.18,1.38,2016-09-14
0.47,0.33,0.05,0.03,0.33,0.04,0.76,0.66,0,0.23,1.94,0.02,0.72,2016-09-15
0,0,0,0.02,0,0,0,0,0,0,0,0,0,2016-09-16
0,0,0,0,0,0,0,0,0,0,0,0,0,2016-09-17
0,0,0,0,0,0,0,0,0,0,0,0,0,2016-09-18
0,0,0,0,0,0,0,0,0,0,0,0,0,2016-09-19
0,0,0,0,0,0,0,0,0,0,0,0,0,2016-09-20
0,0,0,0,0,0,0,0,0,0,0,0,0,2016-09-21
0,0,0,0,0,0,0,0,0,0,0,0,0,2016-09-22
0,0,0,0,0,0,0,0,0,0,0,0,0,2016-09-23
0,0,0,0,0,0,0,0,0,0,0,0,0,2016-09-24
1.38,4.41,4.18,0.17,1.44,1.65,2.44,2.21,1.14,0.99,2.51,1.95,1.5,2016-09-25
1.38,4.41,4.18,0.23,1.44,1.65,2.44,2.21,1.14,0.99,2.51,1.95,1.5,2016-09-26
0.1,0.16,0.11,0.23,0.03,0.21,0.06,0.12,0.44,0.06,0.46,0.17,0.47,2016-09-27
0,0,0.01,0,0,0,0,0,0,0,0,0,0,2016-09-28
0,0,0,0,0,0,0,0,0,0,0,0,0,2016-09-29
0,0,0,0,0,0.57,0,0,0,0,0,0,0,2016-09-30
0,0,0,0,0,0.57,0,0,0,0,0,0,0,2016-10-01
0,0,0,0,0,0,0,0,0,0,0,0,0,2016-10-02
0,0,0,0,0,0,0,0,0,0,0,0,0,2016-10-03
0,0,0,0,0,0,0,0,0,0,0,0,0,2016-10-04
0,0,0,0,0,0,0,0,0,0,0,0,0,2016-10-05
0,0,0,0,0,0,0,0,0,0,0,0,0,2016-10-06
0,0,0,0,0,0,0,0,0,0,0,0,0,2016-10-07
0,0,0,0,0,0,0,0,0,0,0,0,0,2016-10-10
0,0,0,0,0,0,0,0,0,0,0,0,0,2016-10-11
0,0,0,0,0,0,0,0,0,0,0,0,0,2016-10-12
0,0,0,0,0,0,0,0,0,0,0,0,0,2016-10-13
0,0,0,0,0,0,0,0,0,0,0,0,0,2016-10-14
0,0,0,0,0,0,0,0,0,0,0,0,0,2016-10-15
0,0,0,0,0,0,0,0,0,0,0,0,0,2016-10-16
0,0,0,0,0,0,0,0,0,0,0,0,0,2016-10-17
0,0,0,0,0,0,0,0,0,0,0,0,0,2016-10-18
0,0,0,0,0,0,0,0,0,0,0,0,0,2016-10-19
0,0,0,0,0,0,0,0,0.01,0.12,0,0,0,2016-10-20
0,0,0,0,0,0,0,0,0.01,0.12,0,0,0,2016-10-21
0,0,0,0,0,0,0,0,0,0,0,0,0,2016-10-22
0,0,0,0,0,0,0,0,0,0,0,0,0,2016-10-23
0,0,0,0,0,0,0,0,0,0,0,0,0,2016-10-24
0,0,0,0,0,0,0,0,0,0,0,0,0,2016-10-25
0,0,0,0,0,0,0,0,0,0,0,0,0,2016-10-26
0,0,0,0,0,0,0,0,0,0,0,0,0,2016-10-27
0,0,0,0,0,0,0,0,0,0,0,0,0,2016-10-28
0,0,0,0,0,0,0,0,0,0,0,0,0,2016-10-29
0,0,0,0,0,0,0,0,0,0,0,0,0,2016-10-30
0,0,0,0,0,0,0,0,0,0,0,0,0,2016-10-31
0,0,0,0,0,0,0,0,0,0,0,0,0,2016-11-01
0.01,0,0,0,0,0,0,0,0,0,0,0,0,2016-11-02
0.65,0.32,0.23,0.21,0.56,0.5,0.83,0.17,0.72,1.07,0.29,0.1,0.56,2016-11-03
0.95,0.39,0.23,0.21,0.56,0.5,0.83,0.17,0.86,1.07,0.35,0.1,0.56,2016-11-04
0.95,0.39,0,0.13,0.42,0.46,0.83,0.07,0.86,0.55,0.35,0.07,0.05,2016-11-05
0,0.01,0.05,0.04,0.01,0,0,0.07,0,0.01,0.01,0,0.13,2016-11-06
0,0,0.05,0,0.01,0,0,0,0,0.01,0.01,0,0.13,2016-11-07
0.59,0.05,0.03,0.01,0.06,0.52,0.01,0,0,0.46,0.03,0.08,0.01,2016-11-08
0.59,0.33,0.33,0.08,0.06,0.52,0.03,0.19,0.26,0.46,0.22,0.14,0.09,2016-11-09
0.32,0.36,0.33,0.08,0.02,0.08,0.03,0.19,0.26,0.21,0.22,0.14,0.09,2016-11-10
0.14,0.07,0.11,0.15,0,0.04,0.03,0.07,0.04,0.01,0.03,0.08,0.02,2016-11-11
0,0,0.01,0.15,0,0.04,0,0,0,0,0,0,0,2016-11-12
0,0,0.01,0,0,0,0,0,0,0,0,0,0,2016-11-13
0.59,0,0.01,0,0,0,0,0,0.25,0.52,0,0,0,2016-11-14
0.59,0,0,0,0,0,0,0,0.25,0.52,0,0,0,2016-11-15
0,0.53,0.61,0,0,0,0,0,0.1,0,0,0.28,0,2016-11-16
0,0.53,0.61,0,0,0,0,0,0,0,0,0.28,0,2016-11-17
0,0,0.01,0,0,0,0,0,0,0,0,0.01,0,2016-11-18
0,0,0,0,0,0,0,0,0,0,0,0,0,2016-11-19
0,0,0,0,0,0,0,0,0,0,0,0,0,2016-11-20
0,0,0,0,0,0,0.51,0.61,0,0,0,0,0.62,2016-11-21
0,0,0,0,0,0,0.51,0.61,0,0,0,0,0.62,2016-11-22
0,0,0,0,0,0,0,0,0,0,0,0,0.04,2016-11-23
0,0,0,0,0,0,0,0,0,0,0,0,0.02,2016-11-24
0,0.01,0,0,0,0,0,0,0,0,0,0,0.01,2016-11-25
0,0.38,0,0,0,0,0.27,0,0.02,0,0,0,0,2016-11-26
0,0.38,0,0,0,0,0.27,0,0.02,0,0,0,0,2016-11-27
0,0.05,0,0,0,0,0,0,0,0,0,0,0,2016-11-28
0,0.02,0,0,0,0,0,0,0,0,0,0,0,2016-11-29
0,0,0,0.54,0,0,0,0,0,0,0,0,0,2016-11-30
0,0,0,0.54,0,0,0,0,0,0,0,0,0,2016-12-01
0,0.18,0.35,0.13,0.09,0.05,0.03,0.19,0,0.05,0.01,0.01,0.35,2016-12-02
0,1.78,1.6,0.13,2.26,1.75,1.11,1.01,1.38,0.9,1.65,0.86,1.04,2016-12-03
0,1.78,1.6,0.63,2.26,1.75,1.11,1.01,1.38,0.9,1.65,0.86,1.04,2016-12-04
0,1.13,1.32,1.25,1.14,1.18,0.75,0.71,0.95,0.71,1.1,0.37,0.71,2016-12-05
0,1.13,1.32,1.25,1.14,1.18,0.6,0.25,0.95,0.38,1.1,0.37,0.23,2016-12-06
0,0,0,0.01,0,0,0,0,0,0,0,0,0,2016-12-07
0,0,0,0,0,0,0,0,0,0,0,0,0,2016-12-08
0,0,0,0,0,0,0,0,0,0,0,0,0,2016-12-09
0,0,0,0,0,0,0,0,0,0,0,0,0,2016-12-10
0.01,0.02,0.01,0.02,0,0.03,0.03,0.05,0.03,0.02,0.03,0,0.06,2016-12-11
0.01,0.02,0.01,0.02,0,0.03,0.03,0.05,0.03,0.02,0.03,0,0.06,2016-12-12
0.01,0,0.01,0,0,0,0,0,0,0,0.01,0,0,2016-12-13
0.01,0,0,0,0,0,0,0,0,0,0,0,0,2016-12-14
0.01,0,0,0,0,0,0,0,0,0,0,0,0,2016-12-15
0,0.02,0.01,0,0,0,0,0,0,0.01,0,0,0,2016-12-16
0,0.02,0.01,0,0,0,0,0,0,0.02,0,0,0.01,2016-12-17
0,0,0,0,0,0,0,0,0,0.02,0,0,0,2016-12-19
0,0,0,0,0,0,0,0,0,0.02,0,0,0,2016-12-20
0,0,0,0,0,0,0,0,0,0.02,0,0,0,2016-12-21
0,0,0,0,0,0,0,0,0,0.01,0,0,0,2016-12-22
0,0,0,0,0,0,0,0,0,0,0,0,0,2016-12-23
0,0,0,0,0,0,0,0,0,0,0,0,0,2016-12-24
0,0,0,0,0,0,0,0,0,0,0,0,0,2016-12-25
0,0,0,0,0,0,0,0,0,0,0,0,0,2016-12-26
0,0,0,0,0,0,0,0,0,0,0,0,0,2016-12-27
0,0,0,0,0,0,0,0,0,0,0,0,0,2016-12-28
0,0,0,0,0,0,0,0,0,0,0,0,0,2017-01-05
0,0,0,0,0,0,0,0,0,0,0,0,0,2017-01-06
0,0,0,0,0,0,0,0,0,0,0,0,0,2017-01-07
0,0,0,0,0,0,0,0,0,0,0,0,0,2017-01-08
0,0,0,0,0,0,0,0,0,0,0,0,0,2017-01-09
0,0,0,0,0,0,0,0,0,0,0,0,0,2017-01-10
0,0,0,0,0,0,0,0,0,0,0,0,0,2017-01-11
0,0,0,0,0,0,0,0,0,0,0,0,0,2017-01-12
0,0,0,0,0,0,0,0.02,0,0,0,0,0.04,2017-01-13
0.02,0,0.01,0,0,0,0,0.02,0,0,0,0,0.04,2017-01-14
0.04,0.05,0.05,0.02,0.01,0,0,0.02,0.01,0.01,0,0,0.02,2017-01-15
2.38,0.51,0.44,1,0.71,1.32,1.88,0.77,1.98,0.89,0.5,0.76,0.62,2017-01-16
2.38,0.84,0.44,1,0.71,1.32,1.88,0.77,1.98,0.89,0.5,0.76,0.62,2017-01-17
0,0.01,0.03,0,0.25,0,0,0.03,0.03,0.01,0.04,0.03,0.03,2017-01-18
0,0.01,0.03,0,0.25,0.01,0,0.03,0.03,0.01,0.04,0.03,0.03,2017-01-19
0,0,0.02,0,0,0.01,0,0,0,0,0.01,0.01,0,2017-01-20
0,0,0.01,0,0,0,0,0,0,0,0,0,0,2017-01-21
0,0,0,0,0,0,0,0,0,0,0,0,0,2017-01-22
0,0,0,0,0,0,0,0,0,0,0,0,0,2017-01-23
0,0,0,0,0,0,0,0,0,0,0,0,0,2017-01-24
0,0,0,0,0,0,0,0,0,0.56,0,0,0,2017-01-25
0,0,0,0,0,0,0,0,0,0.56,0,0,0,2017-01-26
0,0,0,0,0,0,0,0,0,0,0,0,0,2017-01-27
0.05,0,0,0.06,0.07,0.07,0.11,0.03,0.08,0.04,0.03,0.01,0.02,2017-01-28
0.05,0,0,0.06,0.07,0.07,0.11,0.03,0.08,0.04,0.03,0.01,0.02,2017-01-29
0,0,0,0,0,0,0,0,0,0,0.02,0,0,2017-01-30
0,0,0,0,0,0,0,0,0,0,0,0,0,2017-01-31
0,0,0,0,0,0,0,0,0,0,0,0,0,2017-02-01
0,0,0,0,0,0,0,0,0,0,0,0,0,2017-02-02
0,0,0,0,0,0,0,0,0,0,0,0,0,2017-02-03
0,0,0,0,0,0,0,0,0,0,0,0,0,2017-02-04
0,0,0,0,0,0,0,0,0,0,0,0,0,2017-02-05
0,0,0,0,0,0,0,0,0,0,0,0,0,2017-02-06
0,0,0,0,0,0,0,0,0,0,0,0,0,2017-02-07
0,0,0,0,0,0,0,0,0,0,0,0,0,2017-02-08
0,0,0,0,0,0,0,0,0,0,0,0,0,2017-02-09
0,0,0,0,0,0,0,0,0,0,0,0,0,2017-02-10
0,0,0,0,0,0,0,0,0,0,0,0,0,2017-02-11
0,0,0,0,0,0,0,0,0,0,0,0,0,2017-02-12
0.01,0,0,0,0,0,0,0,0,0,0,0,0,2017-02-13
0.38,0.69,0.57,0.39,0.22,0.47,0.18,0.63,0.44,0.18,0.91,0.97,0.63,2017-02-14
0.38,0.69,0.57,0.39,0.22,0.47,0.18,0.63,0.44,0.18,0.91,0.97,0.63,2017-02-15
0,0,0,0,0,0,0,0,0,0,0.01,0,0,2017-02-16
0,0,0,0,0,0,0,0,0,0,0,0,0,2017-02-17
0,0,0.01,0,0,0,0,0,0,0,0.02,0,0,2017-02-21
0,0,0.01,0,0,0,0,0,0,0,0.02,0,0,2017-02-22
0,0,0,0,0,0,0,0,0,0,0,0,0,2017-02-23
0,0,0,0,0,0,0,0,0,0,0,0,0,2017-02-24
0,0,0,0,0,0,0,0,0,0,0,0,0,2017-02-25
0,0,0,0,0,0,0,0,0,0,0,0,0,2017-02-26
0,0,0,0,0,0,0,0,0,0,0,0,0,2017-02-27
0,0,0,0,0,0,0,0,0,0,0,0,0,2017-02-28
0,0,0,0,0,0,0,0,0,0,0,0,0,2017-03-01
0,0,0,0,0,0,0,0,0,0,0,0,0,2017-03-02
0,0,0,0,0,0,0,0,0,0,0,0,0,2017-03-03
0.62,0.68,0.55,0.42,0.51,0.74,0.7,0.52,0.7,0.77,0.58,0.64,0.59,2017-03-04
0.63,0.7,0.55,0.42,0.51,0.75,0.71,0.52,0.71,0.77,0.59,0.64,0.59,2017-03-05
0.19,0.35,0.21,0.23,0.19,0.33,0.07,0.19,0.09,0.08,0.26,0.26,0.2,2017-03-06
0,0,0.06,0,0,0,0,0.01,0,0.01,0,0,0,2017-03-07
0,0,0,0,0,0,0,0,0,0,0,0,0,2017-03-08
0,0,0,0,0,0,0,0,0,0,0,0,0,2017-03-09
0,0,0,0,0,0,0,0,0,0,0,0,0,2017-03-10
0,0,0,0,0,0,0,0,0,0,0,0,0,2017-03-11
0,0,0,0,0,0,0,0,0,0,0,0,0,2017-03-12
0,0,0,0,0,0,0,0,0,0,0,0,0,2017-03-13
0,0,0,0,0,0,0,0,0,0,0,0,0,2017-03-14
0,0,0,0,0,0,0,0,0,0,0,0,0,2017-03-15
0,0,0,0,0,0,0,0,0,0,0,0,0,2017-03-16
0,0,0,0,0,0,0,0,0,0,0,0,0,2017-03-17
0,0,0,0,0,0,0,0,0,0,0,0,0,2017-03-18
0,0,0,0,0,0,0,0,0,0,0,0,0,2017-03-19
0,0,0,0,0,0,0,0,0,0,0,0,0,2017-03-20
0,0,0,0,0,0,0,0,0,0,0,0,0,2017-03-21
0,0,0,0,0,0,0,0,0,0,0,0,0,2017-03-22
0,0,0,0,0,0,0,0,0,0,0,0,0,2017-03-23
0,0,0,0,0,0,0,0.01,0,0,0.04,0,0,2017-03-24
0,0,0,0,0,0,0,0.01,0,0,0.01,0,0,2017-03-25
0,0,0,0,0,0,0,0,0,0,0,0,0,2017-03-26
0,0,0,0,0,0,0,0,0,0,0,0,0,2017-03-27
0,0,0,0,0,0,0,0,0,0,0,0,0,2017-03-28
0.91,0.3,0.21,0.36,0.61,0.97,0.73,0.75,0.62,0.64,0.41,0.25,1.27,2017-03-29
0.91,0.3,0.21,0.37,0.61,0.97,0.73,0.75,0.62,0.64,0.41,0.25,1.27,2017-03-30
0,0.03,0.03,0.14,0,0,0,0,0,0,0.01,0.01,0,2017-03-31
0,0,0,0.04,0,0,0,0,0,0,0,0,0,2017-04-01
3.43,3.05,2.25,0.06,1.58,1.3,2.5,2.22,3.2,2.54,2.74,2.55,1.87,2017-04-02
3.43,3.05,2.25,0.06,1.58,1.3,2.5,2.22,3.2,2.54,2.74,2.55,1.87,2017-04-03
0,0,0.01,0.06,0,0,0,0,0,0,0,0,0,2017-04-04
0,0,0,0.01,0,0,0,0,0,0,0,0,0,2017-04-05
0,0,0,0.7,0,0,0,0,0,0,0,0,0,2017-04-06
0,0,0,0.7,0,0,0,0,0,0,0,0,0,2017-04-07
0,0,0,0,0,0,0,0,0,0,0,0,0,2017-04-08
0,0,0,0,0,0,0,0,0,0,0,0,0,2017-04-09
0,0,0,0,0,0,0,0,0,0,0,0,0,2017-04-10
0,0,0,0.26,0.15,0.1,0.99,0.39,0,0.02,0.26,0.03,0.04,2017-04-11
0,0,0,0.26,0.15,0.1,0.99,0.39,0,0.02,0.26,0.03,0.04,2017-04-12
0,0,0,0.01,0.58,0.53,0.43,0.14,0,0.17,0,0.01,0.09,2017-04-13
0,0,0,0.01,0.58,0.53,0.43,0.14,0,0.17,0,0,0.09,2017-04-14
0,0,0,0,0,0,0,0,0,0,0,0,0,2017-04-15
0,0,0,0,0,0,0,0,0,0,0,0,0,2017-04-16
0,0.08,0,0,0,0,0,0,0,0,0,0,0,2017-04-17
461.57,642.68,428.71,241.18,278.1,184.48,480.64,601.29,462.12,643.12,601.08,106.7,104.45,2017-04-20
119.18,641.1,436.2,246.54,554.23,189.2,484.56,602.08,23.92,644.91,385.25,115.59,12.34,2017-04-21
128.57,653.9,442.53,251.82,654.46,203.71,487.75,602.35,32.72,648.23,393.24,173.17,5.7,2017-04-22
135.89,655.35,447.37,253.66,640.68,303.01,491.79,602.96,37.41,648.85,419.33,368.91,9.79,2017-04-23
156.9,19.22,452.64,258.35,242.87,433.33,496.55,604.18,28.65,652.8,505.82,393.07,110.1,2017-04-24
267.39,36.33,460.77,262.81,550.4,474.8,504.96,605.42,9.18,653.92,163.18,437.4,118.31,2017-04-25
293.61,44.24,465.04,265.33,653.23,647.7,509.29,606.61,14.28,655.26,168.65,454.81,122.78,2017-04-26
0,0,0,0,0,0.29,0,0,0,0,0,0,0,2017-04-27
0,0,0,0,0,0.09,0,0,0,0,0,0,0,2017-04-28
0,0,0,0,0,0,0,0,0,0,0,0,0,2017-04-29
0,0,0,0.02,0,0,0,0,0,0,0,0,0,2017-04-30
0,0,0,0.02,0,0,0,0,0,0,0,0,0,2017-05-01
0,0,0,0,0,0,0,0,0,0,0,0,0,2017-05-02
0,0,0,0,0,0,0,0,0,0,0,0,0,2017-05-03
0,0,0,0,0,0,0,0,0,0,0,0,0,2017-05-04
0,0,0,0,0,0,0,0,0,0,0,0,0,2017-05-05
